Sample	raw pair1	raw pair2	trimmed pair1	trimmed pair2	trimmed orphan1	trimmed orphan2	decontaminated hg37dec_v0.1 pair1	decontaminated hg37dec_v0.1 pair2	decontaminated hg37dec_v0.1 orphan1	decontaminated hg37dec_v0.1 orphan2	final pair1	final pair2	final orphan1	final orphan2
C101	24031228.0	24031228.0	23389438.0	23389438.0	434032.0	154543.0	22104003.0	22104003.0	564899.0	337167.0	22104003.0	22104003.0	564899.0	337167.0
C103	23039259.0	23039259.0	22485873.0	22485873.0	342267.0	156638.0	20814065.0	20814065.0	486044.0	317793.0	20814065.0	20814065.0	486044.0	317793.0
C104	25231096.0	25231096.0	24364146.0	24364146.0	615652.0	168374.0	22920587.0	22920587.0	656671.0	296038.0	22920587.0	22920587.0	656671.0	296038.0
C105	24610517.0	24610517.0	23949863.0	23949863.0	419474.0	170212.0	22368625.0	22368625.0	487524.0	275391.0	22368625.0	22368625.0	487524.0	275391.0
C106	23801210.0	23801210.0	23212522.0	23212522.0	377129.0	158852.0	21678444.0	21678444.0	495875.0	303340.0	21678444.0	21678444.0	495875.0	303340.0
C107	42314870.0	42314870.0	18922935.0	18922935.0	17567643.0	473946.0	10825047.0	10825047.0	5855357.0	126067.0	10825047.0	10825047.0	5855357.0	126067.0
C108	23327323.0	23327323.0	22620026.0	22620026.0	505593.0	152802.0	19703151.0	19703151.0	469081.0	176938.0	19703151.0	19703151.0	469081.0	176938.0
C109	23349166.0	23349166.0	21079537.0	21079537.0	1921334.0	196048.0	11189542.0	11189542.0	1296596.0	169128.0	11189542.0	11189542.0	1296596.0	169128.0
C110	27777154.0	27777154.0	20913013.0	20913013.0	6032258.0	217348.0	13816235.0	13816235.0	4352555.0	202345.0	13816235.0	13816235.0	4352555.0	202345.0
C111	24524125.0	24524125.0	23809585.0	23809585.0	485213.0	162707.0	22152190.0	22152190.0	594491.0	313517.0	22152190.0	22152190.0	594491.0	313517.0
C112	24473952.0	24473952.0	23874231.0	23874231.0	383302.0	169923.0	22514816.0	22514816.0	383550.0	210265.0	22514816.0	22514816.0	383550.0	210265.0
C113	23998514.0	23998514.0	23447623.0	23447623.0	342064.0	163546.0	22033991.0	22033991.0	434549.0	285160.0	22033991.0	22033991.0	434549.0	285160.0
C114	25815455.0	25815455.0	25157728.0	25157728.0	433810.0	177972.0	21131155.0	21131155.0	389225.0	207788.0	21131155.0	21131155.0	389225.0	207788.0
C115	24813308.0	24813308.0	24182612.0	24182612.0	400616.0	172430.0	23171118.0	23171118.0	450540.0	255264.0	23171118.0	23171118.0	450540.0	255264.0
C116	24319526.0	24319526.0	23488905.0	23488905.0	615685.0	155505.0	22377731.0	22377731.0	684588.0	264747.0	22377731.0	22377731.0	684588.0	264747.0
C117	20594116.0	20594116.0	19710682.0	19710682.0	703271.0	127073.0	18365800.0	18365800.0	748645.0	236068.0	18365800.0	18365800.0	748645.0	236068.0
C118	22872841.0	22872841.0	21144681.0	21144681.0	1425067.0	155789.0	19329844.0	19329844.0	1449844.0	214051.0	19329844.0	19329844.0	1449844.0	214051.0
C119	19987252.0	19987252.0	17194493.0	17194493.0	2470611.0	131483.0	15162068.0	15162068.0	2820187.0	142946.0	15162068.0	15162068.0	2820187.0	142946.0
C120	23323328.0	23323328.0	22717161.0	22717161.0	383120.0	160598.0	19785075.0	19785075.0	467923.0	272640.0	19785075.0	19785075.0	467923.0	272640.0
C121	21752705.0	21752705.0	21195862.0	21195862.0	299094.0	171219.0	19859272.0	19859272.0	397866.0	264401.0	19859272.0	19859272.0	397866.0	264401.0
C122	22751666.0	22751666.0	22153663.0	22153663.0	343612.0	177136.0	20827849.0	20827849.0	440823.0	278678.0	20827849.0	20827849.0	440823.0	278678.0
C123	21870489.0	21870489.0	21300144.0	21300144.0	324173.0	157003.0	20398556.0	20398556.0	423558.0	254133.0	20398556.0	20398556.0	423558.0	254133.0
C124	24064480.0	24064480.0	23397770.0	23397770.0	451412.0	148647.0	22556916.0	22556916.0	562466.0	280581.0	22556916.0	22556916.0	562466.0	280581.0
C125	23738537.0	23738537.0	23111785.0	23111785.0	429055.0	148957.0	22062374.0	22062374.0	557656.0	310631.0	22062374.0	22062374.0	557656.0	310631.0
C126	23059793.0	23059793.0	22517467.0	22517467.0	357871.0	133584.0	21451053.0	21451053.0	500037.0	282555.0	21451053.0	21451053.0	500037.0	282555.0
C127	24267006.0	24267006.0	23716076.0	23716076.0	342531.0	161273.0	22640662.0	22640662.0	492951.0	330275.0	22640662.0	22640662.0	492951.0	330275.0
C128	24364582.0	24364582.0	23756372.0	23756372.0	381150.0	166232.0	22925602.0	22925602.0	407231.0	211789.0	22925602.0	22925602.0	407231.0	211789.0
C129	23366800.0	23366800.0	22779377.0	22779377.0	358046.0	166775.0	21431687.0	21431687.0	493163.0	329168.0	21431687.0	21431687.0	493163.0	329168.0
C130	23648169.0	23648169.0	23041629.0	23041629.0	383290.0	154219.0	21549905.0	21549905.0	482996.0	292855.0	21549905.0	21549905.0	482996.0	292855.0
C131	24776345.0	24776345.0	24163593.0	24163593.0	376622.0	157377.0	22955810.0	22955810.0	516824.0	313729.0	22955810.0	22955810.0	516824.0	313729.0
C132	23358635.0	23358635.0	22722394.0	22722394.0	432864.0	154789.0	20745437.0	20745437.0	543027.0	300121.0	20745437.0	20745437.0	543027.0	300121.0
C133	21262802.0	21262802.0	20695846.0	20695846.0	362084.0	137908.0	19610748.0	19610748.0	479545.0	268944.0	19610748.0	19610748.0	479545.0	268944.0
C134	20896835.0	20896835.0	20221201.0	20221201.0	414007.0	196738.0	6832890.0	6832890.0	167569.0	102158.0	6832890.0	6832890.0	167569.0	102158.0
C135	23594477.0	23594477.0	23002734.0	23002734.0	349440.0	164476.0	21986850.0	21986850.0	453433.0	266865.0	21986850.0	21986850.0	453433.0	266865.0
C136	21403676.0	21403676.0	18549861.0	18549861.0	2187493.0	168726.0	16420752.0	16420752.0	2141873.0	169556.0	16420752.0	16420752.0	2141873.0	169556.0
C137	23182694.0	23182694.0	22587541.0	22587541.0	369704.0	173747.0	21140550.0	21140550.0	433156.0	265751.0	21140550.0	21140550.0	433156.0	265751.0
C138	26472811.0	26472811.0	24910401.0	24910401.0	1258505.0	218146.0	18976557.0	18976557.0	1019812.0	213486.0	18976557.0	18976557.0	1019812.0	213486.0
C139	20689119.0	20689119.0	19699783.0	19699783.0	792821.0	139003.0	18043372.0	18043372.0	837682.0	201527.0	18043372.0	18043372.0	837682.0	201527.0
C140	22455259.0	22455259.0	21888011.0	21888011.0	352563.0	148050.0	21049578.0	21049578.0	534879.0	324473.0	21049578.0	21049578.0	534879.0	324473.0
C141	23820149.0	23820149.0	23135717.0	23135717.0	411453.0	171086.0	22083632.0	22083632.0	446016.0	195870.0	22083632.0	22083632.0	446016.0	195870.0
C142	24143933.0	24143933.0	23445269.0	23445269.0	424245.0	168511.0	21334490.0	21334490.0	446933.0	198303.0	21334490.0	21334490.0	446933.0	198303.0
C143	21226520.0	21226520.0	20040971.0	20040971.0	868382.0	181929.0	11936482.0	11936482.0	606638.0	138687.0	11936482.0	11936482.0	606638.0	138687.0
C144	23735681.0	23735681.0	23080549.0	23080549.0	379298.0	168935.0	20479228.0	20479228.0	472239.0	272313.0	20479228.0	20479228.0	472239.0	272313.0
C145	23226647.0	23226647.0	22522626.0	22522626.0	422133.0	164219.0	21180475.0	21180475.0	453984.0	194862.0	21180475.0	21180475.0	453984.0	194862.0
C146	24766938.0	24766938.0	24080261.0	24080261.0	382871.0	194586.0	22818850.0	22818850.0	467270.0	267583.0	22818850.0	22818850.0	467270.0	267583.0
C147	24511283.0	24511283.0	23830366.0	23830366.0	386149.0	194603.0	16608546.0	16608546.0	317950.0	175528.0	16608546.0	16608546.0	317950.0	175528.0
C148	23741648.0	23741648.0	23041763.0	23041763.0	453979.0	159884.0	22545595.0	22545595.0	524586.0	213892.0	22545595.0	22545595.0	524586.0	213892.0
C149	24471956.0	24471956.0	23729817.0	23729817.0	466920.0	181102.0	17017557.0	17017557.0	409865.0	188818.0	17017557.0	17017557.0	409865.0	188818.0
C150	24701312.0	24701312.0	24069227.0	24069227.0	403093.0	151978.0	23150162.0	23150162.0	543076.0	287857.0	23150162.0	23150162.0	543076.0	287857.0
C151	24021676.0	24021676.0	23383782.0	23383782.0	383555.0	168636.0	22139338.0	22139338.0	541236.0	318343.0	22139338.0	22139338.0	541236.0	318343.0
C152	23561406.0	23561406.0	22934746.0	22934746.0	357971.0	170450.0	22163426.0	22163426.0	422428.0	228295.0	22163426.0	22163426.0	422428.0	228295.0
C153	21655943.0	21655943.0	21065299.0	21065299.0	345060.0	160271.0	19999485.0	19999485.0	374847.0	194440.0	19999485.0	19999485.0	374847.0	194440.0
C154	25531176.0	25531176.0	24855332.0	24855332.0	457392.0	157268.0	23483280.0	23483280.0	542968.0	281092.0	23483280.0	23483280.0	542968.0	281092.0
C155	24622655.0	24622655.0	24077471.0	24077471.0	316287.0	155318.0	22936604.0	22936604.0	446514.0	287909.0	22936604.0	22936604.0	446514.0	287909.0
C156	23790364.0	23790364.0	22987118.0	22987118.0	556146.0	142757.0	22039136.0	22039136.0	670371.0	245215.0	22039136.0	22039136.0	670371.0	245215.0
C157	24590411.0	24590411.0	23812332.0	23812332.0	524497.0	193825.0	15206907.0	15206907.0	357374.0	151974.0	15206907.0	15206907.0	357374.0	151974.0
C158	23814810.0	23814810.0	23173423.0	23173423.0	407061.0	165056.0	22256425.0	22256425.0	492413.0	268948.0	22256425.0	22256425.0	492413.0	268948.0
C159	24959975.0	24959975.0	24021270.0	24021270.0	628182.0	211418.0	22569848.0	22569848.0	684539.0	281279.0	22569848.0	22569848.0	684539.0	281279.0
C160	24009721.0	24009721.0	23347797.0	23347797.0	405896.0	180173.0	22222278.0	22222278.0	445731.0	222233.0	22222278.0	22222278.0	445731.0	222233.0
C161	22079620.0	22079620.0	21110631.0	21110631.0	674065.0	201900.0	11436135.0	11436135.0	386836.0	126561.0	11436135.0	11436135.0	386836.0	126561.0
C162	25170695.0	25170695.0	24576285.0	24576285.0	370201.0	166211.0	23516354.0	23516354.0	424154.0	231417.0	23516354.0	23516354.0	424154.0	231417.0
C163	23407422.0	23407422.0	22785140.0	22785140.0	382759.0	174504.0	21826203.0	21826203.0	470914.0	268749.0	21826203.0	21826203.0	470914.0	268749.0
C164	24161524.0	24161524.0	23526739.0	23526739.0	428489.0	157592.0	22997688.0	22997688.0	451230.0	209952.0	22997688.0	22997688.0	451230.0	209952.0
C165	24481919.0	24481919.0	23860718.0	23860718.0	378984.0	169699.0	23083648.0	23083648.0	440595.0	226205.0	23083648.0	23083648.0	440595.0	226205.0
C166	21406930.0	21406930.0	20384240.0	20384240.0	714923.0	181227.0	16023343.0	16023343.0	606384.0	159155.0	16023343.0	16023343.0	606384.0	159155.0
C167	20760636.0	20760636.0	20273341.0	20273341.0	283977.0	155253.0	17620961.0	17620961.0	325844.0	209049.0	17620961.0	17620961.0	325844.0	209049.0
C168	24315012.0	24315012.0	23735465.0	23735465.0	338393.0	158135.0	22565475.0	22565475.0	487191.0	310527.0	22565475.0	22565475.0	487191.0	310527.0
C169	23279145.0	23279145.0	22720396.0	22720396.0	307159.0	158035.0	21004502.0	21004502.0	429035.0	279567.0	21004502.0	21004502.0	429035.0	279567.0
C170	25278922.0	25278922.0	24575243.0	24575243.0	402873.0	203057.0	21258091.0	21258091.0	399774.0	222361.0	21258091.0	21258091.0	399774.0	222361.0
C171	24872458.0	24872458.0	24255197.0	24255197.0	329871.0	182225.0	22999723.0	22999723.0	472788.0	326364.0	22999723.0	22999723.0	472788.0	326364.0
C172	22897153.0	22897153.0	22282994.0	22282994.0	342757.0	164250.0	21073253.0	21073253.0	515925.0	324206.0	21073253.0	21073253.0	515925.0	324206.0
C173	22760781.0	22760781.0	22279272.0	22279272.0	288380.0	137812.0	21338384.0	21338384.0	465697.0	308258.0	21338384.0	21338384.0	465697.0	308258.0
C174	24822356.0	24822356.0	24301746.0	24301746.0	308745.0	167954.0	22891200.0	22891200.0	455131.0	321306.0	22891200.0	22891200.0	455131.0	321306.0
C175	24093925.0	24093925.0	23475257.0	23475257.0	401571.0	169142.0	22039169.0	22039169.0	511765.0	299698.0	22039169.0	22039169.0	511765.0	299698.0
C176	23951931.0	23951931.0	23428751.0	23428751.0	309168.0	160369.0	22335576.0	22335576.0	449927.0	308793.0	22335576.0	22335576.0	449927.0	308793.0
C177	24644858.0	24644858.0	24053343.0	24053343.0	309173.0	183427.0	22361211.0	22361211.0	459452.0	337865.0	22361211.0	22361211.0	459452.0	337865.0
C178	24436441.0	24436441.0	23926047.0	23926047.0	301066.0	164870.0	22620660.0	22620660.0	404903.0	296466.0	22620660.0	22620660.0	404903.0	296466.0
C179	23639914.0	23639914.0	23184405.0	23184405.0	281170.0	136634.0	22088770.0	22088770.0	426865.0	310376.0	22088770.0	22088770.0	426865.0	310376.0
C180	23475364.0	23475364.0	22890711.0	22890711.0	385370.0	143903.0	21851716.0	21851716.0	533729.0	311765.0	21851716.0	21851716.0	533729.0	311765.0
C181	23993797.0	23993797.0	22853556.0	22853556.0	892066.0	165747.0	20469855.0	20469855.0	929114.0	267908.0	20469855.0	20469855.0	929114.0	267908.0
C182	21764440.0	21764440.0	21169783.0	21169783.0	392142.0	148244.0	19245373.0	19245373.0	463770.0	241846.0	19245373.0	19245373.0	463770.0	241846.0
C183	24691119.0	24691119.0	24138929.0	24138929.0	313542.0	175112.0	22749821.0	22749821.0	444468.0	306755.0	22749821.0	22749821.0	444468.0	306755.0
C184	23425548.0	23425548.0	22959254.0	22959254.0	279385.0	151364.0	21794333.0	21794333.0	333087.0	217146.0	21794333.0	21794333.0	333087.0	217146.0
C185	22770855.0	22770855.0	22217661.0	22217661.0	321295.0	167552.0	20393286.0	20393286.0	385870.0	249184.0	20393286.0	20393286.0	385870.0	249184.0
C186	22199911.0	22199911.0	21682654.0	21682654.0	312622.0	149899.0	20385995.0	20385995.0	415848.0	260843.0	20385995.0	20385995.0	415848.0	260843.0
C187	23367009.0	23367009.0	22770068.0	22770068.0	368958.0	166485.0	20569625.0	20569625.0	469962.0	295177.0	20569625.0	20569625.0	469962.0	295177.0
C188	24898640.0	24898640.0	24036607.0	24036607.0	629620.0	173851.0	22364309.0	22364309.0	743790.0	326117.0	22364309.0	22364309.0	743790.0	326117.0
C189	24505215.0	24505215.0	23943238.0	23943238.0	357925.0	157076.0	21141884.0	21141884.0	479875.0	308357.0	21141884.0	21141884.0	479875.0	308357.0
C190	24693283.0	24693283.0	24131784.0	24131784.0	361233.0	159585.0	21540670.0	21540670.0	442748.0	270511.0	21540670.0	21540670.0	442748.0	270511.0
C191	23837546.0	23837546.0	23320944.0	23320944.0	321657.0	152459.0	21928009.0	21928009.0	494072.0	332635.0	21928009.0	21928009.0	494072.0	332635.0
C192	23737450.0	23737450.0	23222945.0	23222945.0	318690.0	157156.0	19264123.0	19264123.0	395934.0	263857.0	19264123.0	19264123.0	395934.0	263857.0
C193	23979010.0	23979010.0	23323748.0	23323748.0	407088.0	157926.0	21863056.0	21863056.0	525766.0	278301.0	21863056.0	21863056.0	525766.0	278301.0
C194	23598011.0	23598011.0	23025332.0	23025332.0	337258.0	165418.0	21810011.0	21810011.0	488451.0	311489.0	21810011.0	21810011.0	488451.0	311489.0
C195	24731509.0	24731509.0	24102465.0	24102465.0	366227.0	170516.0	23155397.0	23155397.0	519173.0	316891.0	23155397.0	23155397.0	519173.0	316891.0
C196	23934740.0	23934740.0	23150832.0	23150832.0	556320.0	151437.0	22249782.0	22249782.0	738264.0	325711.0	22249782.0	22249782.0	738264.0	325711.0
C197	25161767.0	25161767.0	24546895.0	24546895.0	393640.0	172250.0	22886729.0	22886729.0	508241.0	322086.0	22886729.0	22886729.0	508241.0	322086.0
C198	25566691.0	25566691.0	24886140.0	24886140.0	460559.0	171610.0	22578010.0	22578010.0	505490.0	279735.0	22578010.0	22578010.0	505490.0	279735.0
C199	24781394.0	24781394.0	23964543.0	23964543.0	549613.0	201445.0	12496155.0	12496155.0	277246.0	116627.0	12496155.0	12496155.0	277246.0	116627.0
C200	24356417.0	24356417.0	23513041.0	23513041.0	606279.0	166881.0	21696991.0	21696991.0	688614.0	334998.0	21696991.0	21696991.0	688614.0	334998.0
C201	26956698.0	26956698.0	26024621.0	26024621.0	629429.0	213497.0	23077912.0	23077912.0	615328.0	288037.0	23077912.0	23077912.0	615328.0	288037.0
C202	25323702.0	25323702.0	24486721.0	24486721.0	547147.0	222354.0	17417655.0	17417655.0	409605.0	210224.0	17417655.0	17417655.0	409605.0	210224.0
C203	24479227.0	24479227.0	23746384.0	23746384.0	496636.0	162286.0	20533511.0	20533511.0	526069.0	230280.0	20533511.0	20533511.0	526069.0	230280.0
C204	24592134.0	24592134.0	23860458.0	23860458.0	543349.0	133980.0	22685510.0	22685510.0	565760.0	262241.0	22685510.0	22685510.0	565760.0	262241.0
C205	24136064.0	24136064.0	23517375.0	23517375.0	389425.0	163681.0	22643015.0	22643015.0	431914.0	227681.0	22643015.0	22643015.0	431914.0	227681.0
C206	25242073.0	25242073.0	24616909.0	24616909.0	415792.0	158401.0	22933549.0	22933549.0	469639.0	254317.0	22933549.0	22933549.0	469639.0	254317.0
C207	23244619.0	23244619.0	22580527.0	22580527.0	448808.0	157646.0	21142762.0	21142762.0	501119.0	257180.0	21142762.0	21142762.0	501119.0	257180.0
C208	25116660.0	25116660.0	24409770.0	24409770.0	486907.0	171181.0	22948820.0	22948820.0	515380.0	267630.0	22948820.0	22948820.0	515380.0	267630.0
C209	24836470.0	24836470.0	24232104.0	24232104.0	413222.0	152594.0	22524401.0	22524401.0	488387.0	273261.0	22524401.0	22524401.0	488387.0	273261.0
C210	23990742.0	23990742.0	23326625.0	23326625.0	478978.0	146402.0	20982337.0	20982337.0	424711.0	184683.0	20982337.0	20982337.0	424711.0	184683.0
C211	25474617.0	25474617.0	24604079.0	24604079.0	593025.0	212726.0	16331074.0	16331074.0	387136.0	196520.0	16331074.0	16331074.0	387136.0	196520.0
C212	23047306.0	23047306.0	22203743.0	22203743.0	630072.0	154348.0	19904913.0	19904913.0	579134.0	192381.0	19904913.0	19904913.0	579134.0	192381.0
C213	20403294.0	20403294.0	19797124.0	19797124.0	426928.0	141982.0	16411973.0	16411973.0	377033.0	164568.0	16411973.0	16411973.0	377033.0	164568.0
C214	25895294.0	25895294.0	24255270.0	24255270.0	1003651.0	228177.0	18380934.0	18380934.0	718117.0	189547.0	18380934.0	18380934.0	718117.0	189547.0
C215	22064749.0	22064749.0	21436689.0	21436689.0	396875.0	156474.0	20195787.0	20195787.0	474112.0	252579.0	20195787.0	20195787.0	474112.0	252579.0
C216	24707909.0	24707909.0	23981911.0	23981911.0	436081.0	195731.0	22720522.0	22720522.0	474131.0	250946.0	22720522.0	22720522.0	474131.0	250946.0
C217	24576663.0	24576663.0	23671999.0	23671999.0	519430.0	203364.0	21987062.0	21987062.0	550708.0	220664.0	21987062.0	21987062.0	550708.0	220664.0
C218	24708133.0	24708133.0	23764986.0	23764986.0	545669.0	231804.0	21285535.0	21285535.0	529073.0	258442.0	21285535.0	21285535.0	529073.0	258442.0
C219	19745233.0	19745233.0	19173266.0	19173266.0	331641.0	147333.0	17824290.0	17824290.0	419536.0	235674.0	17824290.0	17824290.0	419536.0	235674.0
C220	24142347.0	24142347.0	23288495.0	23288495.0	578058.0	174954.0	22354977.0	22354977.0	586100.0	230714.0	22354977.0	22354977.0	586100.0	230714.0
C221	23141807.0	23141807.0	22406672.0	22406672.0	531996.0	153509.0	21441502.0	21441502.0	572506.0	222872.0	21441502.0	21441502.0	572506.0	222872.0
C222	23588757.0	23588757.0	22906592.0	22906592.0	440307.0	173253.0	21240018.0	21240018.0	449893.0	208576.0	21240018.0	21240018.0	449893.0	208576.0
C223	19749327.0	19749327.0	19215531.0	19215531.0	338293.0	153356.0	15443140.0	15443140.0	308319.0	172768.0	15443140.0	15443140.0	308319.0	172768.0
C224	21384857.0	21384857.0	20747203.0	20747203.0	413795.0	164070.0	19562638.0	19562638.0	432522.0	207310.0	19562638.0	19562638.0	432522.0	207310.0
C225	21966862.0	21966862.0	21195426.0	21195426.0	516670.0	176533.0	19305610.0	19305610.0	556916.0	272906.0	19305610.0	19305610.0	556916.0	272906.0
C226	23103290.0	23103290.0	22187627.0	22187627.0	578096.0	218675.0	19044934.0	19044934.0	504335.0	228285.0	19044934.0	19044934.0	504335.0	228285.0
C227	22003166.0	22003166.0	21281106.0	21281106.0	469386.0	179632.0	19296607.0	19296607.0	490465.0	208894.0	19296607.0	19296607.0	490465.0	208894.0
C228	23268578.0	23268578.0	22546722.0	22546722.0	505362.0	154468.0	21949709.0	21949709.0	511691.0	195116.0	21949709.0	21949709.0	511691.0	195116.0
C229	23140056.0	23140056.0	22455481.0	22455481.0	429073.0	174000.0	21806494.0	21806494.0	475100.0	232200.0	21806494.0	21806494.0	475100.0	232200.0
C230	23808735.0	23808735.0	19056990.0	19056990.0	3679509.0	313822.0	12975134.0	12975134.0	2724779.0	169927.0	12975134.0	12975134.0	2724779.0	169927.0
C231	21903608.0	21903608.0	20325609.0	20325609.0	1139452.0	174434.0	17895229.0	17895229.0	1127001.0	246090.0	17895229.0	17895229.0	1127001.0	246090.0
C232	23065336.0	23065336.0	22356680.0	22356680.0	427754.0	183133.0	21250850.0	21250850.0	477497.0	232336.0	21250850.0	21250850.0	477497.0	232336.0
C233	24017369.0	24017369.0	23351324.0	23351324.0	436247.0	182779.0	20935617.0	20935617.0	438408.0	227340.0	20935617.0	20935617.0	438408.0	227340.0
C234	23140658.0	23140658.0	22495321.0	22495321.0	429512.0	162234.0	21284215.0	21284215.0	500483.0	267377.0	21284215.0	21284215.0	500483.0	267377.0
C235	21940174.0	21940174.0	21339280.0	21339280.0	400083.0	151849.0	20000377.0	20000377.0	546267.0	314853.0	20000377.0	20000377.0	546267.0	314853.0
C236	24160652.0	24160652.0	23428767.0	23428767.0	456869.0	171985.0	22603731.0	22603731.0	566646.0	279752.0	22603731.0	22603731.0	566646.0	279752.0
C237	24047962.0	24047962.0	23473043.0	23473043.0	324913.0	171389.0	22242132.0	22242132.0	460156.0	299907.0	22242132.0	22242132.0	460156.0	299907.0
C238	24982130.0	24982130.0	24205526.0	24205526.0	458369.0	191187.0	22490544.0	22490544.0	636841.0	376590.0	22490544.0	22490544.0	636841.0	376590.0
C239	23021512.0	23021512.0	22375768.0	22375768.0	373737.0	172506.0	20923336.0	20923336.0	524576.0	323478.0	20923336.0	20923336.0	524576.0	323478.0
C240	25623893.0	25623893.0	24596008.0	24596008.0	597368.0	294170.0	3702736.0	3702736.0	105379.0	52950.0	3702736.0	3702736.0	105379.0	52950.0
C241	24775864.0	24775864.0	23998772.0	23998772.0	463914.0	189213.0	22365030.0	22365030.0	500878.0	219185.0	22365030.0	22365030.0	500878.0	219185.0
C242	24792918.0	24792918.0	23819095.0	23819095.0	553397.0	240255.0	13038173.0	13038173.0	389050.0	208675.0	13038173.0	13038173.0	389050.0	208675.0
C243	23780037.0	23780037.0	22942580.0	22942580.0	522691.0	182317.0	19705974.0	19705974.0	505080.0	182541.0	19705974.0	19705974.0	505080.0	182541.0
C244	23449242.0	23449242.0	22670183.0	22670183.0	482071.0	162550.0	21822946.0	21822946.0	520246.0	195023.0	21822946.0	21822946.0	520246.0	195023.0
C245	21385274.0	21385274.0	20769047.0	20769047.0	378297.0	160380.0	19725605.0	19725605.0	468602.0	242644.0	19725605.0	19725605.0	468602.0	242644.0
C246	20414759.0	20414759.0	19749530.0	19749530.0	403032.0	186505.0	9183386.0	9183386.0	245909.0	131987.0	9183386.0	9183386.0	245909.0	131987.0
C247	24058921.0	24058921.0	23193056.0	23193056.0	555754.0	177686.0	22143216.0	22143216.0	573294.0	193890.0	22143216.0	22143216.0	573294.0	193890.0
C248	23681387.0	23681387.0	22900069.0	22900069.0	465529.0	196130.0	22135523.0	22135523.0	486076.0	211209.0	22135523.0	22135523.0	486076.0	211209.0
C251	23244358.0	23244358.0	22550095.0	22550095.0	416227.0	194624.0	21473022.0	21473022.0	436971.0	202357.0	21473022.0	21473022.0	436971.0	202357.0
C511	24630888.0	24630888.0	23993721.0	23993721.0	424661.0	153659.0	22377469.0	22377469.0	488159.0	252169.0	22377469.0	22377469.0	488159.0	252169.0
C512	24853765.0	24853765.0	24243792.0	24243792.0	382926.0	145166.0	22706214.0	22706214.0	502867.0	274223.0	22706214.0	22706214.0	502867.0	274223.0
C513	24726563.0	24726563.0	24019308.0	24019308.0	493176.0	140621.0	23401975.0	23401975.0	569513.0	224360.0	23401975.0	23401975.0	569513.0	224360.0
C514	23014577.0	23014577.0	22486783.0	22486783.0	295044.0	120564.0	21711706.0	21711706.0	348648.0	178832.0	21711706.0	21711706.0	348648.0	178832.0
C515	24876363.0	24876363.0	24243205.0	24243205.0	426485.0	148926.0	23207591.0	23207591.0	549888.0	301452.0	23207591.0	23207591.0	549888.0	301452.0
C516	24233566.0	24233566.0	23652357.0	23652357.0	359659.0	130648.0	22585414.0	22585414.0	418680.0	180015.0	22585414.0	22585414.0	418680.0	180015.0
C517	24619505.0	24619505.0	23910096.0	23910096.0	443128.0	162578.0	22890009.0	22890009.0	525165.0	258787.0	22890009.0	22890009.0	525165.0	258787.0
C518	22861654.0	22861654.0	22206908.0	22206908.0	421158.0	125439.0	21305339.0	21305339.0	479553.0	174310.0	21305339.0	21305339.0	479553.0	174310.0
C519	23695934.0	23695934.0	22956820.0	22956820.0	459443.0	145593.0	22181133.0	22181133.0	540819.0	228725.0	22181133.0	22181133.0	540819.0	228725.0
C520	22951800.0	22951800.0	22409750.0	22409750.0	372438.0	128011.0	21507483.0	21507483.0	457660.0	233854.0	21507483.0	21507483.0	457660.0	233854.0
C521	24758689.0	24758689.0	24128566.0	24128566.0	386170.0	146301.0	22997382.0	22997382.0	543228.0	291255.0	22997382.0	22997382.0	543228.0	291255.0
C522	24369101.0	24369101.0	23779137.0	23779137.0	381031.0	141052.0	22883807.0	22883807.0	428482.0	188242.0	22883807.0	22883807.0	428482.0	188242.0
C523	23310380.0	23310380.0	22682671.0	22682671.0	369523.0	133398.0	21742923.0	21742923.0	503787.0	259632.0	21742923.0	21742923.0	503787.0	259632.0
C524	24416833.0	24416833.0	23738301.0	23738301.0	428434.0	147527.0	22869472.0	22869472.0	572660.0	284433.0	22869472.0	22869472.0	572660.0	284433.0
C525	23189266.0	23189266.0	22646160.0	22646160.0	350335.0	137824.0	18170355.0	18170355.0	311894.0	152957.0	18170355.0	18170355.0	311894.0	152957.0
C526	24745353.0	24745353.0	24043049.0	24043049.0	437464.0	150447.0	23102524.0	23102524.0	584138.0	290467.0	23102524.0	23102524.0	584138.0	290467.0
C527	23157874.0	23157874.0	22562634.0	22562634.0	341439.0	143041.0	21751462.0	21751462.0	476223.0	268386.0	21751462.0	21751462.0	476223.0	268386.0
C528	21866162.0	21866162.0	21384403.0	21384403.0	326659.0	113334.0	20389276.0	20389276.0	468721.0	270958.0	20389276.0	20389276.0	468721.0	270958.0
C529	23257399.0	23257399.0	22531118.0	22531118.0	420983.0	149795.0	19345126.0	19345126.0	483743.0	235357.0	19345126.0	19345126.0	483743.0	235357.0
C530	25013956.0	25013956.0	24344151.0	24344151.0	387959.0	196417.0	8959738.0	8959738.0	161549.0	90534.0	8959738.0	8959738.0	161549.0	90534.0
C531	24226584.0	24226584.0	23573468.0	23573468.0	410063.0	138933.0	22467480.0	22467480.0	508195.0	236091.0	22467480.0	22467480.0	508195.0	236091.0
C532	24291346.0	24291346.0	23735760.0	23735760.0	375841.0	135030.0	22658911.0	22658911.0	550656.0	326147.0	22658911.0	22658911.0	550656.0	326147.0
C533	23288908.0	23288908.0	22649054.0	22649054.0	362017.0	174990.0	15994883.0	15994883.0	296268.0	162111.0	15994883.0	15994883.0	296268.0	162111.0
C534	23525388.0	23525388.0	22844476.0	22844476.0	445742.0	158639.0	16800336.0	16800336.0	423962.0	198185.0	16800336.0	16800336.0	423962.0	198185.0
C535	24367097.0	24367097.0	23755435.0	23755435.0	429639.0	132785.0	22696916.0	22696916.0	558435.0	292665.0	22696916.0	22696916.0	558435.0	292665.0
C536	24243470.0	24243470.0	23614446.0	23614446.0	426261.0	123222.0	22729300.0	22729300.0	574607.0	262270.0	22729300.0	22729300.0	574607.0	262270.0
C537	23627889.0	23627889.0	22928103.0	22928103.0	500419.0	131662.0	19769255.0	19769255.0	497792.0	188336.0	19769255.0	19769255.0	497792.0	188336.0
C538	24262714.0	24262714.0	23761499.0	23761499.0	348375.0	117568.0	22858470.0	22858470.0	425246.0	233794.0	22858470.0	22858470.0	425246.0	233794.0
C539	23456296.0	23456296.0	22710705.0	22710705.0	458521.0	152487.0	21723044.0	21723044.0	556338.0	261797.0	21723044.0	21723044.0	556338.0	261797.0
C540	24811258.0	24811258.0	24127160.0	24127160.0	490149.0	131866.0	23015004.0	23015004.0	583883.0	245704.0	23015004.0	23015004.0	583883.0	245704.0
C541	23434758.0	23434758.0	22637632.0	22637632.0	464565.0	162918.0	21813888.0	21813888.0	531551.0	196461.0	21813888.0	21813888.0	531551.0	196461.0
C542	24275534.0	24275534.0	23618267.0	23618267.0	405412.0	146159.0	22554387.0	22554387.0	550363.0	290778.0	22554387.0	22554387.0	550363.0	290778.0
C543	22878532.0	22878532.0	22118984.0	22118984.0	521376.0	144075.0	21008178.0	21008178.0	688685.0	304271.0	21008178.0	21008178.0	688685.0	304271.0
C544	23386923.0	23386923.0	22717668.0	22717668.0	441895.0	142459.0	21936890.0	21936890.0	574586.0	267463.0	21936890.0	21936890.0	574586.0	267463.0
C545	24256379.0	24256379.0	23597159.0	23597159.0	431506.0	157233.0	22829090.0	22829090.0	528544.0	245510.0	22829090.0	22829090.0	528544.0	245510.0
C546	24109843.0	24109843.0	23383394.0	23383394.0	517827.0	148300.0	18199217.0	18199217.0	500584.0	188580.0	18199217.0	18199217.0	500584.0	188580.0
C547	23543887.0	23543887.0	22852728.0	22852728.0	427287.0	161897.0	13948659.0	13948659.0	271567.0	103816.0	13948659.0	13948659.0	271567.0	103816.0
C548	23404967.0	23404967.0	22727166.0	22727166.0	431575.0	179434.0	8838837.0	8838837.0	181355.0	85582.0	8838837.0	8838837.0	181355.0	85582.0
C549	24027416.0	24027416.0	23373493.0	23373493.0	417260.0	131731.0	21561825.0	21561825.0	474375.0	203967.0	21561825.0	21561825.0	474375.0	203967.0
C550	23497004.0	23497004.0	22700548.0	22700548.0	537378.0	163190.0	17770324.0	17770324.0	542971.0	233075.0	17770324.0	17770324.0	542971.0	233075.0
C551	24992252.0	24992252.0	24333266.0	24333266.0	444723.0	156355.0	22028895.0	22028895.0	504102.0	243920.0	22028895.0	22028895.0	504102.0	243920.0
C552	25136355.0	25136355.0	24396219.0	24396219.0	483312.0	191137.0	14379668.0	14379668.0	344412.0	168714.0	14379668.0	14379668.0	344412.0	168714.0
C553	24179794.0	24179794.0	23486694.0	23486694.0	480319.0	133661.0	21809092.0	21809092.0	610505.0	264188.0	21809092.0	21809092.0	610505.0	264188.0
C554	24257759.0	24257759.0	23618367.0	23618367.0	448998.0	142864.0	22575660.0	22575660.0	558515.0	277917.0	22575660.0	22575660.0	558515.0	277917.0
C555	25164010.0	25164010.0	24408605.0	24408605.0	532799.0	154667.0	23239559.0	23239559.0	597732.0	289516.0	23239559.0	23239559.0	597732.0	289516.0
C556	23251226.0	23251226.0	22406266.0	22406266.0	592463.0	193285.0	6291694.0	6291694.0	177516.0	69398.0	6291694.0	6291694.0	177516.0	69398.0
C557	24206397.0	24206397.0	23467291.0	23467291.0	491754.0	166313.0	22479464.0	22479464.0	565887.0	265352.0	22479464.0	22479464.0	565887.0	265352.0
C558	23864675.0	23864675.0	23172967.0	23172967.0	489609.0	146227.0	21381731.0	21381731.0	514777.0	211700.0	21381731.0	21381731.0	514777.0	211700.0
C559	23911365.0	23911365.0	23193280.0	23193280.0	470309.0	175023.0	18510666.0	18510666.0	407183.0	176891.0	18510666.0	18510666.0	407183.0	176891.0
C560	23915126.0	23915126.0	23361199.0	23361199.0	355435.0	148889.0	22462569.0	22462569.0	397650.0	203949.0	22462569.0	22462569.0	397650.0	203949.0
C561	24105328.0	24105328.0	23478743.0	23478743.0	378114.0	142946.0	21842386.0	21842386.0	458042.0	233339.0	21842386.0	21842386.0	458042.0	233339.0
C562	24874016.0	24874016.0	24238980.0	24238980.0	431806.0	132808.0	22736465.0	22736465.0	527077.0	239905.0	22736465.0	22736465.0	527077.0	239905.0
C563	23924183.0	23924183.0	23116375.0	23116375.0	541078.0	181727.0	22465382.0	22465382.0	596170.0	249631.0	22465382.0	22465382.0	596170.0	249631.0
C564	24743603.0	24743603.0	24133792.0	24133792.0	378040.0	161322.0	23318612.0	23318612.0	481044.0	277149.0	23318612.0	23318612.0	481044.0	277149.0
C565	24603809.0	24603809.0	23783087.0	23783087.0	480976.0	205802.0	21030754.0	21030754.0	477643.0	233867.0	21030754.0	21030754.0	477643.0	233867.0
C566	24758005.0	24758005.0	24139316.0	24139316.0	397038.0	155013.0	22763266.0	22763266.0	428628.0	218059.0	22763266.0	22763266.0	428628.0	218059.0
C567	22533953.0	22533953.0	21866360.0	21866360.0	466999.0	144806.0	18830076.0	18830076.0	417792.0	157365.0	18830076.0	18830076.0	417792.0	157365.0
C568	23315513.0	23315513.0	22690279.0	22690279.0	417255.0	155064.0	21884023.0	21884023.0	467445.0	245184.0	21884023.0	21884023.0	467445.0	245184.0
C569	23226778.0	23226778.0	22641015.0	22641015.0	416532.0	127649.0	21838562.0	21838562.0	471136.0	208831.0	21838562.0	21838562.0	471136.0	208831.0
C570	22900655.0	22900655.0	22327758.0	22327758.0	399067.0	123089.0	21369944.0	21369944.0	512241.0	267856.0	21369944.0	21369944.0	512241.0	267856.0
C571	24016476.0	24016476.0	23464949.0	23464949.0	379153.0	127976.0	22462662.0	22462662.0	528939.0	300805.0	22462662.0	22462662.0	528939.0	300805.0
C572	23384079.0	23384079.0	22531614.0	22531614.0	605871.0	159090.0	21865452.0	21865452.0	610304.0	206538.0	21865452.0	21865452.0	610304.0	206538.0
C573	22986950.0	22986950.0	22450448.0	22450448.0	339314.0	147013.0	20864497.0	20864497.0	418535.0	234948.0	20864497.0	20864497.0	418535.0	234948.0
C574	24582168.0	24582168.0	23990921.0	23990921.0	398623.0	130847.0	22560141.0	22560141.0	518734.0	266141.0	22560141.0	22560141.0	518734.0	266141.0
C575	23852854.0	23852854.0	23233115.0	23233115.0	396506.0	153253.0	19391926.0	19391926.0	380907.0	173511.0	19391926.0	19391926.0	380907.0	173511.0
C576	20311795.0	20311795.0	19779187.0	19779187.0	345022.0	130603.0	16584791.0	16584791.0	368518.0	184069.0	16584791.0	16584791.0	368518.0	184069.0
C577	24328105.0	24328105.0	23613061.0	23613061.0	374332.0	170841.0	22438948.0	22438948.0	431607.0	225674.0	22438948.0	22438948.0	431607.0	225674.0
C578	23464625.0	23464625.0	22813075.0	22813075.0	435513.0	162649.0	20187784.0	20187784.0	452934.0	228371.0	20187784.0	20187784.0	452934.0	228371.0
C579	23184347.0	23184347.0	22530484.0	22530484.0	393568.0	167277.0	21645920.0	21645920.0	483386.0	272729.0	21645920.0	21645920.0	483386.0	272729.0
C580	24868181.0	24868181.0	24186473.0	24186473.0	444045.0	162817.0	23519027.0	23519027.0	461994.0	229265.0	23519027.0	23519027.0	461994.0	229265.0
C581	23379404.0	23379404.0	22449086.0	22449086.0	623715.0	214816.0	2834256.0	2834256.0	86945.0	31626.0	2834256.0	2834256.0	86945.0	31626.0
C582	24058888.0	24058888.0	23333101.0	23333101.0	485445.0	162985.0	22316136.0	22316136.0	617933.0	278760.0	22316136.0	22316136.0	617933.0	278760.0
C583	23637012.0	23637012.0	22921397.0	22921397.0	444954.0	148580.0	21727345.0	21727345.0	566861.0	265314.0	21727345.0	21727345.0	566861.0	265314.0
C584	21173913.0	21173913.0	20385866.0	20385866.0	382130.0	133661.0	19262537.0	19262537.0	471598.0	224810.0	19262537.0	19262537.0	471598.0	224810.0
C585	23340877.0	23340877.0	22779850.0	22779850.0	338350.0	146158.0	21891344.0	21891344.0	436672.0	234214.0	21891344.0	21891344.0	436672.0	234214.0
C586	24910479.0	24910479.0	24340624.0	24340624.0	340185.0	153385.0	23528973.0	23528973.0	391651.0	202744.0	23528973.0	23528973.0	391651.0	202744.0
C587	24007333.0	24007333.0	23395311.0	23395311.0	387859.0	159215.0	17524734.0	17524734.0	366763.0	195478.0	17524734.0	17524734.0	366763.0	195478.0
C588	24274120.0	24274120.0	23593620.0	23593620.0	468542.0	139108.0	22516263.0	22516263.0	591721.0	273825.0	22516263.0	22516263.0	591721.0	273825.0
C589	23985862.0	23985862.0	23369790.0	23369790.0	410790.0	147777.0	22114127.0	22114127.0	473229.0	219091.0	22114127.0	22114127.0	473229.0	219091.0
C590	24979647.0	24979647.0	24054475.0	24054475.0	662756.0	167248.0	23482301.0	23482301.0	697631.0	191730.0	23482301.0	23482301.0	697631.0	191730.0
C593	22675003.0	22675003.0	22146568.0	22146568.0	327787.0	148703.0	21590282.0	21590282.0	339152.0	176498.0	21590282.0	21590282.0	339152.0	176498.0
J1	21423964.0	21423964.0	21024246.0	21024246.0	254510.0	102385.0	20661115.0	20661115.0	323765.0	169973.0	20661115.0	20661115.0	323765.0	169973.0
J10	20715989.0	20715989.0	20327299.0	20327299.0	235586.0	111095.0	18306885.0	18306885.0	304659.0	189199.0	18306885.0	18306885.0	304659.0	189199.0
J100	20688398.0	20688398.0	20083185.0	20083185.0	381436.0	173662.0	4390056.0	4390056.0	84950.0	52016.0	4390056.0	4390056.0	84950.0	52016.0
J101	22940193.0	22940193.0	22471352.0	22471352.0	258844.0	170694.0	22108290.0	22108290.0	332088.0	239453.0	22108290.0	22108290.0	332088.0	239453.0
J102	24060928.0	24060928.0	23584146.0	23584146.0	238999.0	196777.0	22795697.0	22795697.0	347222.0	300844.0	22795697.0	22795697.0	347222.0	300844.0
J103	22975636.0	22975636.0	22606077.0	22606077.0	195989.0	145490.0	21998024.0	21998024.0	241975.0	188248.0	21998024.0	21998024.0	241975.0	188248.0
J104	24036747.0	24036747.0	23675873.0	23675873.0	173522.0	158312.0	22823102.0	22823102.0	315557.0	294699.0	22823102.0	22823102.0	315557.0	294699.0
J105	23208591.0	23208591.0	22762580.0	22762580.0	200468.0	207032.0	22209910.0	22209910.0	297767.0	298855.0	22209910.0	22209910.0	297767.0	298855.0
J106	24374095.0	24374095.0	23861533.0	23861533.0	205749.0	261872.0	22492653.0	22492653.0	268085.0	320919.0	22492653.0	22492653.0	268085.0	320919.0
J107	23487568.0	23487568.0	23054154.0	23054154.0	209251.0	187103.0	21911267.0	21911267.0	252129.0	231235.0	21911267.0	21911267.0	252129.0	231235.0
J108	18771200.0	18771200.0	18449058.0	18449058.0	155095.0	142092.0	17810195.0	17810195.0	219325.0	205847.0	17810195.0	17810195.0	219325.0	205847.0
J109	23655035.0	23655035.0	23198605.0	23198605.0	240045.0	172662.0	22131525.0	22131525.0	344154.0	276766.0	22131525.0	22131525.0	344154.0	276766.0
J11	20609906.0	20609906.0	20289588.0	20289588.0	190781.0	97567.0	19605509.0	19605509.0	373516.0	276946.0	19605509.0	19605509.0	373516.0	276946.0
J110	23337067.0	23337067.0	22907115.0	22907115.0	193183.0	198237.0	22314906.0	22314906.0	283646.0	284660.0	22314906.0	22314906.0	283646.0	284660.0
J111	23127722.0	23127722.0	22750097.0	22750097.0	175709.0	172453.0	21919130.0	21919130.0	302461.0	296077.0	21919130.0	21919130.0	302461.0	296077.0
J112	23225749.0	23225749.0	22832857.0	22832857.0	174286.0	187250.0	20460231.0	20460231.0	194388.0	208134.0	20460231.0	20460231.0	194388.0	208134.0
J113	24166386.0	24166386.0	23738755.0	23738755.0	217162.0	174735.0	23024220.0	23024220.0	349303.0	304224.0	23024220.0	23024220.0	349303.0	304224.0
J114	23819101.0	23819101.0	23408665.0	23408665.0	207631.0	167470.0	22604653.0	22604653.0	341219.0	298902.0	22604653.0	22604653.0	341219.0	298902.0
J115	24043006.0	24043006.0	23574828.0	23574828.0	236614.0	189394.0	22624775.0	22624775.0	310197.0	262738.0	22624775.0	22624775.0	310197.0	262738.0
J116	22573468.0	22573468.0	22210290.0	22210290.0	171803.0	162005.0	21534367.0	21534367.0	321206.0	309178.0	21534367.0	21534367.0	321206.0	309178.0
J117	24123450.0	24123450.0	23746266.0	23746266.0	170948.0	178367.0	21888840.0	21888840.0	253079.0	260349.0	21888840.0	21888840.0	253079.0	260349.0
J118	22809779.0	22809779.0	22417911.0	22417911.0	189584.0	169438.0	21161098.0	21161098.0	292811.0	270064.0	21161098.0	21161098.0	292811.0	270064.0
J119	23772075.0	23772075.0	23387461.0	23387461.0	189693.0	162776.0	22428459.0	22428459.0	330408.0	301199.0	22428459.0	22428459.0	330408.0	301199.0
J12	21770869.0	21770869.0	21283892.0	21283892.0	315808.0	122553.0	20877857.0	20877857.0	415479.0	223493.0	20877857.0	20877857.0	415479.0	223493.0
J120	22563245.0	22563245.0	22154669.0	22154669.0	187961.0	183829.0	21261777.0	21261777.0	315369.0	307658.0	21261777.0	21261777.0	315369.0	307658.0
J121	23105926.0	23105926.0	22662598.0	22662598.0	198750.0	201640.0	22052082.0	22052082.0	276323.0	277081.0	22052082.0	22052082.0	276323.0	277081.0
J122	22625516.0	22625516.0	22235910.0	22235910.0	190592.0	165786.0	21492099.0	21492099.0	338047.0	310687.0	21492099.0	21492099.0	338047.0	310687.0
J123	24164984.0	24164984.0	23713975.0	23713975.0	188801.0	218638.0	23064547.0	23064547.0	214515.0	241382.0	23064547.0	23064547.0	214515.0	241382.0
J124	24285954.0	24285954.0	23837054.0	23837054.0	204285.0	207645.0	23254752.0	23254752.0	310694.0	310411.0	23254752.0	23254752.0	310694.0	310411.0
J125	23291293.0	23291293.0	22826520.0	22826520.0	210823.0	216051.0	17007535.0	17007535.0	185303.0	200993.0	17007535.0	17007535.0	185303.0	200993.0
J126	24455541.0	24455541.0	24036007.0	24036007.0	183434.0	200388.0	23478128.0	23478128.0	242624.0	256306.0	23478128.0	23478128.0	242624.0	256306.0
J127	23906083.0	23906083.0	23422811.0	23422811.0	221301.0	216573.0	22727513.0	22727513.0	305197.0	297178.0	22727513.0	22727513.0	305197.0	297178.0
J128	22697828.0	22697828.0	22268028.0	22268028.0	211607.0	180861.0	21501654.0	21501654.0	351727.0	318833.0	21501654.0	21501654.0	351727.0	318833.0
J129	23115831.0	23115831.0	22669605.0	22669605.0	192485.0	214086.0	21951599.0	21951599.0	308102.0	325267.0	21951599.0	21951599.0	308102.0	325267.0
J13	20695047.0	20695047.0	20354615.0	20354615.0	185072.0	122161.0	18492306.0	18492306.0	270823.0	211897.0	18492306.0	18492306.0	270823.0	211897.0
J130	23445929.0	23445929.0	22778582.0	22778582.0	394206.0	214399.0	5938228.0	5938228.0	98646.0	67188.0	5938228.0	5938228.0	98646.0	67188.0
J131	23502300.0	23502300.0	23032447.0	23032447.0	261458.0	166708.0	22266761.0	22266761.0	389034.0	294215.0	22266761.0	22266761.0	389034.0	294215.0
J132	20653962.0	20653962.0	20070967.0	20070967.0	320535.0	196664.0	19481965.0	19481965.0	417619.0	290597.0	19481965.0	19481965.0	417619.0	290597.0
J133	22764107.0	22764107.0	22315080.0	22315080.0	244945.0	162739.0	20768167.0	20768167.0	393725.0	316302.0	20768167.0	20768167.0	393725.0	316302.0
J134	24046921.0	24046921.0	23454748.0	23454748.0	283987.0	247981.0	23020124.0	23020124.0	310046.0	270760.0	23020124.0	23020124.0	310046.0	270760.0
J137	24321457.0	24321457.0	23887495.0	23887495.0	190643.0	209272.0	23429305.0	23429305.0	222938.0	237947.0	23429305.0	23429305.0	222938.0	237947.0
J14	20207473.0	20207473.0	19855741.0	19855741.0	203084.0	110032.0	19240186.0	19240186.0	373023.0	277852.0	19240186.0	19240186.0	373023.0	277852.0
J15	20817555.0	20817555.0	20457723.0	20457723.0	208886.0	112988.0	19919494.0	19919494.0	355807.0	257361.0	19919494.0	19919494.0	355807.0	257361.0
J16	21018385.0	21018385.0	20603709.0	20603709.0	231647.0	142955.0	12628771.0	12628771.0	163969.0	110471.0	12628771.0	12628771.0	163969.0	110471.0
J17	22151891.0	22151891.0	21773159.0	21773159.0	221212.0	116117.0	21272976.0	21272976.0	346013.0	239351.0	21272976.0	21272976.0	346013.0	239351.0
J18	22498076.0	22498076.0	22081996.0	22081996.0	247948.0	122900.0	21714688.0	21714688.0	324056.0	197263.0	21714688.0	21714688.0	324056.0	197263.0
J19	20720459.0	20720459.0	20342855.0	20342855.0	221430.0	115783.0	20012437.0	20012437.0	272635.0	164766.0	20012437.0	20012437.0	272635.0	164766.0
J2	23085332.0	23085332.0	22672509.0	22672509.0	254247.0	118722.0	22247475.0	22247475.0	361534.0	223573.0	22247475.0	22247475.0	361534.0	223573.0
J20	23349935.0	23349935.0	22937362.0	22937362.0	248904.0	125922.0	22117341.0	22117341.0	431580.0	309418.0	22117341.0	22117341.0	431580.0	309418.0
J21	19759842.0	19759842.0	19397425.0	19397425.0	205018.0	120464.0	16158939.0	16158939.0	210645.0	139574.0	16158939.0	16158939.0	210645.0	139574.0
J22	22361285.0	22361285.0	22018898.0	22018898.0	185262.0	123055.0	21443028.0	21443028.0	229790.0	164458.0	21443028.0	21443028.0	229790.0	164458.0
J23	20482772.0	20482772.0	20021659.0	20021659.0	267538.0	152948.0	6111758.0	6111758.0	91133.0	61555.0	6111758.0	6111758.0	91133.0	61555.0
J24	21115955.0	21115955.0	20752132.0	20752132.0	209346.0	112414.0	20099442.0	20099442.0	387027.0	287099.0	20099442.0	20099442.0	387027.0	287099.0
J25	20522745.0	20522745.0	20202206.0	20202206.0	201776.0	90739.0	19552030.0	19552030.0	300350.0	188073.0	19552030.0	19552030.0	300350.0	188073.0
J26	20644772.0	20644772.0	20273746.0	20273746.0	239669.0	93702.0	19886969.0	19886969.0	277995.0	129395.0	19886969.0	19886969.0	277995.0	129395.0
J27	19785286.0	19785286.0	19455849.0	19455849.0	201822.0	96333.0	18976188.0	18976188.0	253572.0	145538.0	18976188.0	18976188.0	253572.0	145538.0
J28	22744003.0	22744003.0	22302483.0	22302483.0	275247.0	125208.0	21577579.0	21577579.0	465341.0	315817.0	21577579.0	21577579.0	465341.0	315817.0
J29	20547868.0	20547868.0	20098144.0	20098144.0	265667.0	139492.0	13117338.0	13117338.0	180843.0	101609.0	13117338.0	13117338.0	180843.0	101609.0
J3	22268012.0	22268012.0	21878729.0	21878729.0	240920.0	108075.0	21504584.0	21504584.0	304573.0	168875.0	21504584.0	21504584.0	304573.0	168875.0
J30	22890681.0	22890681.0	22500719.0	22500719.0	229205.0	121891.0	21995427.0	21995427.0	323292.0	213148.0	21995427.0	21995427.0	323292.0	213148.0
J31	20739979.0	20739979.0	20391960.0	20391960.0	199069.0	113228.0	19932504.0	19932504.0	250662.0	159204.0	19932504.0	19932504.0	250662.0	159204.0
J32	21500604.0	21500604.0	21205988.0	21205988.0	150218.0	119652.0	20061493.0	20061493.0	289997.0	251055.0	20061493.0	20061493.0	289997.0	251055.0
J33	21972477.0	21972477.0	21575528.0	21575528.0	240495.0	117662.0	19320311.0	19320311.0	348485.0	232832.0	19320311.0	19320311.0	348485.0	232832.0
J34	21856646.0	21856646.0	21510678.0	21510678.0	209161.0	106707.0	20036505.0	20036505.0	307725.0	207955.0	20036505.0	20036505.0	307725.0	207955.0
J35	21788754.0	21788754.0	21355317.0	21355317.0	264889.0	123431.0	18031310.0	18031310.0	318787.0	196683.0	18031310.0	18031310.0	318787.0	196683.0
J36	21262210.0	21262210.0	20916879.0	20916879.0	188304.0	124716.0	20150686.0	20150686.0	275345.0	208676.0	20150686.0	20150686.0	275345.0	208676.0
J37	21527089.0	21527089.0	21175620.0	21175620.0	205383.0	109730.0	20835282.0	20835282.0	256406.0	157597.0	20835282.0	20835282.0	256406.0	157597.0
J38	19899923.0	19899923.0	19569393.0	19569393.0	196140.0	101685.0	18983349.0	18983349.0	355905.0	257756.0	18983349.0	18983349.0	355905.0	257756.0
J39	20680172.0	20680172.0	20337088.0	20337088.0	201095.0	106882.0	19757175.0	19757175.0	319781.0	220900.0	19757175.0	19757175.0	319781.0	220900.0
J4	21101714.0	21101714.0	20672941.0	20672941.0	281527.0	107671.0	20050053.0	20050053.0	413357.0	239748.0	20050053.0	20050053.0	413357.0	239748.0
J40	20776937.0	20776937.0	20411003.0	20411003.0	231613.0	101730.0	19859194.0	19859194.0	342434.0	210513.0	19859194.0	19859194.0	342434.0	210513.0
J41	21594630.0	21594630.0	21181733.0	21181733.0	227594.0	142666.0	14316091.0	14316091.0	175144.0	121093.0	14316091.0	14316091.0	175144.0	121093.0
J42	20273436.0	20273436.0	19963478.0	19963478.0	179705.0	100307.0	19413380.0	19413380.0	310673.0	227726.0	19413380.0	19413380.0	310673.0	227726.0
J43	22237331.0	22237331.0	21887508.0	21887508.0	188788.0	126793.0	19900186.0	19900186.0	279988.0	218513.0	19900186.0	19900186.0	279988.0	218513.0
J44	20830009.0	20830009.0	20516756.0	20516756.0	179208.0	105799.0	19933093.0	19933093.0	283761.0	207070.0	19933093.0	19933093.0	283761.0	207070.0
J45	20494021.0	20494021.0	20160177.0	20160177.0	187936.0	112766.0	19552464.0	19552464.0	238656.0	162232.0	19552464.0	19552464.0	238656.0	162232.0
J46	23013779.0	23013779.0	22571423.0	22571423.0	261262.0	147052.0	21817222.0	21817222.0	446357.0	330937.0	21817222.0	21817222.0	446357.0	330937.0
J47	22750781.0	22750781.0	22263798.0	22263798.0	281805.0	174322.0	5228311.0	5228311.0	55781.0	43906.0	5228311.0	5228311.0	55781.0	43906.0
J48	24158434.0	24158434.0	23490865.0	23490865.0	393800.0	217260.0	10064784.0	10064784.0	174308.0	117433.0	10064784.0	10064784.0	174308.0	117433.0
J49	22942734.0	22942734.0	22384682.0	22384682.0	358209.0	151015.0	21672800.0	21672800.0	551624.0	348795.0	21672800.0	21672800.0	551624.0	348795.0
J5	17380599.0	17380599.0	16948374.0	16948374.0	274556.0	122003.0	7795312.0	7795312.0	143304.0	72770.0	7795312.0	7795312.0	143304.0	72770.0
J50	23448549.0	23448549.0	22917648.0	22917648.0	343604.0	142427.0	22179353.0	22179353.0	528497.0	328908.0	22179353.0	22179353.0	528497.0	328908.0
J51	23517317.0	23517317.0	22961281.0	22961281.0	334436.0	172440.0	22238883.0	22238883.0	370684.0	209032.0	22238883.0	22238883.0	370684.0	209032.0
J52	23948221.0	23948221.0	23413905.0	23413905.0	324193.0	161103.0	22452321.0	22452321.0	469659.0	309954.0	22452321.0	22452321.0	469659.0	309954.0
J53	23561643.0	23561643.0	23052090.0	23052090.0	309677.0	161049.0	21976408.0	21976408.0	400050.0	255417.0	21976408.0	21976408.0	400050.0	255417.0
J54	23293752.0	23293752.0	22602463.0	22602463.0	421886.0	211799.0	4200572.0	4200572.0	70692.0	48084.0	4200572.0	4200572.0	70692.0	48084.0
J55	22409298.0	22409298.0	21850581.0	21850581.0	337060.0	174678.0	9226807.0	9226807.0	169246.0	115938.0	9226807.0	9226807.0	169246.0	115938.0
J56	22203621.0	22203621.0	21686703.0	21686703.0	327073.0	143969.0	20908020.0	20908020.0	516789.0	334847.0	20908020.0	20908020.0	516789.0	334847.0
J57	23227142.0	23227142.0	22751173.0	22751173.0	248543.0	186989.0	22163605.0	22163605.0	338695.0	273823.0	22163605.0	22163605.0	338695.0	273823.0
J58	22419979.0	22419979.0	21955708.0	21955708.0	256435.0	169320.0	21488338.0	21488338.0	365268.0	274482.0	21488338.0	21488338.0	365268.0	274482.0
J59	22847686.0	22847686.0	22376726.0	22376726.0	229034.0	203939.0	20517336.0	20517336.0	282452.0	261193.0	20517336.0	20517336.0	282452.0	261193.0
J6	24168652.0	24168652.0	23686368.0	23686368.0	295964.0	136769.0	22917908.0	22917908.0	379371.0	221252.0	22917908.0	22917908.0	379371.0	221252.0
J60	23036831.0	23036831.0	22534213.0	22534213.0	282034.0	178594.0	21955843.0	21955843.0	436321.0	328832.0	21955843.0	21955843.0	436321.0	328832.0
J61	22768361.0	22768361.0	22286001.0	22286001.0	296537.0	149668.0	21909757.0	21909757.0	363152.0	213038.0	21909757.0	21909757.0	363152.0	213038.0
J62	23469668.0	23469668.0	22938323.0	22938323.0	343445.0	143983.0	22188813.0	22188813.0	530877.0	334509.0	22188813.0	22188813.0	530877.0	334509.0
J63	22137223.0	22137223.0	21683428.0	21683428.0	272868.0	143431.0	20914832.0	20914832.0	424782.0	294543.0	20914832.0	20914832.0	424782.0	294543.0
J64	24081655.0	24081655.0	23543290.0	23543290.0	316460.0	178877.0	22386750.0	22386750.0	512660.0	375028.0	22386750.0	22386750.0	512660.0	375028.0
J65	23228539.0	23228539.0	22806629.0	22806629.0	200367.0	192487.0	21282327.0	21282327.0	328942.0	318704.0	21282327.0	21282327.0	328942.0	318704.0
J66	23118064.0	23118064.0	22612272.0	22612272.0	244491.0	213976.0	22040782.0	22040782.0	303150.0	269332.0	22040782.0	22040782.0	303150.0	269332.0
J67	22622486.0	22622486.0	22069906.0	22069906.0	315103.0	195992.0	6660203.0	6660203.0	84636.0	62507.0	6660203.0	6660203.0	84636.0	62507.0
J68	18770393.0	18770393.0	18292410.0	18292410.0	277493.0	165605.0	7284855.0	7284855.0	128196.0	95525.0	7284855.0	7284855.0	128196.0	95525.0
J69	23745916.0	23745916.0	23174221.0	23174221.0	340787.0	183635.0	22391738.0	22391738.0	419373.0	258370.0	22391738.0	22391738.0	419373.0	258370.0
J7	21005419.0	21005419.0	20585410.0	20585410.0	272771.0	105801.0	19952030.0	19952030.0	432089.0	266330.0	19952030.0	19952030.0	432089.0	266330.0
J70	22804154.0	22804154.0	22356778.0	22356778.0	265719.0	144608.0	21966450.0	21966450.0	317995.0	192132.0	21966450.0	21966450.0	317995.0	192132.0
J71	23304092.0	23304092.0	22879332.0	22879332.0	232073.0	160488.0	22290480.0	22290480.0	370718.0	296065.0	22290480.0	22290480.0	370718.0	296065.0
J72	21789852.0	21789852.0	21334859.0	21334859.0	242486.0	177786.0	15390814.0	15390814.0	242769.0	209455.0	15390814.0	15390814.0	242769.0	209455.0
J73	23872958.0	23872958.0	23268651.0	23268651.0	333033.0	217196.0	22746127.0	22746127.0	410702.0	294380.0	22746127.0	22746127.0	410702.0	294380.0
J74	23393063.0	23393063.0	22898902.0	22898902.0	264769.0	186772.0	21949821.0	21949821.0	374974.0	295792.0	21949821.0	21949821.0	374974.0	295792.0
J75	23519531.0	23519531.0	23042568.0	23042568.0	263524.0	170180.0	21886616.0	21886616.0	407455.0	313956.0	21886616.0	21886616.0	407455.0	313956.0
J76	23432902.0	23432902.0	22947941.0	22947941.0	249512.0	193514.0	22266410.0	22266410.0	343793.0	285333.0	22266410.0	22266410.0	343793.0	285333.0
J77	22699844.0	22699844.0	22311560.0	22311560.0	206089.0	150410.0	21527309.0	21527309.0	391738.0	330147.0	21527309.0	21527309.0	391738.0	330147.0
J78	23667459.0	23667459.0	23208774.0	23208774.0	233458.0	186103.0	22604200.0	22604200.0	337433.0	284208.0	22604200.0	22604200.0	337433.0	284208.0
J79	23692278.0	23692278.0	23220331.0	23220331.0	240589.0	190975.0	22384724.0	22384724.0	430145.0	375580.0	22384724.0	22384724.0	430145.0	375580.0
J8	21673722.0	21673722.0	21347093.0	21347093.0	177802.0	113513.0	20236104.0	20236104.0	346109.0	280712.0	20236104.0	20236104.0	346109.0	280712.0
J80	23211268.0	23211268.0	22689627.0	22689627.0	252227.0	223069.0	21280368.0	21280368.0	345959.0	316441.0	21280368.0	21280368.0	345959.0	316441.0
J81	23769304.0	23769304.0	23220448.0	23220448.0	286608.0	210604.0	22761917.0	22761917.0	360459.0	283323.0	22761917.0	22761917.0	360459.0	283323.0
J82	23447167.0	23447167.0	23008765.0	23008765.0	227927.0	172893.0	22424576.0	22424576.0	360150.0	299834.0	22424576.0	22424576.0	360150.0	299834.0
J83	24242438.0	24242438.0	23793718.0	23793718.0	198926.0	211846.0	22529672.0	22529672.0	326253.0	331090.0	22529672.0	22529672.0	326253.0	331090.0
J84	23245167.0	23245167.0	22829443.0	22829443.0	235053.0	148017.0	22127366.0	22127366.0	384190.0	294647.0	22127366.0	22127366.0	384190.0	294647.0
J85	23217531.0	23217531.0	22772726.0	22772726.0	251075.0	156702.0	20858710.0	20858710.0	404542.0	316407.0	20858710.0	20858710.0	404542.0	316407.0
J86	22877939.0	22877939.0	22413398.0	22413398.0	232938.0	193281.0	21888668.0	21888668.0	331471.0	288155.0	21888668.0	21888668.0	331471.0	288155.0
J87	24352512.0	24352512.0	23745605.0	23745605.0	362599.0	194829.0	9727327.0	9727327.0	164803.0	109970.0	9727327.0	9727327.0	164803.0	109970.0
J88	24476271.0	24476271.0	23913084.0	23913084.0	299366.0	219146.0	20486075.0	20486075.0	346748.0	283536.0	20486075.0	20486075.0	346748.0	283536.0
J89	24511229.0	24511229.0	23969267.0	23969267.0	281616.0	213608.0	20600760.0	20600760.0	296990.0	240002.0	20600760.0	20600760.0	296990.0	240002.0
J9	22228254.0	22228254.0	21802265.0	21802265.0	243215.0	142453.0	14599216.0	14599216.0	231377.0	167007.0	14599216.0	14599216.0	231377.0	167007.0
J90	23516599.0	23516599.0	22870537.0	22870537.0	386291.0	199098.0	22471992.0	22471992.0	469506.0	284689.0	22471992.0	22471992.0	469506.0	284689.0
J91	21236337.0	21236337.0	20701358.0	20701358.0	355331.0	133008.0	20279662.0	20279662.0	412392.0	189599.0	20279662.0	20279662.0	412392.0	189599.0
J92	23270114.0	23270114.0	22748372.0	22748372.0	287524.0	188585.0	22210169.0	22210169.0	360643.0	259576.0	22210169.0	22210169.0	360643.0	259576.0
J93	24181407.0	24181407.0	23593958.0	23593958.0	304490.0	227575.0	23117675.0	23117675.0	378684.0	299252.0	23117675.0	23117675.0	378684.0	299252.0
J94	22406853.0	22406853.0	21861179.0	21861179.0	297932.0	196358.0	20510574.0	20510574.0	354972.0	259191.0	20510574.0	20510574.0	354972.0	259191.0
J95	22591659.0	22591659.0	22123934.0	22123934.0	236125.0	195695.0	21188306.0	21188306.0	316376.0	272133.0	21188306.0	21188306.0	316376.0	272133.0
J96	23674418.0	23674418.0	23207322.0	23207322.0	255438.0	173310.0	21157537.0	21157537.0	383284.0	305174.0	21157537.0	21157537.0	383284.0	305174.0
J97	22971187.0	22971187.0	22513048.0	22513048.0	241643.0	178764.0	21937176.0	21937176.0	309260.0	241258.0	21937176.0	21937176.0	309260.0	241258.0
J98	21463103.0	21463103.0	21030706.0	21030706.0	260448.0	137852.0	20413082.0	20413082.0	405097.0	278618.0	20413082.0	20413082.0	405097.0	278618.0
J99	23953408.0	23953408.0	23287730.0	23287730.0	395708.0	208484.0	15909826.0	15909826.0	330091.0	216771.0	15909826.0	15909826.0	330091.0	216771.0
M201	23878810.0	23878810.0	23382271.0	23382271.0	333012.0	124825.0	22639602.0	22639602.0	482275.0	276043.0	22639602.0	22639602.0	482275.0	276043.0
M202	22493844.0	22493844.0	22006374.0	22006374.0	335239.0	111623.0	21240851.0	21240851.0	533334.0	315040.0	21240851.0	21240851.0	533334.0	315040.0
M203	21878752.0	21878752.0	21410128.0	21410128.0	334627.0	99328.0	20610327.0	20610327.0	452509.0	218622.0	20610327.0	20610327.0	452509.0	218622.0
M204	21352658.0	21352658.0	20825752.0	20825752.0	367717.0	113580.0	20152827.0	20152827.0	415259.0	162980.0	20152827.0	20152827.0	415259.0	162980.0
M205	20413447.0	20413447.0	19966169.0	19966169.0	300124.0	108233.0	19379386.0	19379386.0	413327.0	221920.0	19379386.0	19379386.0	413327.0	221920.0
M206	24062754.0	24062754.0	23440597.0	23440597.0	453864.0	118819.0	22396312.0	22396312.0	641354.0	314110.0	22396312.0	22396312.0	641354.0	314110.0
M207	20785089.0	20785089.0	20199024.0	20199024.0	406789.0	134554.0	13047969.0	13047969.0	306376.0	123531.0	13047969.0	13047969.0	306376.0	123531.0
M208	21597520.0	21597520.0	21119240.0	21119240.0	331692.0	108353.0	20262338.0	20262338.0	433565.0	213532.0	20262338.0	20262338.0	433565.0	213532.0
M209	24090835.0	24090835.0	23429497.0	23429497.0	453318.0	157323.0	22304926.0	22304926.0	623274.0	326313.0	22304926.0	22304926.0	623274.0	326313.0
M210	22801304.0	22801304.0	22200592.0	22200592.0	481083.0	80383.0	21272108.0	21272108.0	519314.0	130403.0	21272108.0	21272108.0	519314.0	130403.0
M211	22887325.0	22887325.0	22358693.0	22358693.0	428021.0	70339.0	21608159.0	21608159.0	605396.0	253962.0	21608159.0	21608159.0	605396.0	253962.0
M212	20550759.0	20550759.0	20022602.0	20022602.0	420007.0	69951.0	19364377.0	19364377.0	544025.0	202761.0	19364377.0	19364377.0	544025.0	202761.0
M213	17387179.0	17387179.0	16954599.0	16954599.0	293172.0	117244.0	9478244.0	9478244.0	180096.0	85864.0	9478244.0	9478244.0	180096.0	85864.0
M214	24220065.0	24220065.0	23552964.0	23552964.0	528863.0	94043.0	22838173.0	22838173.0	639608.0	210065.0	22838173.0	22838173.0	639608.0	210065.0
M215	23371306.0	23371306.0	22794806.0	22794806.0	467894.0	74783.0	22094683.0	22094683.0	610377.0	223160.0	22094683.0	22094683.0	610377.0	223160.0
M216	23770773.0	23770773.0	23302476.0	23302476.0	321163.0	125806.0	22548957.0	22548957.0	397018.0	191929.0	22548957.0	22548957.0	397018.0	191929.0
M217	22691333.0	22691333.0	22190858.0	22190858.0	388161.0	79306.0	21434798.0	21434798.0	571637.0	266924.0	21434798.0	21434798.0	571637.0	266924.0
M218	20716881.0	20716881.0	20143192.0	20143192.0	336953.0	185774.0	18247065.0	18247065.0	407059.0	255974.0	18247065.0	18247065.0	407059.0	255974.0
M219	22913346.0	22913346.0	22217531.0	22217531.0	448783.0	185734.0	19224867.0	19224867.0	459934.0	228880.0	19224867.0	19224867.0	459934.0	228880.0
M220	21390676.0	21390676.0	20770980.0	20770980.0	415768.0	146453.0	20404541.0	20404541.0	474753.0	201268.0	20404541.0	20404541.0	474753.0	201268.0
M221	23424109.0	23424109.0	22754954.0	22754954.0	413647.0	193096.0	22248908.0	22248908.0	511994.0	290067.0	22248908.0	22248908.0	511994.0	290067.0
M222	19742725.0	19742725.0	19278008.0	19278008.0	286637.0	139908.0	18670279.0	18670279.0	388305.0	237067.0	18670279.0	18670279.0	388305.0	237067.0
M223	20763202.0	20763202.0	20129615.0	20129615.0	455161.0	128245.0	19300443.0	19300443.0	595059.0	272834.0	19300443.0	19300443.0	595059.0	272834.0
M224	21602886.0	21602886.0	20953810.0	20953810.0	416526.0	184287.0	17435409.0	17435409.0	415490.0	220844.0	17435409.0	17435409.0	415490.0	220844.0
M225	20120707.0	20120707.0	19639149.0	19639149.0	283355.0	158467.0	18498499.0	18498499.0	366598.0	239980.0	18498499.0	18498499.0	366598.0	239980.0
M226	23478843.0	23478843.0	22813393.0	22813393.0	411438.0	204164.0	10938804.0	10938804.0	226107.0	128976.0	10938804.0	10938804.0	226107.0	128976.0
M227	21007142.0	21007142.0	20484643.0	20484643.0	335979.0	140825.0	19706733.0	19706733.0	481155.0	284327.0	19706733.0	19706733.0	481155.0	284327.0
M228	20468467.0	20468467.0	19915596.0	19915596.0	350529.0	156746.0	19384734.0	19384734.0	454669.0	257244.0	19384734.0	19384734.0	454669.0	257244.0
M229	22699446.0	22699446.0	22041717.0	22041717.0	432167.0	173355.0	21374238.0	21374238.0	550082.0	287543.0	21374238.0	21374238.0	550082.0	287543.0
M230	20678743.0	20678743.0	20097139.0	20097139.0	373632.0	157402.0	16844258.0	16844258.0	396690.0	209636.0	16844258.0	16844258.0	396690.0	209636.0
M231	21860180.0	21860180.0	21207142.0	21207142.0	394998.0	202962.0	17551555.0	17551555.0	398231.0	236388.0	17551555.0	17551555.0	398231.0	236388.0
M232	20541506.0	20541506.0	19978025.0	19978025.0	363134.0	146645.0	19132628.0	19132628.0	454913.0	236527.0	19132628.0	19132628.0	454913.0	236527.0
M233	21105979.0	21105979.0	20583398.0	20583398.0	310742.0	166673.0	19965537.0	19965537.0	358483.0	209612.0	19965537.0	19965537.0	358483.0	209612.0
M234	22948431.0	22948431.0	22343864.0	22343864.0	387352.0	158787.0	21658079.0	21658079.0	542482.0	313592.0	21658079.0	21658079.0	542482.0	313592.0
M235	21807646.0	21807646.0	21241886.0	21241886.0	370233.0	146616.0	20306302.0	20306302.0	526334.0	300953.0	20306302.0	20306302.0	526334.0	300953.0
M236	23474067.0	23474067.0	22874424.0	22874424.0	373953.0	175543.0	20281357.0	20281357.0	486390.0	301414.0	20281357.0	20281357.0	486390.0	301414.0
M237	21056052.0	21056052.0	20508744.0	20508744.0	346322.0	150678.0	19841159.0	19841159.0	483447.0	284128.0	19841159.0	19841159.0	483447.0	284128.0
M238	23000367.0	23000367.0	22372498.0	22372498.0	398969.0	171166.0	21789183.0	21789183.0	523632.0	293202.0	21789183.0	21789183.0	523632.0	293202.0
M239	20962126.0	20962126.0	20456832.0	20456832.0	320536.0	138299.0	19358642.0	19358642.0	459596.0	278251.0	19358642.0	19358642.0	459596.0	278251.0
M240	20712887.0	20712887.0	20107986.0	20107986.0	363614.0	188938.0	15037217.0	15037217.0	369649.0	234770.0	15037217.0	15037217.0	369649.0	234770.0
M241	21537971.0	21537971.0	21051999.0	21051999.0	304697.0	140670.0	20467249.0	20467249.0	441574.0	276637.0	20467249.0	20467249.0	441574.0	276637.0
M242	19754275.0	19754275.0	19307242.0	19307242.0	267442.0	142295.0	18381952.0	18381952.0	438107.0	310156.0	18381952.0	18381952.0	438107.0	310156.0
M243	22395233.0	22395233.0	21788509.0	21788509.0	387134.0	168268.0	21190703.0	21190703.0	510048.0	289246.0	21190703.0	21190703.0	510048.0	289246.0
M244	22207103.0	22207103.0	21624450.0	21624450.0	375920.0	158858.0	18518052.0	18518052.0	416691.0	225682.0	18518052.0	18518052.0	416691.0	225682.0
M245	19703423.0	19703423.0	19217138.0	19217138.0	303622.0	139126.0	18551630.0	18551630.0	433350.0	264086.0	18551630.0	18551630.0	433350.0	264086.0
M246	24093860.0	24093860.0	23497629.0	23497629.0	393496.0	155322.0	22757371.0	22757371.0	530295.0	287012.0	22757371.0	22757371.0	530295.0	287012.0
M247	22749405.0	22749405.0	22120923.0	22120923.0	367733.0	202052.0	21476515.0	21476515.0	434326.0	266626.0	21476515.0	21476515.0	434326.0	266626.0
M248	19505057.0	19505057.0	18957828.0	18957828.0	341162.0	159699.0	15436612.0	15436612.0	332096.0	180801.0	15436612.0	15436612.0	332096.0	180801.0
M249	22708286.0	22708286.0	22099751.0	22099751.0	376196.0	182361.0	21506295.0	21506295.0	461501.0	263118.0	21506295.0	21506295.0	461501.0	263118.0
M250	23217929.0	23217929.0	22653721.0	22653721.0	351951.0	159954.0	21855240.0	21855240.0	542231.0	346419.0	21855240.0	21855240.0	542231.0	346419.0
M251	22959400.0	22959400.0	22313292.0	22313292.0	382015.0	210492.0	21579530.0	21579530.0	462518.0	288625.0	21579530.0	21579530.0	462518.0	288625.0
M252	22387995.0	22387995.0	21822360.0	21822360.0	355336.0	160489.0	21428074.0	21428074.0	422737.0	226354.0	21428074.0	21428074.0	422737.0	226354.0
M253	23864084.0	23864084.0	23124334.0	23124334.0	486984.0	199225.0	21858259.0	21858259.0	523842.0	240874.0	21858259.0	21858259.0	523842.0	240874.0
M254	23750641.0	23750641.0	23137426.0	23137426.0	380116.0	184075.0	22678862.0	22678862.0	458731.0	255652.0	22678862.0	22678862.0	458731.0	255652.0
M255	21328711.0	21328711.0	20675364.0	20675364.0	432675.0	162875.0	20023784.0	20023784.0	543931.0	271366.0	20023784.0	20023784.0	543931.0	271366.0
M256	23180401.0	23180401.0	22499678.0	22499678.0	389146.0	225719.0	21854689.0	21854689.0	457974.0	294502.0	21854689.0	21854689.0	457974.0	294502.0
M257	22807364.0	22807364.0	22247182.0	22247182.0	365227.0	144979.0	21752748.0	21752748.0	463437.0	247221.0	21752748.0	21752748.0	463437.0	247221.0
M258	21874032.0	21874032.0	21427168.0	21427168.0	202946.0	199447.0	19429365.0	19429365.0	281025.0	276560.0	19429365.0	19429365.0	281025.0	276560.0
M259	20527772.0	20527772.0	20133054.0	20133054.0	224113.0	135783.0	19114607.0	19114607.0	302023.0	216349.0	19114607.0	19114607.0	302023.0	216349.0
M260	23711138.0	23711138.0	23225226.0	23225226.0	257529.0	179756.0	22298369.0	22298369.0	363083.0	284576.0	22298369.0	22298369.0	363083.0	284576.0
M261	22645581.0	22645581.0	22117222.0	22117222.0	301678.0	171060.0	21647551.0	21647551.0	361070.0	231736.0	21647551.0	21647551.0	361070.0	231736.0
M262	23197495.0	23197495.0	22751559.0	22751559.0	248814.0	155614.0	21939933.0	21939933.0	387507.0	296318.0	21939933.0	21939933.0	387507.0	296318.0
M263	20530804.0	20530804.0	20085931.0	20085931.0	237620.0	161907.0	19356836.0	19356836.0	330908.0	255000.0	19356836.0	19356836.0	330908.0	255000.0
M264	23760687.0	23760687.0	23183047.0	23183047.0	342126.0	174058.0	22672780.0	22672780.0	401856.0	233381.0	22672780.0	22672780.0	401856.0	233381.0
M265	22483829.0	22483829.0	21935242.0	21935242.0	330771.0	159664.0	21492946.0	21492946.0	425210.0	257146.0	21492946.0	21492946.0	425210.0	257146.0
M266	20822509.0	20822509.0	20329272.0	20329272.0	290192.0	150323.0	19779393.0	19779393.0	369401.0	232397.0	19779393.0	19779393.0	369401.0	232397.0
M267	22361004.0	22361004.0	21921823.0	21921823.0	208886.0	189154.0	19883829.0	19883829.0	259126.0	233499.0	19883829.0	19883829.0	259126.0	233499.0
M268	24387550.0	24387550.0	23882383.0	23882383.0	263455.0	189615.0	23219016.0	23219016.0	316759.0	244037.0	23219016.0	23219016.0	316759.0	244037.0
M269	24136989.0	24136989.0	23634078.0	23634078.0	279564.0	172816.0	23129503.0	23129503.0	341543.0	234796.0	23129503.0	23129503.0	341543.0	234796.0
M270	22222987.0	22222987.0	21731722.0	21731722.0	299269.0	147024.0	21041282.0	21041282.0	452517.0	303261.0	21041282.0	21041282.0	452517.0	303261.0
M271	23477974.0	23477974.0	22962262.0	22962262.0	294839.0	171450.0	21815988.0	21815988.0	423340.0	306367.0	21815988.0	21815988.0	423340.0	306367.0
M272	23185820.0	23185820.0	22556982.0	22556982.0	371238.0	200006.0	14083738.0	14083738.0	254950.0	149494.0	14083738.0	14083738.0	254950.0	149494.0
M273	21426043.0	21426043.0	20958161.0	20958161.0	250956.0	168537.0	20055569.0	20055569.0	337646.0	256786.0	20055569.0	20055569.0	337646.0	256786.0
M274	21884920.0	21884920.0	21397578.0	21397578.0	250728.0	185410.0	20115778.0	20115778.0	324161.0	259908.0	20115778.0	20115778.0	324161.0	259908.0
M275	19766453.0	19766453.0	19387957.0	19387957.0	195972.0	149460.0	18614692.0	18614692.0	282807.0	236155.0	18614692.0	18614692.0	282807.0	236155.0
M276	22883595.0	22883595.0	22360611.0	22360611.0	311159.0	161300.0	21546044.0	21546044.0	503732.0	360150.0	21546044.0	21546044.0	503732.0	360150.0
M277	25041177.0	25041177.0	24553567.0	24553567.0	240693.0	198159.0	23083220.0	23083220.0	346710.0	300206.0	23083220.0	23083220.0	346710.0	300206.0
M278	23970804.0	23970804.0	23407472.0	23407472.0	321892.0	179195.0	22711668.0	22711668.0	445978.0	305313.0	22711668.0	22711668.0	445978.0	305313.0
M279	24360413.0	24360413.0	23806462.0	23806462.0	335327.0	163656.0	23339115.0	23339115.0	386532.0	216845.0	23339115.0	23339115.0	386532.0	216845.0
M280	20707079.0	20707079.0	20321563.0	20321563.0	185214.0	163234.0	19533279.0	19533279.0	263735.0	241700.0	19533279.0	19533279.0	263735.0	241700.0
M281	20492670.0	20492670.0	20032953.0	20032953.0	278002.0	135153.0	19288928.0	19288928.0	411349.0	269935.0	19288928.0	19288928.0	411349.0	269935.0
M282	19738191.0	19738191.0	19317159.0	19317159.0	240118.0	140039.0	18732110.0	18732110.0	361372.0	264270.0	18732110.0	18732110.0	361372.0	264270.0
M283	21484274.0	21484274.0	21128556.0	21128556.0	171419.0	154007.0	20044334.0	20044334.0	303540.0	284440.0	20044334.0	20044334.0	303540.0	284440.0
M285	23644857.0	23644857.0	23218356.0	23218356.0	279212.0	105207.0	22379775.0	22379775.0	427644.0	261287.0	22379775.0	22379775.0	427644.0	261287.0
M286	22719789.0	22719789.0	22350702.0	22350702.0	233836.0	97432.0	21489051.0	21489051.0	385292.0	253110.0	21489051.0	21489051.0	385292.0	253110.0
M287	23678169.0	23678169.0	23146205.0	23146205.0	342740.0	140490.0	22523924.0	22523924.0	410690.0	212537.0	22523924.0	22523924.0	410690.0	212537.0
M288	22229108.0	22229108.0	21687483.0	21687483.0	329918.0	156907.0	20445191.0	20445191.0	513380.0	348450.0	20445191.0	20445191.0	513380.0	348450.0
M289	23399805.0	23399805.0	22831398.0	22831398.0	337916.0	169482.0	22046632.0	22046632.0	503347.0	337973.0	22046632.0	22046632.0	503347.0	337973.0
M290	21534048.0	21534048.0	21113945.0	21113945.0	270619.0	112573.0	20506654.0	20506654.0	425132.0	271540.0	20506654.0	20506654.0	425132.0	271540.0
M291	23227022.0	23227022.0	22787350.0	22787350.0	243598.0	147521.0	15595274.0	15595274.0	260011.0	196491.0	15595274.0	15595274.0	260011.0	196491.0
M292	24069806.0	24069806.0	23407890.0	23407890.0	423358.0	159715.0	22784802.0	22784802.0	558351.0	299922.0	22784802.0	22784802.0	558351.0	299922.0
M293	23256804.0	23256804.0	22716136.0	22716136.0	341677.0	146573.0	21943427.0	21943427.0	484756.0	297388.0	21943427.0	21943427.0	484756.0	297388.0
M294	22274106.0	22274106.0	21724380.0	21724380.0	332182.0	158900.0	21323603.0	21323603.0	372959.0	202417.0	21323603.0	21323603.0	372959.0	202417.0
M295	22997073.0	22997073.0	22565336.0	22565336.0	213748.0	178874.0	22072030.0	22072030.0	281545.0	245454.0	22072030.0	22072030.0	281545.0	245454.0
M296	23118851.0	23118851.0	22575548.0	22575548.0	334178.0	156129.0	21467061.0	21467061.0	426973.0	256108.0	21467061.0	21467061.0	426973.0	256108.0
M297	23921645.0	23921645.0	23488199.0	23488199.0	195081.0	209554.0	23131948.0	23131948.0	225795.0	238217.0	23131948.0	23131948.0	225795.0	238217.0
M298	23983769.0	23983769.0	23458371.0	23458371.0	289056.0	185140.0	22919660.0	22919660.0	319647.0	216150.0	22919660.0	22919660.0	319647.0	216150.0
