Sample_Name	Methanobacteria	Actinobacteria	Coriobacteriia	Bacteroidetes_unclassified	Bacteroidia	Sphingobacteriia	Candidatus_Saccharibacteria_unclassified	Deinococci	Bacilli	Clostridia	Erysipelotrichia	Firmicutes_unclassified	Negativicutes	Tissierellia	Fusobacteriia	Lentisphaerae_unclassified	Lentisphaeria	Alphaproteobacteria	Betaproteobacteria	Deltaproteobacteria	Epsilonproteobacteria	Gammaproteobacteria	Proteobacteria_unclassified	Spirochaetia	Synergistia	Mollicutes	Verrucomicrobiae	Conoidasida	Saccharomycetes	Tremellomycetes	Eukaryota_unclassified
LCC11561001	0.0	0.58767726109157	0.004245875378506024	0.0	0.059743539094418076	0.0	0.0	0.0	0.2396028130699751	0.0031935477924641157	0.0	0.0	0.007613182631669126	0.0	0.0	0.0	0.0	0.0	0.001941774564576418	0.0	0.0	0.07779729815622577	0.0	0.01818470822059534	0.0	0.0	0.0	0.0	0.0	0.0	0.0
LCC10981001	0.0	0.07386765518765545	0.005188933362533257	0.0	0.7252020232139396	0.0	0.0	0.0	0.025093425556982702	0.054886268134480685	0.0013290308548645176	0.0	0.08070504786164849	0.0	0.0026617701668655356	0.0	0.0	0.0	0.0098557760973901	0.0	0.015915495287002007	0.0014847860545975087	0.0	0.0	0.0	0.0	0.0038097882220403632	0.0	0.0	0.0	0.0
LCC11311001	0.0008812474921866414	0.02339243215190799	0.004245837593380823	0.0	0.3474644848544354	0.0	0.0	0.0	0.011512121911914322	0.25359259134952794	0.004706899548706305	0.14684362415535843	0.043750691918541695	0.0	0.0	0.0	0.0001322472362080885	0.0	0.007713119677236594	0.014906267266655011	0.0	0.019299179816667258	0.0	0.022889091155915982	0.0	0.09693542076912788	0.0	0.0	0.0	0.0	0.0017347431022296164
LCC11411001	0.0	0.7255710453520652	0.0	0.0	0.0022403157270326902	0.0	0.0	0.0	0.2087965706382533	0.006275469759300691	0.0	0.0	0.008919423049730693	0.0	0.0	0.0	0.0	0.0	0.0001464904044713047	0.0	0.0	0.048050685069146226	0.0	0.0	0.0	0.0	0.0	0.0	0.0	0.0	0.0
LCC11431001	0.0	0.6928926841079925	2.216760676711683e-05	0.0	0.17721256287425394	0.0	0.0	0.0	0.007770598772135257	0.01323676949961994	0.0008133806483011882	0.0	0.008913283732728074	0.0	0.0	0.0	0.0	0.0	0.00831756691557913	0.0	0.0	0.09082098584262283	0.0	0.0	0.0	0.0	0.0	0.0	0.0	0.0	0.0
LCC10911001	0.0	0.6371488798941106	0.017839335164413207	0.0	0.19812479953741144	0.0	1.0446641941064983e-05	0.0	0.004787667767422739	0.05038175417752741	0.0026626231574382337	0.0	0.014306534967451653	0.0	0.0	0.0	0.0	0.0	0.00286379160022226	0.003065242384680367	0.0	0.06776934266340807	0.0	0.0	0.001039582043973021	0.0	0.0	0.0	0.0	0.0	0.0
LCC11231001	0.0	0.5202948926136378	0.0	0.0	0.00012725388812691034	0.0	0.0	0.0	0.3972764263824243	0.0	0.0	0.0	0.005015565323145279	0.0	0.0	0.0	0.0	0.0	0.0024013038968024023	0.0	0.00022627363270402798	0.07465828426315943	0.0	0.0	0.0	0.0	0.0	0.0	0.0	0.0	0.0
LCC10931001	0.0	0.27755990901624367	0.006970410261635349	0.0	0.011871806825863553	0.0	0.0	0.0	0.219174628479325	0.020252553388300187	0.0005248600923569584	0.0	0.2732704488754843	0.0	0.0	0.0	0.0	0.0	0.03875176980140792	0.0	0.0	0.1516236132593832	0.0	0.0	0.0	0.0	0.0	0.0	0.0	0.0	0.0
LCC10941001	0.0	0.09817238814933696	0.00010426702580864282	0.0	0.10252016979169597	0.0	0.0	0.0	0.2872790395166917	0.04087816858035844	0.007323608559096148	0.0	0.01743648783679144	0.0	0.0009910478580537315	0.0	0.0	0.0	0.0	0.0	0.23376079406495737	0.2115340286172097	0.0	0.0	0.0	0.0	0.0	0.0	0.0	0.0	0.0
LCC11421001	0.0	0.3108764065762276	0.005088098253595598	0.0	0.3264795870487105	0.0	0.0	0.0	0.014234703821908942	0.0680423354479267	0.0005548501563686833	0.0	0.05531607409124487	0.0	0.0	0.0	0.0	0.0	0.12472006837069365	0.0	0.0	0.0946878762333234	0.0	0.0	0.0	0.0	0.0	0.0	0.0	0.0	0.0
LCC10861001	0.0	0.40226823511928816	0.0	0.0	0.370042427744562	0.0	0.0	0.0	0.039488979379543813	0.04608644094430474	0.0008515671556743267	0.0	0.09215179603756696	0.0	0.0	0.0	0.0	0.0	0.00019107797397102232	0.0	0.0	0.04891947564508898	0.0	0.0	0.0	0.0	0.0	0.0	0.0	0.0	0.0
LCC11021001	0.0	0.5308197940262238	0.008953381856370273	0.0	0.10636127049101787	0.0	0.0	0.0	0.11172026814152168	0.04770972032180047	0.00027212761635370884	0.0	0.06123791235957638	0.0	0.0009060699789580052	0.0	0.0	0.0	0.0308094455112358	0.0	0.09368395635226344	0.007526053344678358	0.0	0.0	0.0	0.0	0.0	0.0	0.0	0.0	0.0
LCC11471001	0.0	0.11357355349680756	0.0017886181789302333	0.0	0.6558614404047667	0.0	0.0	0.0	0.04712911878797263	0.057640576366754556	0.0021325986015530425	0.0	0.03523453783494581	0.0	9.892312822737846e-05	0.0	0.0	0.0	0.02545045031528372	0.0	0.0	0.06109018288475847	0.0	0.0	0.0	0.0	0.0	0.0	0.0	0.0	0.0
LCC11341001	0.0	0.03737353556298985	0.001322074744468616	0.0	0.8207409584321206	0.0	0.0	0.0	0.04840056782749929	0.04312077705323474	0.0	0.0	0.02185937681112129	0.0	0.0	0.0	0.0	0.0	0.0	0.0	0.00010099738167541065	0.02691435081705781	0.0	0.0	0.0	0.0	0.00016736136983279241	0.0	0.0	0.0	0.0
LCC11261001	0.0	0.3438907599471959	0.002167472567090428	0.0	0.2800477592029621	0.0	0.0	0.0	0.10715887990292497	0.003620956543077344	0.0	0.0	0.01601604851170378	0.0	0.0	0.0	0.0	0.0	0.00328382326876922	0.0	0.008220446447528696	0.23559385360874754	0.0	0.0	0.0	0.0	0.0	0.0	0.0	0.0	0.0
LCC11551001	0.0	0.11944809528334084	0.0030894657498024324	0.0	0.3182293898032311	0.0	0.0	0.0	0.02960078039121886	0.027948065897522488	0.0	0.0	0.1473600171248735	0.0	0.04135180371354644	0.0	0.0	0.0	0.0631698977884143	0.00047577992815442513	0.06597301450738305	0.18266635201647288	0.0	0.0	0.0	0.0	0.0006873377960395905	0.0	0.0	0.0	0.0
LCC10871001	0.0	0.46692706447142474	0.023755238689201215	0.0	0.2333039148419798	0.0	0.0	0.0	0.08489509727292499	0.06629365188176768	0.0	0.0	0.030657217693041593	0.0	0.0009010903041575157	0.0	0.0	0.0	0.015331328738998411	0.0	0.03839470737130148	0.03954068873520265	0.0	0.0	0.0	0.0	0.0	0.0	0.0	0.0	0.0
LCC11371001	0.0	0.43668127035577914	0.004269889789113252	0.0	3.9741788490596835e-05	0.0	0.0	0.0	0.17492643514655662	0.023601016468816956	0.0	0.0	0.10751385081413106	0.0	0.0	0.0	0.0	0.0	0.15192054445249178	0.0	0.0	0.10104725118462062	0.0	0.0	0.0	0.0	0.0	0.0	0.0	0.0	0.0
LCC11291001	0.0	0.11488841659163561	0.004295121100542175	0.0	0.001582547027709581	0.0	0.0	0.0	0.6919324364117139	0.007018620995739139	0.0	0.0	0.06021273742978832	0.0	0.0	0.0	0.0	0.0	0.010843295278941545	0.0	0.10503215798357264	0.0041946671803571095	0.0	0.0	0.0	0.0	0.0	0.0	0.0	0.0	0.0
LCC11091001	0.0	0.10912328773428998	0.0	0.0	0.793604579311024	0.0	0.0	0.0	0.03712734732769619	0.017062040389992355	0.0002730879117921041	0.0	0.005191972596343544	0.0	0.0	0.0	0.0	0.0	0.0	0.0	0.0	0.037617684728861935	0.0	0.0	0.0	0.0	0.0	0.0	0.0	0.0	0.0
LCC11441001	0.0	0.1764866539319561	0.002329549711696572	0.0	0.09038415213333262	0.0	0.0	0.0	0.2143384127158047	0.4398398721587592	0.00010121033461244339	0.0010266051254121924	0.02570108046312239	0.0	5.901418515710643e-05	0.0	0.0	0.0	0.012130436253803702	2.5075993351739596e-05	0.0	0.03756414016130814	0.0	0.0	6.9487692420479585e-06	0.0	6.8480624414386675e-06	0.0	0.0	0.0	0.0
LCC11301001	0.0	0.6681432284990443	0.004195332839811852	0.0	7.574934312210817e-05	0.0	0.0	0.0	0.06503566423168052	0.0021127762624573634	0.0	0.0	0.008297204799206204	0.0	0.0	0.0	0.0	0.0	0.0	0.0	0.051842270054713646	0.200297773969964	0.0	0.0	0.0	0.0	0.0	0.0	0.0	0.0	0.0
LCC11011001	0.0	0.03354304308698611	0.0	0.0	0.0	0.0	0.0	0.0	0.48355109125895357	0.0	0.0	0.0	0.0	0.0	0.0	0.0	0.0	0.0	0.0	0.0	0.009735087103170245	0.47317077855089	0.0	0.0	0.0	0.0	0.0	0.0	0.0	0.0	0.0
LCC11081001	0.0	0.4313881556895005	0.0014834522538021914	0.0	0.0509493814093207	0.0	0.0	0.0	0.06733033058648877	0.20387221385901036	0.004435238904193633	0.0	0.010502705796086337	0.0	0.0	0.0	0.0	0.0	0.005687417978115749	0.0	0.03826329660595096	0.18608780691753105	0.0	0.0	0.0	0.0	0.0	0.0	0.0	0.0	0.0
LCC11541001	0.0	0.046667356617571855	0.009739439238390475	0.0	0.4005834898759733	0.0	0.0	0.0	0.043260924590371744	0.04925256655719714	0.00019495124413792226	5.114461651766243e-06	0.36229622881660195	0.0	0.00011502524538384611	0.0	0.0	0.0	0.006670260829521556	0.0	0.03169953360121079	0.04951510892198782	0.0	0.0	0.0	0.0	0.0	0.0	0.0	0.0	0.0
LCC11591001	0.0	0.2061312575806869	0.003913645296482641	0.0	0.5175066597997798	0.0	0.0	0.0	0.1432492219729174	0.038223569188486836	0.0006700817023476647	0.0	0.03602604534946491	0.0	0.0	0.0	0.0012595295062044077	0.0	0.024459282682439694	0.0	0.0	0.028230868257015245	0.0	0.0	0.0	0.0	0.00032983866417441745	0.0	0.0	0.0	0.0
LCC10881001	0.0	0.4116455411125016	0.00993589580120048	0.0	0.41818316734005023	0.0	0.0	0.0	0.0005832291031322456	0.00681564010044101	0.0	0.0	0.09084103296754507	4.6302310485291447e-05	0.0010429520433069593	0.0	0.0	0.0	0.032642028837238976	7.400369278426517e-06	0.0068896437932252814	0.021367166221594458	0.0	0.0	0.0	0.0	0.0	0.0	0.0	0.0	0.0
LCC10851001	0.0	0.19827533531974545	0.0012380851830653182	0.0	0.4650786855221564	0.0	0.0	0.0	0.04164423722433321	0.02549804380537701	0.0028422869797312617	0.0	0.013710391040590558	0.0	0.0	0.0	0.0	0.0	0.054409536541443114	0.0	0.0	0.19730339838355754	0.0	0.0	0.0	0.0	0.0	0.0	0.0	0.0	0.0
LCC11401001	0.0	0.6100026329633064	0.00012655383712842518	0.0	0.1278362672194996	0.0	0.0	0.0	0.0075044816681940725	0.05106474140385743	0.0005051428583685572	0.0	0.05999268561721004	0.0	0.0	0.0	0.0	0.0	0.04124180416437199	0.0	0.0019267285457730725	0.09979896172229048	0.0	0.0	0.0	0.0	0.0	0.0	0.0	0.0	0.0
LCC11171001	0.0	0.04213461684234095	0.0	0.0	0.05313259429157764	0.0	0.0	0.0	0.8124072872067264	0.023609577924930188	0.0	0.0	0.004158753919978474	0.0	0.00020652206106406507	0.0	0.0	0.0	0.0	0.0	1.2951553659340637e-05	0.064337696199723	0.0	0.0	0.0	0.0	0.0	0.0	0.0	0.0	0.0
LCC11241001	0.0	0.034729151077796346	0.0014671679406085543	0.0	0.6347190256951835	0.0	0.0	0.0	0.10096859410074958	0.11007678077635359	0.0006001314274663151	0.0004997888857725209	0.05069212052850446	0.0	0.0	0.0	0.0	2.166831879159435e-05	0.005068057759232576	0.0	0.006398128019262526	0.05475938547027845	0.0	0.0	0.0	0.0	0.0	0.0	0.0	0.0	0.0
LCC11121001	0.0	0.012257119119393662	0.0	0.0	0.04050203334672591	0.0	0.0	0.0	0.18026174076292803	0.00011708484400850336	0.0	0.0	0.0011174184556188287	0.0	0.0	0.0	0.0	0.0	0.0	0.0	0.0	0.765744603471325	0.0	0.0	0.0	0.0	0.0	0.0	0.0	0.0	0.0
LCC11501001	0.0	0.13759741711868953	0.0017749208001475371	0.0	0.014068850164960517	0.0	0.0	0.0	0.7863536223906253	0.03539390300153339	0.0015815967506357781	0.0	0.012734584182272274	0.0	0.0	0.0	0.0	0.0	0.0028470541735391873	0.0	0.0	0.007648051417596348	0.0	0.0	0.0	0.0	0.0	0.0	0.0	0.0	0.0
LCC10991001	0.0	0.2048236107973289	0.01766713565578667	0.0	0.20694066543893042	0.0	0.0	0.0	0.027061359265343324	0.01314546953908662	9.755320551828833e-05	0.0	0.36204325839312756	0.00019810804812944884	0.002539284925998639	0.0	0.0	0.0	0.0799227898896058	0.0	0.00016348916699167578	0.08539727567415269	0.0	0.0	0.0	0.0	0.0	0.0	0.0	0.0	0.0
LCC11381001	0.0	0.05284511628023827	0.003829196049712722	0.0	0.6413041675982988	0.0	0.0	0.0	0.002498096958399385	0.11481176845950355	0.0034741625988890753	0.0	0.01182624162473276	0.0	0.01658839282798263	0.0	0.0	0.0	0.058002999645770485	0.0013265770122623702	0.0	0.056799423183694395	0.0	0.03146090788273747	0.0	0.0	0.005232949877778253	0.0	0.0	0.0	0.0
LCC11511001	0.0	0.42699362082743925	0.0016478226635902437	0.0	0.02701115862962375	0.0	0.0	0.0	0.1949357160386246	0.13502372170430904	0.0009636656929532736	0.0003156398425576286	0.033078142072842376	0.0	0.0	0.0	0.0	0.0	0.011029734897039503	0.0	0.0001568050021709104	0.1688439726288496	0.0	0.0	0.0	0.0	0.0	0.0	0.0	0.0	0.0
LCC11251001	0.0	0.18603278583923982	0.006569146590818684	0.0	0.6196361893271406	0.0	0.0	0.0	0.014470401619959434	0.09182208015384156	0.00027890205290972427	0.0	0.01256192904711709	0.0	0.00017897887136364941	0.0	0.0	0.0	0.008752307588433266	0.0035382437417338895	0.01591718093830877	0.01589139754708654	0.0	0.02435045668204674	0.0	0.0	0.0	0.0	0.0	0.0	0.0
LCC11161001	0.0	0.11345619182960293	0.014782586371194149	0.0	0.3338749859678744	0.0	0.0	0.0	0.12742972233254954	0.1598987774054335	0.018823939234226005	0.0	0.1983999097916802	0.0	0.0	0.0	0.0	0.0	0.0	0.0	0.00483057498239377	0.0285033120850455	0.0	0.0	0.0	0.0	0.0	0.0	0.0	0.0	0.0
LCC10821001	0.0	0.1147679747613266	0.0	0.0	0.48124011682661716	0.0	0.0	0.0	0.03849632053543182	0.04506082672996112	0.0023200456957328513	0.0	0.11252185149421788	0.0	0.0	0.0	0.0	0.0	0.0	0.0	0.0	0.2055928639567126	0.0	0.0	0.0	0.0	0.0	0.0	0.0	0.0	0.0
LCC11141001	0.0	0.016330029260162977	0.0006687943812114883	0.0	0.45347431322665976	0.0	0.0	0.0	0.022317782964613418	0.012724753339148083	0.00024658726818262166	0.0	0.031009384596885962	0.0	0.0	0.0	0.0	0.0	0.0	0.0	0.0	0.46322835496313564	0.0	0.0	0.0	0.0	0.0	0.0	0.0	0.0	0.0
LCC11031001	0.0	0.349722663536509	0.010920474029673157	0.0	0.46954219839860045	0.0	0.0	0.0	0.053143126541676855	0.08697402586469204	0.0	0.0	0.019731358864483975	0.0	0.0	0.0	0.0	0.0	0.0	0.0	2.6258367098384885e-05	0.005005325838273314	0.0	0.0	0.0	0.0	0.0	0.0	0.0	0.0	0.0049345685589929295
LCC11391001	0.0	0.05608240606474977	0.006985682121560466	0.0	0.5031843943389658	0.0	0.0	0.0	0.013312496399868765	0.0062956590556761845	0.0	0.0	0.3751560641236591	0.0	0.0	0.0	0.0	0.0	0.010425479161814313	0.0	0.0	0.02855781873370549	0.0	0.0	0.0	0.0	0.0	0.0	0.0	0.0	0.0
LCC11481001	0.0	0.1198167748919594	0.001858642683464507	0.0	0.5915688855433677	0.0	0.0	0.0	0.011582424275301323	0.0703759369545514	0.0010167585676699447	0.0	0.052281545059902026	0.0	0.00025679671516792184	0.0	0.0	0.0	0.0	0.0	0.0	0.14898370769735372	0.0	0.0	0.0	0.0	0.0022585276112621153	0.0	0.0	0.0	0.0
LCC11321001	0.0	0.5021849794740406	0.016089207686457267	0.0	0.08058913683822617	0.0	0.0	0.0	0.044004412117400755	0.024101416614135493	0.0	0.0	0.1789229767072045	0.0	8.031135168911557e-05	0.0	0.0	0.0	5.507636337781603e-06	0.0	0.02952804062833118	0.12449401094617685	0.0	0.0	0.0	0.0	0.0	0.0	0.0	0.0	0.0
LCC11451001	0.0	0.08545724265585687	0.0	0.0	0.0571023601933261	0.0	0.0	0.0	0.2834748370594294	0.007768092892291248	0.00043279718414151634	0.0	0.049570766851044085	0.0	4.210674480876468e-05	0.0	0.0	7.017790801460779e-06	0.018447065154874123	0.0	0.002722501814349557	0.49497521165907693	0.0	0.0	0.0	0.0	0.0	0.0	0.0	0.0	0.0
LCC11211001	0.0	0.2670875732912427	0.0016208998379100155	0.0	0.5511819448818056	0.0	0.0	0.0	0.06497199350280065	0.024820197517980248	0.004170799582920042	0.0	0.049258095074190496	0.0	0.0	0.0	0.0	0.0	0.0	0.0	0.0	0.036888496311150376	0.0	0.0	0.0	0.0	0.0	0.0	0.0	0.0	0.0
LCC11521001	0.0	0.009521794773905533	0.0	0.0	0.21958178795511127	8.35587501572348e-05	0.0	0.0	0.013699732281767312	0.04099742528972121	0.0	0.0	0.10860946331365584	0.0	0.0	0.0	0.0	0.0	0.0	0.0	0.0	0.6075062376356816	0.0	0.0	0.0	0.0	0.0	0.0	0.0	0.0	0.0
LCC11061001	0.0	0.11192864852399036	0.0006811880120166781	0.0	0.2866196663708144	0.0	0.0	0.0	0.08442887717978907	0.061167061209019186	0.0	0.0	0.014177263232077134	0.0	0.012425191318746788	0.0	0.0	0.0	0.0004678765518282943	0.0	0.005473954419164466	0.42263027318255364	0.0	0.0	0.0	0.0	0.0	0.0	0.0	0.0	0.0
LCC11351001	0.0	0.019253802547315974	0.0017119422078410698	0.0	0.5251956746566949	0.0	0.0	0.0	0.041358189055532714	0.34917844621829114	0.0	0.0007408045211867895	0.01896606698040214	0.0	0.0	0.0	0.0	0.0	0.021775769819264434	0.0	0.00034875576677066624	0.02147054822669993	0.0	0.0	0.0	0.0	0.0	0.0	0.0	0.0	0.0
LCC11051001	0.0	0.2770256548161781	0.00023800219814388296	0.0	0.20198023031089551	0.0	0.0	0.0	0.18396039259257926	0.0061937596003724	0.00036225555253425725	0.0	0.041531033425753025	0.003778922669394238	0.0	0.0	0.0	0.0	0.0017274417634932432	0.0	0.0	0.28320230707065613	0.0	0.0	0.0	0.0	0.0	0.0	0.0	0.0	0.0
LCC11361001	0.0	0.06072525488004405	0.0014102837382870131	0.0	0.5915483622584014	0.0	0.0	0.0	0.16766911233132953	0.03299161807863467	6.341571785160574e-06	0.0	0.006120639606838914	0.0	0.0	0.0	0.0	0.0	0.08688955723145796	0.0	0.04947837503564577	0.00316045526757546	0.0	0.0	0.0	0.0	0.0	0.0	0.0	0.0	0.0
LCC10831001	0.0	0.5466649	0.012147400000000001	0.0	0.18969060000000004	0.0	0.0	0.0	0.022645900000000004	0.035171400000000005	0.0016354999999999992	0.0	0.15574340000000003	0.0	0.0	0.0	0.0	0.0	0.022946200000000007	0.0012715999999999988	0.0	0.012083100000000001	0.0	0.0	0.0	0.0	0.0	0.0	0.0	0.0	0.0
LCC11331001	0.0	0.2215876349912593	0.0012516418481233827	0.0	0.38992740997589276	0.0	0.0	0.0	0.02082004003773036	0.16079350230881845	0.0057571122404249	0.0	0.013195821163203428	0.0	0.0	0.0	0.0	0.0	0.01379797806159711	0.0	0.0	0.17286885937295038	0.0	0.0	0.0	0.0	0.0	0.0	0.0	0.0	0.0
LCC10961001	0.0	0.4983665054198471	0.005192431503503422	0.0	0.39229041462394243	0.0	0.0	0.0	0.00515876256635461	0.00873738980562702	8.246885498057196e-05	0.0	0.03169780124805539	0.0	0.0	0.0	0.0	0.0	0.0	0.0	0.04370438472773003	0.014769841249959288	0.0	0.0	0.0	0.0	0.0	0.0	0.0	0.0	0.0
LCC11271001	0.0	0.3654643843348986	0.0	0.0	0.0	0.0	0.0	0.0	0.007416247155797577	0.006752641729523898	0.0	0.0	0.011506841838164956	0.0	0.0	0.0	0.0	0.0	6.742407717809314e-05	0.0	0.0	0.6087924608644368	0.0	0.0	0.0	0.0	0.0	0.0	0.0	0.0	0.0
LCC10971001	0.0	0.06872437105637445	0.02181367764494657	0.0	0.6626561747069214	0.0	0.0	0.0	0.00794282408328512	0.07159416690816008	0.001846148525633265	0.015325647349902386	0.015532939318869841	0.0	0.001639794058033	0.0	0.0	0.0	0.044161106068279686	0.0	0.0	0.0041062559882899825	0.0	0.0	0.0	0.0	0.08465689429130419	0.0	0.0	0.0	0.0
LCC11191001	0.0	0.3291667504263744	0.026641387736838693	0.0	0.46692171622691064	0.0	0.0	0.0	0.009990657917252605	0.023043970796215275	0.0	0.0	0.08006367938044019	0.0	0.0003074356317897244	0.0	0.0	0.0	0.009563908456990164	0.0	0.05092200186001557	0.0033784915671726335	0.0	0.0	0.0	0.0	0.0	0.0	0.0	0.0	0.0
LCC11531001	0.0	0.4706727192651606	0.006762646202959003	0.0	0.10352295544198879	0.0	0.0	0.0	0.08062283069277289	0.0365368599227054	0.0012313263902030587	0.0	0.03618030368810898	0.0	0.0	0.0	0.0	0.0	0.0	0.0	0.023963327145548607	0.24050703125055256	0.0	0.0	0.0	0.0	0.0	0.0	0.0	0.0	0.0
LCC11221001	0.0	0.28129964697488197	0.0073883013819453685	0.0	0.4418153734133756	0.0	0.0	0.0	0.09869956358249066	0.023339450511865385	0.0005113344125054104	0.000756482395930323	0.02109655183883028	0.0	0.00017251525437584578	0.0	0.0	0.0	0.02726201861281306	1.663039037537029e-05	0.0111629992648566	0.08647913196575424	0.0	0.0	0.0	0.0	0.0	0.0	0.0	0.0	0.0
LCC11201001	0.0	0.4056182348874399	0.006793113375458887	0.0	0.24561064892546217	0.0	0.0	0.0	0.0007479842565021767	0.0483916079507606	0.0011401007398939636	0.0	0.06459646254615142	0.0	0.0	0.0	0.0	0.0	0.2150293456950191	0.0	0.0	0.01207250162331181	0.0	0.0	0.0	0.0	0.0	0.0	0.0	0.0	0.0
LCC11281001	0.0	0.19903791153474346	0.0	0.0	0.02310655199875782	0.0	0.0	0.0	0.34384935561911145	0.07822708854038837	0.008670416581099826	0.0	0.2530304684721686	3.59631152672921e-05	0.0	0.0	0.0	0.0	1.0318108280030972e-05	0.0009070919463658707	0.0	0.09312483408381708	0.0	0.0	0.0	0.0	0.0	0.0	0.0	0.0	0.0
LCC11151001	0.0	0.422190633331135	0.00028081732452745053	0.0	0.32252680349322344	0.0	0.0	0.0	0.019524810250652988	0.003932543395333648	0.0029735011925729323	0.0	0.0695853521039933	0.0	0.0	0.0	0.0	0.0	0.0007328671658996881	0.0	0.0003388622454917859	0.15791380949716985	0.0	0.0	0.0	0.0	0.0	0.0	0.0	0.0	0.0
LCC11041001	0.0	0.053343763771396054	0.0014124329126894866	0.0	0.7579672295947132	0.0	0.0	0.0	0.07769982417652369	0.04616800004724123	0.00011369924807364321	0.0	0.009973205611177996	0.0	0.0	0.0	0.0	0.0	0.018583121206501154	0.0	0.031204838703704458	0.003533884727979052	0.0	0.0	0.0	0.0	0.0	0.0	0.0	0.0	0.0
LCC11071001	0.0	0.023353187331083946	0.0011338978246195643	0.0	0.5407157955364501	0.0	0.0	0.0	0.00835342481172292	0.15215528991879085	0.00040677948865275895	0.0010156775357298563	0.05492678720359554	0.0	0.0	0.0	0.0	4.298919595989364e-05	0.0	0.00032727258859790136	5.616330439921567e-05	0.21664382191517556	0.0	0.0	0.0	0.0	0.0	0.0	0.0008689133452216178	0.0	0.0
LCC11461001	0.0	0.141182425594257	0.004293560522243875	0.0	0.5481708187810383	0.0	0.0	0.0	0.016661142288806448	0.0058168036019947186	0.0003528376486200638	0.0	0.24276665258728045	0.0	2.980454540391318e-05	0.0	0.0	0.0	0.01758588601236558	0.0	0.0013557555838615107	0.02178431283412828	0.0	0.0	0.0	0.0	0.0	0.0	0.0	0.0	0.0
LCC11131001	0.0	0.28136568436525844	0.0066355088859097605	0.0	0.48962122578546946	0.0	0.0	0.0	0.0944495113602453	0.030143297180664004	6.712538010621695e-05	0.008672779177807127	0.042852002342085534	0.0	0.0	0.0	0.0	0.0	7.142700655117595e-05	0.0014536496249231826	0.01547355054946275	0.02915282268225616	0.0	0.0	4.141565926076622e-05	0.0	0.0	0.0	0.0	0.0	0.0
LCC10891001	0.0	0.13573628958696732	0.007823676967146217	0.0	0.7493938933252253	0.0	0.0	0.0	0.05117500680119702	0.0038124709948951013	0.0	0.0	0.03479482388900446	0.0	0.0	0.0	0.0	0.0	0.006610863511978109	0.0	0.0	0.009237725839747796	0.0	0.0	0.0	0.0	0.0	0.001415249083838755	0.0	0.0	0.0
LCC10921001	0.0	0.32734642984700174	0.0057306197949998	0.0	0.16049441585613114	0.0	0.0	0.0	0.0887576834944411	0.06374877808861783	0.0004951382031641158	0.0	0.06847531190165883	0.0	0.0	0.0	0.0	0.0	0.02767427153308243	0.0	0.0	0.24719140378703416	0.0	0.010085947493868902	0.0	0.0	0.0	0.0	0.0	0.0	0.0
LCC11001001	0.0	0.2546638825208393	0.0	0.0	0.0	0.0	0.0	0.0	0.49069718589312994	0.0	0.0	0.0	0.00640999973704404	0.0	0.0	0.0	0.0	0.0	0.0	0.0	0.0	0.2482289318489868	0.0	0.0	0.0	0.0	0.0	0.0	0.0	0.0	0.0
LCC10951001	0.0	0.38029673288643473	0.00474593194033222	0.0	0.2568159943112897	0.0	0.0	0.0	0.15395522864027747	0.0	0.0	0.0	0.036894714703908406	0.0	0.0	0.0	0.0	0.0	0.0	0.0	0.00045226528638144767	0.166839132231376	0.0	0.0	0.0	0.0	0.0	0.0	0.0	0.0	0.0
LCC11571001	0.0	0.21094505739384609	0.0018271875835963655	0.0	0.585212157226666	0.0	0.0	0.0	0.017372385206034145	0.02676167814577047	0.00011613778136686124	0.0	0.015245066277332402	0.0	0.0	0.0	0.0	0.0	0.011800481916584565	0.0	0.0	0.13071984846880313	0.0	0.0	0.0	0.0	0.0	0.0	0.0	0.0	0.0
LCC10811001	0.0	0.27672894845343904	0.0028312936374320537	0.0	0.40883019275118765	0.0	0.0	0.0	0.018834283787813436	0.01345487592607626	0.00028067694394058595	0.0	0.25562172195305105	0.0	0.0	0.0	0.0	0.0	0.01698165579977764	0.0003856805509996703	0.0	0.006050670196282672	0.0	0.0	0.0	0.0	0.0	0.0	0.0	0.0	0.0
LCC10901001	0.0	0.036558431646427164	0.0020684166218686716	0.0	0.620311998256069	0.0	0.0	0.0	0.011070797169481414	0.006973784366188771	0.0020828132426448324	0.0	0.07757399582293792	0.0	0.021488028597202467	0.0	0.0	0.0	0.0	0.0003129478204179806	0.058603537995081674	0.12351647162308628	0.0	0.0	0.0	0.0	0.03943877683859398	0.0	0.0	0.0	0.0
LCC11181001	0.0	0.23582837153103484	0.0088692851594196	0.0	0.571217769454794	0.0	0.0	0.0	0.0269230011428656	0.06855113305918027	0.0006255906480849067	0.0014837149903020946	0.023041438704468276	0.0	5.9408608307342396e-05	0.0	0.0	0.0	0.05314230031931627	0.0023812450424066443	0.0	0.00787674133982014	0.0	0.0	0.0	0.0	0.0	0.0	0.0	0.0	0.0
LCC10841001	0.0	0.10853436706093837	0.007278078228640898	0.0	0.08971836425650387	0.0	0.0	0.0	0.3507808495439227	0.007563922662011631	0.0	0.0	0.02349569908580734	0.0	0.0001662075831827673	0.0	0.0	0.0	0.06481351835263931	0.0	0.17341870961364636	0.17423028361270682	0.0	0.0	0.0	0.0	0.0	0.0	0.0	0.0	0.0
LCC11491001	0.0	0.24387930143473965	0.010718483520163831	0.0	0.1921702450362591	0.0	0.0	0.0	0.010422433761370272	0.04641771779687701	0.00039159491098877323	0.0	0.010250973278604854	0.0	0.0	0.0	0.0	0.0	0.0	0.0	1.702586569516378e-05	0.4857322243953013	0.0	0.0	0.0	0.0	0.0	0.0	0.0	0.0	0.0
LCC11101001	0.0	0.14899794398796024	0.006207310177977777	0.0	0.6295471901922128	0.0	0.0	0.0	0.075518590842756	0.034856379990479795	0.004778979961290441	0.001093144708031524	0.01422313551428576	0.0	0.0	0.0	0.0	0.0	0.06154415755185406	0.0	0.0	0.022128772506873205	0.0	0.0	0.0	0.0	0.0011043945662782884	0.0	0.0	0.0	0.0
LCC10281001	0.0	0.4133873578805228	0.0001485416596102566	0.0	0.35997214435800823	0.0	0.0	0.0	0.028159254614687424	0.030699051741059247	0.0020565266307854212	0.0	0.08438431318458219	0.0	0.0	0.0	0.0	0.0	0.00015823359481834364	0.0	0.0	0.08103457633592615	0.0	0.0	0.0	0.0	0.0	0.0	0.0	0.0	0.0
LCC10191001	0.0	0.0433210781180489	0.0012443710782534042	0.0	0.6260924091158427	0.0	0.0	0.0	0.1451801350209295	0.012687351240205124	0.0004423628391953923	0.0	0.029254200516898764	0.0	2.9577751034141756e-05	0.0	0.0	0.0	0.004235233157400858	0.0	0.0	0.13751328116219103	0.0	0.0	0.0	0.0	0.0	0.0	0.0	0.0	0.0
LCC10161001	0.0	0.18589328174601744	0.0	0.0	0.4291938840656031	0.0	0.0	0.0	0.1443791587564379	0.01191453786830406	0.000705758726700643	0.0	0.002882349098484402	0.0	0.0	0.0	0.0	0.0	0.0	0.0	0.0	0.2250310297384525	0.0	0.0	0.0	0.0	0.0	0.0	0.0	0.0	0.0
LCC10201001	0.0	0.2109902692279628	0.01975210925732644	0.0	0.39243613161488705	0.0	0.0	0.0	0.00934345216127803	0.07270523010303473	0.0006744725489170743	0.0	0.015555324263216527	0.0	0.0	0.0	0.0	0.0	0.0	0.0	0.0	0.27854301082337746	0.0	0.0	0.0	0.0	0.0	0.0	0.0	0.0	0.0
LCC10401001	0.0	0.05762052625318784	0.003444608875376162	0.0	0.395585545677033	0.0	0.0	0.0	0.005155008912663164	0.03525276320805835	0.0	0.0	0.0006774410906206329	0.0	0.0	0.0	0.0	0.0	0.007670671017758641	0.00014224749631795754	0.006544595447616048	0.4873982337703425	0.0	0.0005083582510256696	0.0	0.0	0.0	0.0	0.0	0.0	0.0
LCC10471001	0.0	0.03150399989466212	0.011524912700642993	0.0	0.5390790303323469	0.0	0.0	0.0	0.05523609606215307	0.07340618973318215	0.0012684438047169436	0.0	0.024295168790692108	0.0	0.0	0.0	0.0	0.0	0.07160839991161784	0.002992196795210082	0.02079972944793589	0.16828583252684015	0.0	0.0	0.0	0.0	0.0	0.0	0.0	0.0	0.0
LCC10741001	0.0	0.20013625328917062	0.009647398501474455	0.0	0.34168469493227377	0.0	0.0	0.0	0.15090994080620604	0.0061541536753051615	0.00011578321732790529	0.0	0.08066621763495688	0.0	1.8645609024233912e-05	0.0	0.0	0.0	0.0814390079573645	0.0	0.1006725551371209	0.028555349239775412	0.0	0.0	0.0	0.0	0.0	0.0	0.0	0.0	0.0
LCC10561001	0.0	0.23030233822434834	0.01333768009875433	0.0	0.4804056592716416	0.0	0.0	0.0	0.08515371711214482	0.026738633354052778	0.0	0.0	0.03679906524456732	0.0	0.0	0.0	0.0	0.0	0.0015765059337666607	0.0	0.004054503697914265	0.12163189706280986	0.0	0.0	0.0	0.0	0.0	0.0	0.0	0.0	0.0
LCC10461001	0.0	0.42909804569872795	0.0	0.0	0.00027727440268962035	0.0	0.0	0.0	0.2925202662518894	0.00014135557784176735	0.0	0.0	0.019723331694588588	0.0	0.0	0.0	0.0	0.0	0.0	0.0	0.05498731978044781	0.20325240659381488	0.0	0.0	0.0	0.0	0.0	0.0	0.0	0.0	0.0
LCC10691001	0.0	0.25962327315044326	0.0	0.0	0.42744300148862574	0.0	0.0	0.0	0.10146911248975671	0.01741803061109162	0.0	0.0	0.05851203016797239	0.0	0.0	0.0	0.0	0.0	0.0	0.0	0.0	0.1355345520921103	0.0	0.0	0.0	0.0	0.0	0.0	0.0	0.0	0.0
LCC10771001	0.0	0.6001261908762392	0.006823234970320568	0.0	0.2609677475981854	0.0	0.0	0.0	0.006865566090966769	0.054403314265938744	0.0029402072920872405	0.0	0.02188368471339976	0.0	0.0	0.0	0.0	0.0	0.039812218346327755	7.081936297681911e-05	0.0	0.00610701648355782	0.0	0.0	0.0	0.0	0.0	0.0	0.0	0.0	0.0
LCC10361001	0.0	0.5857721094732388	0.0037747734534849327	0.0	0.032263193073651365	0.0	0.0	0.0	0.03528201003881365	5.0390420570671364e-05	0.0	0.0	0.21554557497974366	0.0	0.0	0.0	0.0	0.0	0.02757307712960136	0.0	4.698430864342908e-05	0.09969188712225217	0.0	0.0	0.0	0.0	0.0	0.0	0.0	0.0	0.0
LCC10331001	0.0	0.33682208316877676	0.0006012634942659217	0.0	0.0012430717296536727	0.0	0.0	0.0	0.1489223357975526	0.08353448029900995	0.010890818017682513	0.0	0.27084427665929356	0.0	0.00028991992663904585	0.0	0.0	0.0	5.5761532851500686e-05	0.0	0.00045520231575543486	0.14634078705851908	0.0	0.0	0.0	0.0	0.0	0.0	0.0	0.0	0.0
LCC10711001	0.0	0.05609211035852386	0.002103803021613349	0.0	0.4654037446093174	0.0	0.0	0.0	0.14530536305707892	0.04076085841965879	0.0	0.0	0.020572452505121207	0.0	0.003356181054308429	0.0	0.0	0.0	0.002717537283981295	0.0	0.2079770848532885	0.05571086483710833	0.0	0.0	0.0	0.0	0.0	0.0	0.0	0.0	0.0
LCC10511001	0.0	0.36626301686922524	0.014657210591980283	0.0	5.1661920772121356e-05	0.0	0.0	0.0	0.1469492178395246	0.05980249265752439	0.003149467485203231	0.0	0.0513515472091959	0.0	7.337198864523093e-05	0.0	0.0	0.0	0.006795653282577338	0.0	0.0	0.35090636015535165	0.0	0.0	0.0	0.0	0.0	0.0	0.0	0.0	0.0
LCC10421001	0.0	0.12253111039558863	4.14616506024666e-05	0.0	0.46816705930512703	0.0	0.0	0.0	0.04366093835198635	0.10085991463349517	0.0011703309327374713	0.0	0.053653499525112405	0.0	0.0	0.0	0.0	0.0	0.07462965644674058	4.348417014405104e-05	0.0	0.1352425445884658	0.0	0.0	0.0	0.0	0.0	0.0	0.0	0.0	0.0
LCC10311001	0.0	0.282719057235599	0.003380394016793216	0.0	0.3437532443273676	0.0	0.0	0.0	0.05029899418928696	0.028166022961907882	0.0002542596035866211	0.0	0.05898550921653302	0.0	0.0	0.0	0.0	0.0	0.032915491660033255	0.0	0.0	0.1995270267888926	0.0	0.0	0.0	0.0	0.0	0.0	0.0	0.0	0.0
LCC10341001	0.0	0.29045393239399137	0.0	0.0	0.02891762647145988	0.0	0.0	0.0	0.2313548216708567	0.03877527362752787	0.0017937748603385742	0.0	0.253395118351844	0.0	0.00049433390924981	0.0	0.0	0.0	0.03284044425538435	0.0	6.44125954344668e-05	0.12191026186391304	0.0	0.0	0.0	0.0	0.0	0.0	0.0	0.0	0.0
LCC10801001	0.0	0.05393387866482103	0.00494451689394556	0.0	0.7288983468158335	0.0	0.0	0.0	0.026915348681713473	0.041458742342719596	0.0	0.0	0.06847974953869988	0.0	0.0	0.0	0.0	0.0	0.046329912194651206	0.0	7.280851747641314e-05	0.02896669635013917	0.0	0.0	0.0	0.0	0.0	0.0	0.0	0.0	0.0
LCC10491001	0.0	0.10204912718055777	0.0011819730014078751	0.0	0.7394908864059662	0.0	0.0	0.0	0.025387959339886173	0.07131540333994803	0.0	0.0	0.001184398805412817	0.0	0.0	0.0	0.0	0.0	0.013800196833779968	0.0	4.5483825092657e-05	0.04554457126794855	0.0	0.0	0.0	0.0	0.0	0.0	0.0	0.0	0.0
LCC10531001	0.0	0.3622236809439795	0.007911994904093953	0.0	0.29685011074407475	0.0	0.0	0.0	0.10282191981722588	0.06130503962844413	0.0009950180627252313	0.0	0.056105876989704824	0.0	0.0	0.0	0.0	0.0	0.012428780560638012	0.0	0.04249599563208053	0.05686158271703321	0.0	0.0	0.0	0.0	0.0	0.0	0.0	0.0	0.0
LCC10111001	0.0	0.45598829317137674	0.0225423926101103	0.0	0.21435872252300628	0.0	0.0	0.0	0.11032057197687581	0.033280413281954406	0.0	0.0005783289127966839	0.005589323685412718	0.0	0.0	0.0	0.0	0.0	0.08031708406439855	0.0	0.024570824702737512	0.05245404507133098	0.0	0.0	0.0	0.0	0.0	0.0	0.0	0.0	0.0
LCC10451001	0.0	0.11280064023418672	0.0024932581642669897	0.0	0.3531174584720534	0.0	0.0	0.0	0.037797017098000034	0.031615866694210515	0.0	0.0	0.013833073908775438	0.000459097394704856	0.00034549906398978925	0.0	0.0	0.0	0.0016702457647339531	0.0	0.0	0.4458678432050784	0.0	0.0	0.0	0.0	0.0	0.0	0.0	0.0	0.0
LCC10371001	0.0	0.49011618825825876	1.4008591469148028e-06	0.0	0.31735863605149034	0.0	0.0	0.0	0.006197901172789271	0.013123048365562601	0.0011283920428398723	0.0	0.0869417213577087	0.0	0.0	0.0	0.0	0.0	0.0031303198251487634	0.0	0.0	0.08200239206705472	0.0	0.0	0.0	0.0	0.0	0.0	0.0	0.0	0.0
LCC10731001	0.0	0.6596415769167528	0.0031234428165793156	0.0	0.00395813084187338	0.0	0.0	0.0	0.0677668123012902	0.0038359445827490088	1.7096019795179621e-06	0.0	0.008023162089877797	0.0	0.0	0.0	0.0	0.0	0.21802895965188476	0.0	0.0005249483725343388	0.035095312824478676	0.0	0.0	0.0	0.0	0.0	0.0	0.0	0.0	0.0
LCC10231001	0.0	0.4937724138863555	0.03997317720422934	0.0	0.3418042486787669	0.0	0.0	0.0	0.04790463184010088	0.009239141049544545	0.0001958124187140569	0.0	0.04739571987105425	0.0	0.0	0.0	0.0	0.0	0.001168664604376281	0.0005251378574515622	0.0	0.018021052589406394	0.0	0.0	0.0	0.0	0.0	0.0	0.0	0.0	0.0
LCC10271001	0.0	0.8903000831384275	0.0006703324236089622	0.0	0.0044363227214678025	0.0	0.0	0.0	0.07344499455046705	0.006288996056275608	0.00041527245776244704	0.0	0.004661480552280891	0.0	0.00013387762913210727	0.0	0.0	0.0	0.0001654584805182867	0.0005641536142972906	0.0	0.01465194124660637	0.0	0.0	0.0	0.0	0.003966282142696765	0.0	0.000300804986459054	0.0	0.0
LCC10211001	0.0	0.046993575993883395	0.00017551270114851106	0.0	0.2488897766163604	0.0	0.0	0.0	0.018010457983606346	0.01101095918997973	0.0	0.0	0.036215226420431526	0.0	0.03595688298288761	0.0	0.0	0.0	0.033276745733161577	0.0	0.004656816376521184	0.5648140460020198	0.0	0.0	0.0	0.0	0.0	0.0	0.0	0.0	0.0
LCC10631001	0.0	0.07106385211361341	0.0020182589430954613	0.0	0.301476945810414	5.0424219279338784e-05	0.0	0.0	0.0036676362308659437	0.42242002708070875	0.0	0.0	0.03722124491699142	0.0	0.0760967052664603	0.0	0.0	0.0	0.0034988387377559993	0.0016473345155608712	3.569475650477727e-05	0.08080303740874992	0.0	0.0	0.0	0.0	0.0	0.0	0.0	0.0	0.0
LCC10071001	0.0	0.1267704822385622	0.0024085249757157486	0.0	0.5331467644722232	0.0	0.0	0.0	0.021841661294788126	0.028651332031800595	0.0005024567545673406	0.00011157981197932495	0.059978146346482436	0.00010584440108319218	0.0009892714794179564	0.0	0.0	0.0	0.05540598106028283	0.0010975490851237515	0.0	0.16899040604797344	0.0	0.0	0.0	0.0	0.0	0.0	0.0	0.0	0.0
LCC10121001	0.0	0.015484672381010627	0.000932595371210955	0.0	0.480454948535313	0.0	0.0	0.0	0.005388139436141731	0.06736191908918059	0.0025642863695401635	0.0002164559671516289	0.0175992035543293	0.0	0.0	0.0	0.0	0.0	0.0	0.0	0.0	0.4099977792961221	0.0	0.0	0.0	0.0	0.0	0.0	0.0	0.0	0.0
LCC10021001	0.0	0.19113296991350304	0.002787464468462209	0.0	0.22869751981232045	0.0	0.0	0.0	0.03778438369205651	0.04087847425737272	0.0003121319523313037	0.0	0.015907217325625802	0.00036458773906049036	2.6227893364591855e-05	0.0	0.0	0.0	0.009179162038828294	0.0	0.0	0.37328168507207415	0.0	0.0	0.0	0.0	0.09964817583500053	0.0	0.0	0.0	0.0
LCC10181001	0.0	0.21914618678191436	0.03202132405884656	0.0	0.5786181024066144	0.0	0.0	0.0	0.03731339921958733	0.011031204394303292	0.0002084116837471811	0.0	0.07094996387831119	0.0	0.0025278675550756886	0.0	0.0	0.0	0.03783022415867796	0.0007664785122248661	0.004024387570455311	0.0046736470232815455	0.0	0.0008888027569602429	0.0	0.0	0.0	0.0	0.0	0.0	0.0
LCC10661001	0.0	0.42077138274594955	1.8783051138914737e-05	0.0	0.003600821391866276	0.0	0.0	0.0	0.13011119968050733	0.0	0.0	0.0	0.008936614133050696	0.0	3.3849669699543014e-05	0.0	0.0	0.0	0.01067490013845218	0.0	0.3962719560810078	0.02958049310832779	0.0	0.0	0.0	0.0	0.0	0.0	0.0	0.0	0.0
LCC10101001	0.0	0.16965175482289296	0.003947435002001684	0.0	0.5486700577717912	0.0	0.0	0.0	0.017115190060346615	0.0009684855790827767	0.0	0.0	0.04501022529380723	0.0	0.0	0.0	0.0	0.0	0.1031300311078876	0.0	0.052936247935062075	0.05857057242712778	0.0	0.0	0.0	0.0	0.0	0.0	0.0	0.0	0.0
LCC10751001	0.0	0.5203123285627026	0.00808406402399474	0.0	0.3002744797082751	0.0	0.0	0.0	0.02859837916646703	0.03309189294181175	2.440441964039522e-05	0.00885930442003046	0.006053896360630907	0.0	0.0	0.0	0.0	0.0	0.07795991854124777	0.00046758467958547237	0.013069366862338762	0.002982440119905713	0.0	0.00022194019336901902	0.0	0.0	0.0	0.0	0.0	0.0	0.0
LCC10541001	0.0	0.09797857583261416	0.0009780632946389163	0.0	0.6816195919941649	0.0	0.0	0.0	0.0005989612403659061	0.029688292088230157	0.0013940752850667394	0.0	0.10650747181141165	0.0	0.0	0.0	0.0	0.0	2.1505789358494257e-05	0.0	0.0	0.0812134626641492	0.0	0.0	0.0	0.0	0.0	0.0	0.0	0.0	0.0
LCC10701001	0.0	0.801138046081998	0.006672555473107813	0.0	0.0023375187949958836	0.0	0.0	5.210741944516916e-06	0.09658120214822859	0.001967355703783348	0.0	0.0	0.014617033013557448	0.0	0.0009058674457393912	0.0	0.0	0.0	0.013944947509290404	0.0	0.0024997532413069544	0.05933050984604763	0.0	0.0	0.0	0.0	0.0	0.0	0.0	0.0	0.0
LCC10551001	0.0	0.4734566486799085	0.004494401835673295	0.0	0.21784122632305972	0.0	0.0	0.0	0.0887407409040162	0.0177228197046327	0.00027302253783516105	0.002488863435729641	0.055541400686774434	0.0	4.709012579175275e-05	0.0	0.0	0.0	0.0017274060825012987	0.0005656826600430552	0.01599200710239327	0.12110868992164106	0.0	0.0	0.0	0.0	0.0	0.0	0.0	0.0	0.0
LCC10441001	0.0	0.33826095972767584	0.002760111317217035	0.0	0.5049800703108783	0.0	0.0	0.0	0.05841101338260659	0.026923545777233854	0.0006626549072193041	0.0	0.007600264461460025	0.0	4.804022888767021e-05	0.0	0.0	0.0	0.003977730951899118	0.0	0.005805961912505531	0.005395618290756676	0.0	0.044909707388967504	0.0	0.0	0.0002643213426923697	0.0	0.0	0.0	0.0
LCC10381001	0.0	0.2525699890539092	0.006744637455418556	0.0	0.16537612774921845	0.0	0.0	0.0	0.34377832560955146	0.010139217878493749	0.0002701691464815512	0.0	0.009613821675844273	0.0	0.0	0.0	0.0	0.0	0.0	0.0	0.0	0.21150771143108274	0.0	0.0	0.0	0.0	0.0	0.0	0.0	0.0	0.0
LCC10041001	0.0	0.2549856363351335	0.0	0.0	0.00022400085395271333	0.0	0.0	0.0	0.417899297117898	0.0	0.0	0.0	0.0	0.0	0.0	0.0	0.0	0.0	0.00011610152564336093	0.0	0.07888780976724592	0.24788715440012657	0.0	0.0	0.0	0.0	0.0	0.0	0.0	0.0	0.0
LCC10011001	0.0	0.00012010801700962115	0.0	0.0	0.009147959943274529	0.0	0.0	0.0	0.006002894422747135	0.0016299800839252262	0.0	0.0	0.012112061381412631	0.0	0.0	0.0	0.0	0.0	0.001606018634788915	0.0	0.0003370644016580512	0.9690439131151839	0.0	0.0	0.0	0.0	0.0	0.0	0.0	0.0	0.0
LCC10501001	0.0	0.04985216865590972	0.004444340003546241	0.0	0.24421524414602827	0.0	0.0	0.0	0.3021060625805115	0.018758772145327608	0.0025582085917355427	0.0	0.05929436168690089	0.0	0.010547616860463871	0.0	0.0	0.0	0.00771735159719804	5.1484615499644894e-05	0.06713006381101513	0.23332432530586347	0.0	0.0	0.0	0.0	0.0	0.0	0.0	0.0	0.0
LCC10391001	0.0	0.43846551186605315	0.037514857111256635	0.0	0.2284534819137963	0.0	0.0	0.0	0.07544958039430351	0.0472191655332651	0.0008059707353979537	0.00015027422039737948	0.12610972502622786	0.0	0.0	0.0	0.0	0.0	0.0	0.0	0.0	0.04583143319930208	0.0	0.0	0.0	0.0	0.0	0.0	0.0	0.0	0.0
LCC10431001	0.0	0.5071173798588502	0.0033675013060261707	0.0	0.13730419988599224	0.0	0.0	0.0	0.08951900114237892	0.006024080110809853	0.00023523980301493085	0.0	0.034397842637879684	0.0003161879104751946	0.0	0.0	0.0	0.0	0.19670240023646055	0.0023005672271030654	0.0004601734810998159	0.022255426399909465	0.0	0.0	0.0	0.0	0.0	0.0	0.0	0.0	0.0
LCC10651001	0.0	0.28700982990396545	0.0056179324958353215	0.0	0.5292442298185177	0.0	0.0	0.0	0.018223988268161018	0.0	0.0	0.0	0.042364495396058785	1.9939156515564323e-05	0.0	0.0	0.0	0.0	0.017094870907488128	0.0	0.08329657781952199	0.01712813623393621	0.0	0.0	0.0	0.0	0.0	0.0	0.0	0.0	0.0
LCC10641001	0.0	0.3152574658749852	0.008404263447547532	0.0	0.41027596326578314	0.0	0.0	0.0	0.030759654288107063	0.07199056519410219	3.945522547910259e-05	0.0	0.04023411569173372	0.0	0.0	0.0	0.0	0.0	0.08157377881821186	0.0	0.0299631394062269	0.011501598787823317	0.0	0.0	0.0	0.0	0.0	0.0	0.0	0.0	0.0
LCC10681001	0.0	0.44945883050681196	0.0009517376656113459	0.0	0.38045611162339665	0.0	0.0	0.0	0.011247643893832808	0.008888779395310293	2.7507742598262192e-05	0.0	0.0762576592815431	0.0	0.0	0.0	0.0	0.0	0.006498175193789777	0.0018425653297551102	0.01899787480017212	0.04537311456717852	0.0	0.0	0.0	0.0	0.0	0.0	0.0	0.0	0.0
LCC10791001	0.0	0.12326179589275107	0.006313810532450212	0.0	0.38248855673123566	0.0	0.0	0.0	0.20840808081293236	0.014902466046432694	0.00013078307340822824	0.0	0.014507715300759042	0.0	0.0	0.0	0.0	0.0	0.03344634511841922	0.0	0.0	0.21654044649161147	0.0	0.0	0.0	0.0	0.0	0.0	0.0	0.0	0.0
LCC10091001	0.0	0.2783901596713103	0.004418600099959974	0.0	0.48657481124163415	0.0	0.0	0.0	0.10502165546012363	0.0	0.0	0.0	0.034930019396778346	0.0	0.0	0.0	0.0	0.0	0.016074919080380373	0.0	0.0036352862168089117	0.07095454883300426	0.0	0.0	0.0	0.0	0.0	0.0	0.0	0.0	0.0
LCC10261001	0.0	0.271932085959456	0.01762111498636747	0.0	0.09278762281651635	0.0	0.0	0.0	0.17227044426163743	0.09977458108953646	0.027770240970732333	0.0	0.030095304615799127	0.0	0.0	0.0	0.0	0.0	0.0	0.0	0.0	0.28768828078653425	0.0	0.0	0.0	0.0	0.0	0.0	6.032451342057916e-05	0.0	0.0
LCC10081001	0.0	0.6313902966336948	0.0030080681414567842	0.0	0.18217725855962924	0.0	0.0	0.0	0.024907641493166016	0.06999244785012919	0.006035573184252853	0.0	0.00032062580841727214	0.0	0.0	0.0	0.0	0.0	0.0	0.0	0.0	0.08216808832925378	0.0	0.0	0.0	0.0	0.0	0.0	0.0	0.0	0.0
LCC10321001	0.0	0.12812253074793756	0.002734030077037906	0.0	0.7264971318702044	0.0	0.0	0.0	0.05092651124868545	0.007001459105200453	0.00013114200523545316	0.0	0.02728565826819763	0.0	0.0	0.0	0.0	0.0	0.0	0.0	0.0	0.056719017525805535	0.0	0.0	0.0	0.0	0.0005825191516957063	0.0	0.0	0.0	0.0
LCC10481001	0.0	0.09454460644526491	0.0024141202823824348	0.0	0.8240555759945114	0.0	0.0	0.0	0.013690287218079567	0.007521113296862054	6.503556795210849e-06	0.0	0.023334861835938078	0.0	0.0	0.0	0.0	0.0	0.0034910092329495006	0.0	0.000947218033542544	0.0299947041036743	0.0	0.0	0.0	0.0	0.0	0.0	0.0	0.0	0.0
LCC10251001	0.0	0.5704726513202707	0.005032698700246038	0.0	0.06787333322998491	0.0	0.0	0.0	0.026868267786710382	0.0009469034863954975	0.0	0.0	0.0131264614441338	0.0	0.004147962449091676	0.0	0.0	0.0	0.06601622549021159	2.4044325080539783e-05	0.025647543729825303	0.21984390803804946	0.0	0.0	0.0	0.0	0.0	0.0	0.0	0.0	0.0
LCC10151001	0.0	0.36978976409792624	0.0	0.0	3.612230789596828e-05	3.968366219557164e-05	0.0	0.0	0.5240985652626315	0.0	0.0	0.0	0.0	0.0	0.0	0.0	0.0	0.0	0.00021937942485552415	0.0	0.0017179973141283398	0.10409848793036677	0.0	0.0	0.0	0.0	0.0	0.0	0.0	0.0	0.0
LCC10171001	0.0	0.10770894701743114	0.008821457928814471	0.0	0.5330343418970861	0.0	0.0	0.0	0.07949442607758493	0.05955127945243542	6.347892474548131e-05	0.0	0.1759720298377102	0.0	2.1427909620898003e-05	0.0	0.0	0.0	0.028169552509796726	0.0	0.0	0.007163058444774392	0.0	0.0	0.0	0.0	0.0	0.0	0.0	0.0	0.0
LCC10721001	0.0	0.5267849740204125	0.008068183952477275	0.0	0.12419148761091252	0.0	0.0	0.0	0.0435641256828248	0.017110531100533583	0.0008115605403305928	0.0	0.10359625812585241	0.0	0.00524157493590581	0.0	0.0	0.0	0.012797254412140559	0.0	0.031861092712671985	0.12597295690593818	0.0	0.0	0.0	0.0	0.0	0.0	0.0	0.0	0.0
LCC10601001	0.0	0.3924791232797836	4.0410932946700465e-05	0.0	0.034945806626850165	0.0	0.0	0.0	0.028086302070919576	2.6639047837999248e-05	0.0	0.0	0.028453619356957508	0.0	0.0001004241841138186	0.0	0.0	0.0	0.0	0.0	0.02937744143103759	0.4860380729292688	0.0	0.0	0.0	0.0	0.0004521601402842406	0.0	0.0	0.0	0.0
LCC10061001	0.0	0.44742284687505346	0.0017538473143406388	0.0	0.39768475347345505	0.0	0.0	0.0	0.002008655888273992	0.012397482567321936	0.0016999243377603184	0.0	0.013523962560447009	0.0	0.0011454880924762036	0.0	0.0	0.0	0.022836230517823644	0.0	0.004194587313654348	0.0953322210593934	0.0	0.0	0.0	0.0	0.0	0.0	0.0	0.0	0.0
LCC10571001	0.0	0.0018367510443732566	0.000122792013410488	0.0	0.8436944864949814	0.0	0.0	0.0	0.0006127290694242644	0.016587077540848344	0.00043885065444449975	0.0	0.014198839559052543	0.0	0.011807421500050623	0.0	0.0	0.0	0.0	0.0	0.0	0.11070105212341445	0.0	0.0	0.0	0.0	0.0	0.0	0.0	0.0	0.0
LCC10221001	0.0	0.2332546419124282	0.005563035638443415	0.0	0.5538242421037315	0.0	0.0	0.0	0.03542723463324729	0.0033507632586065933	0.0072179971341738555	0.0	0.03448155799159173	0.0	8.452730894501342e-05	0.0	0.0	0.0	0.07361879694646192	0.0	0.0	0.05312070554463015	0.0	0.0	0.0	0.0	5.649752774044956e-05	0.0	0.0	0.0	0.0
LCC10351001	0.0	0.2956401698030388	0.008617223059746541	0.0	0.3403662029637989	0.0	0.0	0.0	0.015302164621538676	0.043711665419135105	0.00182432107250428	0.00011856636159258209	0.02007823778969089	0.0	0.0	0.0	0.0	0.0	0.04853236356388672	0.0005385013992331503	0.0	0.22527058394583455	0.0	0.0	0.0	0.0	0.0	0.0	0.0	0.0	0.0
LCC10051001	0.0	0.3764010507771237	0.003345112451037586	0.0	0.2970221385123042	0.0	0.0	0.0	0.08419693629381883	0.14638486628442776	0.003239904481183177	0.0	0.0012797798047289978	0.0	0.0	0.0	0.0	0.0	0.0	0.002578346746931998	0.0	0.0855518646484438	0.0	0.0	0.0	0.0	0.0	0.0	0.0	0.0	0.0
LCC10031001	0.0	0.510181299073876	0.007280988976779597	0.0	0.38477732061272624	0.0	0.0	0.0	0.022941913367014347	0.016936464893099634	7.62636321242419e-05	0.0	0.008682072753838078	0.0	0.00012241771549997837	0.0	0.0	0.0	0.02852499467613168	0.0	0.0025211798275608416	0.017955084471349247	0.0	0.0	0.0	0.0	0.0	0.0	0.0	0.0	0.0
LCC10141001	0.0	0.04967113822602791	0.0018519741714404664	0.0	0.8239102325451056	0.0	0.0	0.0	0.0	0.04061172693463997	0.0007706134082729846	0.016499533628768496	0.05149158730349357	0.0	2.3818959892072804e-05	0.0	0.0	0.0	0.004818835793291458	0.000143314078006092	0.0	0.0087955012189703	0.0	0.0	0.0	0.0	0.0014117237320907432	0.0	0.0	0.0	0.0
LCC10761001	0.0	0.07715568989607187	0.0033700304266925628	0.0	0.6209328566756291	0.0	0.0	0.0	0.06163860955554788	0.08522439874279636	0.002644225669680313	0.0	0.01642405979931433	0.0	0.004888097475609028	0.0	0.0	0.0	0.07297710955167706	0.0	0.0	0.05474492220698133	0.0	0.0	0.0	0.0	0.0	0.0	0.0	0.0	0.0
LCC10291001	0.0	0.10599241508574107	0.004428726998122469	0.0	0.06257679572809995	0.0	0.0	0.0	0.16434348467975035	0.4533373191675823	6.876967542016201e-05	0.0	0.04373861628796731	0.0	0.0	0.0	0.0	0.0001909711832003091	9.523497324949555e-05	0.0	0.0	0.16414649865613432	0.0	0.0	0.0	0.0	0.0	0.0	0.0010811675647324622	0.0	0.0
LCC10781001	0.0	0.10628642137174475	0.001908111315910194	0.0	0.3961947407295986	0.0	0.0	0.0	0.003595645786888716	0.0005625738530191149	0.0	0.0	0.007468556106592308	0.0	0.0	0.0	0.0	0.0	0.10099762847151285	0.0	0.0008544312559821387	0.38213189110875123	0.0	0.0	0.0	0.0	0.0	0.0	0.0	0.0	0.0
LCC10521001	0.0	0.10044064562551236	0.0011188009468319003	0.0	0.5932648463602892	0.0	0.0	0.0	0.018314402708211826	0.060660577599528594	0.0012791450452671429	0.00019892689712122094	0.062457533867680035	0.0	0.005895752284402327	0.0	0.0	0.0	0.0069506160219831754	0.0	0.0008818925413938302	0.08191218354588947	0.0	0.0	0.0	0.0	0.06662467655588894	0.0	0.0	0.0	0.0
LCC10411001	0.0	0.09686595332369584	0.00910221133510167	0.0	0.005604360797722838	0.0	0.0	0.0	0.4401955043898367	0.002787107545860208	8.442905772006706e-05	0.0	0.3326230822297914	0.0	0.0	0.0	0.0	0.0	0.0037798077526112646	0.0	0.013726520474046497	0.09463917645304147	0.0	0.0	0.0	0.0	0.0	0.0	0.0005918466405720081	0.0	0.0
LCC10671001	0.0	0.5618680304769017	0.001822429578136466	0.0	0.1635442801593923	0.0	0.0	0.0	0.016261409009540848	0.005940767022779364	0.0	0.0	0.022580476751272293	0.0	0.0	0.0	0.0	0.0	0.0	0.0	0.0	0.22798260700197684	0.0	0.0	0.0	0.0	0.0	0.0	0.0	0.0	0.0
LCC10581001	0.0	0.1376816526661978	0.0013684563879430161	0.0	0.7056018747189291	0.0	0.0	0.0	0.0035657126101958795	0.011030728891231514	0.0005967870770988623	0.0	0.005247165145028336	0.0004956741954457314	0.0	0.0	0.0	0.0	0.0004628619599725634	0.0	2.4318287992525325e-05	0.13392476805996492	0.0	0.0	0.0	0.0	0.0	0.0	0.0	0.0	0.0
LCC10621001	0.0	0.03777475577320419	0.0017455894104458885	0.0	0.6021092948943997	0.0	0.0	0.0	0.06851953322085208	0.01711672231455009	0.0008077432437401391	0.0	0.13961982619856944	0.0	2.6121050170700418e-05	0.0	0.0	0.0	0.01961459796991217	0.0	0.09145803482498596	0.021207781099169775	0.0	0.0	0.0	0.0	0.0	0.0	0.0	0.0	0.0
LCC10241001	0.0	0.18522848829535532	0.0017251565095518918	0.0	0.5386836496576282	0.0	0.0	0.0	0.09298717257540705	0.0008551908244394131	1.0178237352553866e-05	0.0	0.05975117821305611	0.0	0.0	0.0	0.0	0.0	0.10771530091137907	0.0	0.0	0.013043684775830339	0.0	0.0	0.0	0.0	0.0	0.0	0.0	0.0	0.0
LCC10591001	0.0	0.9439745135554239	0.0016925124204049393	0.0	0.0005748212084686913	0.0	0.0	0.0	0.004204237711356219	0.0	0.0	0.0	0.0005600976124336856	0.0	0.0	0.0	0.0	0.0	0.0	0.0	0.0	0.04899381749191254	0.0	0.0	0.0	0.0	0.0	0.0	0.0	0.0	0.0
LCC10301001	0.0	0.057895353305330806	0.003099498747929454	0.0	0.670816526979709	0.0	0.0	0.0	0.07793933678666273	0.01714627986234512	0.0	0.0	0.01629361273964076	0.0	0.0009061138858515656	0.0	0.0	0.0	0.00144357949823517	0.0	0.08771926741338444	0.06674043078091096	0.0	0.0	0.0	0.0	0.0	0.0	0.0	0.0	0.0
LCC10611001	0.0	0.18612895947183858	0.002571664858066132	0.0	0.47812123677257606	0.0	0.0	0.0	0.03955637005117613	0.030053887790720647	0.0013702337872595457	0.0	0.05976776868724618	0.0	0.0	0.0	0.0	0.0	0.054906710733481315	4.292612054434975e-05	0.040127317472682125	0.10735292425440877	0.0	0.0	0.0	0.0	0.0	0.0	0.0	0.0	0.0
LCC30721001	0.0	0.05183401005492116	0.007951330075344371	0.0	0.34471803267174006	0.00021968462882968994	0.0	0.0	0.09694132648237148	0.15100470868553925	0.001542547012564598	0.0005203056998597916	0.0486716536049945	0.0	0.015059257038039588	0.0	0.0	0.0	0.00013950460197694413	0.0	0.12504085993619096	0.15635677950762766	0.0	0.0	0.0	0.0	0.0	0.0	0.0	0.0	0.0
LCC20731001	0.0	0.1439434213633446	0.0005275105311669212	0.0	0.509676305185139	0.0	0.0	0.0	0.015157483392890005	0.11061263387220997	0.0008432350558060631	0.00017480113364147916	0.00577996386106838	0.0	0.0	0.0	0.0	0.0	0.0	0.0	0.0	0.2132846456047338	0.0	0.0	0.0	0.0	0.0	0.0	0.0	0.0	0.0
LCC20751001	0.0	0.10200447360257736	0.001181397093314684	0.0	0.8025774748227879	0.0	0.0	0.0	0.0092132683693975	0.010183303075262403	0.0016031163383024942	0.0	0.004026141766645667	0.0	0.0	0.0	0.0	0.0	0.004884260993332833	0.0	0.007046351409576968	0.05728021252880213	0.0	0.0	0.0	0.0	0.0	0.0	0.0	0.0	0.0
LCC20741001	0.0	0.08957675686964343	3.192848020434117e-05	0.0	0.38740762829626413	1.7570704514967143e-05	0.0	0.0	0.1551362683438155	0.02732636127778179	6.777271741487737e-05	0.0	0.09738176421921813	0.0	0.002289914616416459	0.0	0.0	0.0	0.018331064202350256	0.0	0.0	0.22243297027237602	0.0	0.0	0.0	0.0	0.0	0.0	0.0	0.0	0.0
LCC20691001	0.0	0.1704815176667727	0.00855463425561344	0.0	0.45354981562880686	0.0	0.0	0.0	0.24361098166105372	0.02303938318358088	0.0	0.0005450816963698796	0.06033226546675599	0.0	0.0	0.0	0.0	0.0	0.0	0.0	0.0061442646874068614	0.03366581070365832	0.0	0.0	0.0	0.0	7.62450499812436e-05	0.0	0.0	0.0	0.0
LCC20721001	0.0	0.389430234770917	0.0024608234535002617	0.0	0.3015945517055259	0.0	0.0	0.0	0.013579642081407321	0.047041897699594264	0.0018661144047795344	0.0	0.1432624860264976	0.0	0.0	0.0	0.0	0.0	0.0	0.0	0.0001669887546838735	0.10059726110309436	0.0	0.0	0.0	0.0	0.0	0.0	0.0	0.0	0.0
LCC20671001	0.0	0.08328302656781364	0.0001284106627380009	0.0	0.020328968982228166	0.0	0.0	0.0	0.2963230639045987	0.012085508005674647	0.0	0.0	0.002780720312310842	0.0	0.03513426518181642	0.0	0.0	0.0	0.0043481361116767875	0.0	0.3807017607468647	0.1618291600371515	0.0	0.0	0.0	0.0	0.0	0.0030569794871268033	0.0	0.0	0.0
LCC20711001	0.0	0.024557768166912214	0.007304735866566276	0.0	0.8832510962306674	0.0	0.0	0.0	0.014160923910460529	0.04881727154252725	0.0	0.00027815367990814894	0.0026435605672133836	0.0	0.0023317883130429557	0.0	0.0	0.0	0.0	0.00028535766010720845	0.0	0.016369344062594583	0.0	0.0	0.0	0.0	0.0	0.0	0.0	0.0	0.0
LCC20661001	0.0	0.09405757573573978	0.008289657728980665	0.0	0.7214986657122886	0.0	0.0	0.0	0.006706967519922241	0.02547456686690991	0.0020750916146842894	0.0	0.07411561905265174	0.0	0.0007902442070776087	0.0	0.0	0.0	0.007588986541828899	0.002232820195022981	0.0022817600908260397	0.05402023729744489	0.0	0.0	0.0008678074366223334	0.0	0.0	0.0	0.0	0.0	0.0
LCC20701001	0.0	0.2120124184629053	0.0023997358728368294	0.0	0.616267873971608	0.0	0.0	0.0	0.09880735210015446	0.00960094627541746	1.2417261234841823e-05	0.0	0.012357478130348999	0.0	0.003235998361322074	0.0	0.0	0.0	0.024051233619854968	4.1758047862332006e-05	0.00011526022323631948	0.021097527673218545	0.0	0.0	0.0	0.0	0.0	0.0	0.0	0.0	0.0
LCC20681001	0.0	0.3248291458729948	0.013130873628511574	0.0	0.41071632680651593	0.0	0.0	0.0	0.006548211287209901	0.04239840002474852	0.0004080893083815283	0.0	0.061617267069191586	0.0	0.0003484277161642934	0.0	0.0	0.0	0.060984392165890564	0.0009585026507223567	0.06954884386079205	0.008293162198977636	0.0	0.0	0.0	0.0	0.00021835740989944378	0.0	0.0	0.0	0.0
LCC20651001	0.0	0.1308120845916573	0.006087577330675631	0.0	0.6244336280935802	0.0	0.0	0.0	0.006528486786639778	0.19501405058371568	0.0	0.0	0.005558990456580407	0.0	0.0	0.0	0.0	0.0	0.0	0.0	0.0	0.031565182157151025	0.0	0.0	0.0	0.0	0.0	0.0	0.0	0.0	0.0
LCC20601001	0.0	0.2713621343856518	0.012266044936835469	0.0	0.11024241468536981	0.0	0.0	0.0	0.02811826594198129	0.027218219481664457	0.0	0.0	0.26556225128580385	0.0	0.0	0.0	0.0	0.0	0.008037699973218524	0.0	0.07619736316524428	0.2009182265842935	0.0	0.0	0.0	0.0	0.0	0.0	0.0	0.0	7.737955993673883e-05
LCC20641001	0.0	0.5874254609393599	0.0011085129348533153	0.0	0.0012218369339731514	0.0	0.0	0.0	0.17029033168092528	2.082278429057062e-05	0.0	0.0	0.009595699614518206	0.0	6.907558250235734e-06	0.0	0.0	0.0	0.0014530899710463183	0.0	0.17804241400940907	0.05083492357337398	0.0	0.0	0.0	0.0	0.0	0.0	0.0	0.0	0.0
LCC20631001	0.0	0.20587852498534795	0.0005135065605379226	0.0	0.49465197006700723	0.0	0.0	0.0	0.005368099869626501	0.05286624035958839	8.048247316760923e-05	0.0	0.03738623741599768	0.0	0.000916425742957631	0.0	0.0	0.0	0.09569812058220656	0.003648876661319414	0.03330291758087931	0.0671083944841327	0.0	0.0	0.0	0.0	0.002580203217231115	0.0	0.0	0.0	0.0
LCC20621001	0.0	0.39989755869592664	0.023981012746453596	0.0	0.19102077753438182	0.0	0.0	0.0	0.05927310019355789	0.15435232584393246	0.0010610428276486093	0.0	0.04281777891827558	0.0	0.0008083990473406405	0.0	0.0	0.0	0.03638121311138802	0.00037860954753360756	0.0	0.08959879903138632	0.0	0.0	0.0	0.0	0.0004293825021746382	0.0	0.0	0.0	0.0
LCC20521001	0.0	0.21593379251230774	0.0032259857494170113	0.0	0.059504742438266686	0.0	0.0	0.0	0.05493583558971082	0.012587837402518611	0.0	0.0	0.03211914276183016	0.0	0.0	0.0	0.0	0.0	0.34267384325203004	0.0	0.029637839478060913	0.249380980815858	0.0	0.0	0.0	0.0	0.0	0.0	0.0	0.0	0.0
LCC20611001	0.0	0.5074340264497977	0.0	0.0	0.0	0.0	0.0	0.0	0.027050760461067667	0.00018274011111281822	0.001615828448124563	0.0	0.10911372854423643	0.0	0.0	0.0	0.0	0.0	0.0	0.0	0.0	0.3546029159856609	0.0	0.0	0.0	0.0	0.0	0.0	0.0	0.0	0.0
LCC20591001	0.0	0.02174250708441856	0.0	0.0	0.3008205931759759	0.0	0.0	0.0	0.23223391092779425	0.06672226897637429	0.0036390491884398537	0.0	0.08597161969910211	0.0	0.00010143936323827411	0.0	0.0	0.0001285836923505972	0.16795101232764734	0.0	0.00016236330191259912	0.12052665226274625	0.0	0.0	0.0	0.0	0.0	0.0	0.0	0.0	0.0
LCC20571001	0.0	0.23253995998999002	0.006136631057415882	0.0	0.1722512673673898	0.0	0.0	0.0	0.20254049588322393	0.05380136820681176	0.0	0.0	0.16842500978533004	4.122255646005855e-06	0.0	0.0	0.0	0.0	0.0	0.0	0.00012869481041193198	0.16417245064378072	0.0	0.0	0.0	0.0	0.0	0.0	0.0	0.0	0.0
LCC20581001	0.0	0.41081215650128	0.02272226764611433	0.0	0.04918263020618531	0.0	0.0	0.0	0.05174913572258557	0.03655330891921478	0.0022533876391312457	0.0	0.015539976183821812	2.212245872009154e-05	5.36544700179611e-05	0.0	0.0	0.0	0.1632332143592175	0.0	0.0	0.24787814589371127	0.0	0.0	0.0	0.0	0.0	0.0	0.0	0.0	0.0
LCC20561001	0.0	0.17615814021028028	0.0	0.0	0.1677444748849708	0.0	0.0	0.0	0.10955167269525008	0.04288050548147914	0.003056488662053917	0.0	0.40312863610746646	0.0	0.0	0.0	0.0	0.0	0.0	0.0	0.00037914855612532303	0.09710093340237408	0.0	0.0	0.0	0.0	0.0	0.0	0.0	0.0	0.0
LCC20541001	0.0	0.30631517701293476	0.00476047212547785	0.0	0.4011887432164929	0.0	0.0	0.0	0.024433671604693966	0.05094341402459696	0.0025576574278437943	0.0	0.10325210953802409	0.0	0.0	0.0	0.0	0.0	0.08438794345557013	0.0	0.0	0.01823044667032883	0.0	0.0	0.0	0.0	0.003930364924036963	0.0	0.0	0.0	0.0
LCC20551001	0.0	0.20479819999999996	0.001778999999999999	0.0	0.1268866	0.0	0.0	0.0	0.413099	0.009742599999999997	0.00019739999999999843	0.0	0.0296255	9.899999999999914e-05	8.65999999999984e-05	0.0	0.0	0.0	0.009099299999999998	0.0003649999999999999	0.0005470999999999998	0.2036747	0.0	0.0	0.0	0.0	0.0	0.0	0.0	0.0	0.0
LCC20531001	0.0	0.43451492012357207	0.00048294123778423135	0.0	0.028423454344710324	0.0	0.0	0.0	0.12242569226149046	0.0007614863122702632	0.0	0.0	0.01152458124889064	0.0	0.0	0.0	0.0	0.0	0.1795785758135454	0.0	0.0	0.2222366744761928	0.0	0.0	0.0	0.0	5.1674181543786535e-05	0.0	0.0	0.0	0.0
LCC20501001	0.0	0.2628486681052149	0.003177116363834467	0.0	0.18781430947750022	0.0	0.0	0.0	0.008202200344531091	0.015071052769128034	0.00031095980827902116	0.0	0.29043800799633035	0.0006786084515428133	0.0	0.0	0.0	0.0	0.17776226293872932	0.005154374306100481	0.0	0.048542439438809266	0.0	0.0	0.0	0.0	0.0	0.0	0.0	0.0	0.0
LCC20481001	0.0	0.5892863097679812	0.0006220422108824534	0.0	0.14120900578108533	0.0	0.0	0.0	0.05114747854441521	0.013052641263747104	0.0006592060439240332	0.0	0.06348516801467591	2.1896528656929043e-05	0.0	0.0	0.0	0.0	0.0	0.0	0.0	0.1405162518446319	0.0	0.0	0.0	0.0	0.0	0.0	0.0	0.0	0.0
LCC20471001	0.0	0.4891774045548731	0.008966702006066703	0.0	0.12201062021796974	0.0	0.0	0.0	0.00266885295666589	0.03623591694244431	0.00030356621308046084	0.0	0.32257014794253397	0.0	0.0	0.0	0.0	0.0	0.0	0.0	0.0	0.018066789166365758	0.0	0.0	0.0	0.0	0.0	0.0	0.0	0.0	0.0
LCC20461001	0.0	0.5594840139120711	0.0046964702889424476	0.0	0.199020859971883	0.0	0.0	0.0	0.0527786056424793	0.03214330350308792	0.005678124724986632	0.0	0.005480669749527992	0.0	0.0	0.0	0.0	0.0	0.002896450025772679	0.0015868872147533626	0.0	0.13623461496649553	0.0	0.0	0.0	0.0	0.0	0.0	0.0	0.0	0.0
LCC20441001	0.0	0.0403708040370804	0.003237100323710032	0.0	0.7803588780358879	0.0	0.0	0.0	0.0014499001449900142	0.06747000674700067	0.0	0.0	0.05671600567160055	0.0	0.004674900467490046	0.0	0.0	0.0	0.0006961000696100068	0.0	4.700000469998867e-06	0.045021604502160445	0.0	0.0	0.0	0.0	0.0	0.0	0.0	0.0	0.0
LCC20371001	0.0	0.2414402338545848	0.000940047567434285	0.0	0.5347524999695314	0.0	0.0	0.0	0.02571669184237538	0.14099142233034498	0.0028990087952312895	0.0	0.03457275981265928	0.0	0.0003566600703187393	3.1828461513900095e-05	0.00027870048420557917	0.0	0.008032456167121983	0.0005493431300532079	0.0010385546413602179	0.008359906573393158	0.0	0.0	0.0	0.0	0.0	0.0	3.988629987184887e-05	0.0	0.0
LCC20511001	0.0	0.21195525268626791	0.010349314545442521	0.0	0.3484721209194874	0.0	0.0	0.0	0.2813665837470794	0.03868558524051392	0.002768095140455198	0.0	0.01365757958586707	0.0	0.003771869114127375	0.0	0.0	0.0	0.03559348837712718	0.0	0.034759983171552954	0.01862012747207903	0.0	0.0	0.0	0.0	0.0	0.0	0.0	0.0	0.0
LCC20491001	0.0	0.46188872416198185	0.0032870949519100824	0.0	0.03797936969780006	0.0	0.0	0.0	0.019426121901885477	0.005400321242728617	0.0	0.0	0.22405402180356465	3.637396436503282e-05	0.00011275928953160215	0.0	0.0	0.0	0.0006408890443539066	3.415111098717006e-05	0.0	0.24714017283089174	0.0	0.0	0.0	0.0	0.0	0.0	0.0	0.0	0.0
LCC20431001	0.0	0.38908904743112005	0.0010692994567135042	0.0	0.0841256005268531	0.0	0.0	0.0	0.37063464157311715	0.003322645461404202	4.2415442663541645e-05	0.0	0.017637345096549437	0.0	0.0	0.0	0.0	0.0	0.0005067313512412553	0.0	0.05743491483511869	0.07609822187087759	0.0	0.0	0.0	0.0	3.9136954341722306e-05	0.0	0.0	0.0	0.0
LCC20421001	0.0	0.6026945242875509	0.002127598110727543	0.0	0.03267805815145958	0.0	0.0	0.0	0.10891771265148129	0.0005734259673854929	0.0	0.0	0.007213323126254822	0.0	0.0	0.0	0.0	0.0	0.0005019282712001383	0.0	0.0008168070139962103	0.24447662241994433	0.0	0.0	0.0	0.0	0.0	0.0	0.0	0.0	0.0
LCC20451001	0.0	0.17003978607002043	0.002050477458393274	0.0	0.019264328223578805	0.0	0.0	0.0	0.1034440886894617	0.0	0.0	0.0	0.1819647725907963	0.0	0.0	0.0	0.0	0.0	0.0017108265639094067	0.01581201145797932	0.06811998681463576	0.43759372213122494	0.0	0.0	0.0	0.0	0.0	0.0	0.0	0.0	0.0
LCC20401001	0.0	0.24108705997504976	0.003777357771115717	0.0	0.3679433501419399	0.0	0.0	0.0	0.05842559551957308	0.04228322827328722	0.0011399227674802742	0.0	0.15543682611073664	5.90477991934312e-06	0.0	0.0	0.0	0.0	3.74302998277098e-05	0.0	0.0	0.12973241839268887	0.0	0.0	0.0	0.0	0.0	0.0	0.00013090596838140353	0.0	0.0
LCC20381001	0.0	0.2303520971123268	0.0194245047470284	0.0	0.5024191927200716	0.0	0.0	0.0	0.006564076247127661	0.10401529803830002	0.0013870038261743936	0.0	0.07577130106993872	0.0	0.0	0.0	0.0	0.0	0.00428368796097327	0.00931560881872224	0.00022454270494255715	0.0462426867543944	0.0	0.0	0.0	0.0	0.0	0.0	0.0	0.0	0.0
LCC20361001	0.0	0.26689173209343714	0.002221182846240762	0.0	0.49134423062770655	0.0	0.0	0.0	0.04585516892859827	0.13416233090933044	0.00013932335248846597	0.0	0.002112147179075873	0.0	0.0	0.0	0.0	0.0	0.044849360008320745	0.0007613164136442007	0.0	0.010797495375972637	0.0	0.0	0.0	0.0	0.0008657122651850524	0.0	0.0	0.0	0.0
LCC20411001	0.0	0.07812616234870187	0.0010977107740766062	0.0	0.4428085630713967	0.0	0.0	0.0	0.3489606422807547	0.04660059435645622	8.265590768986424e-06	0.0	0.055128768832190964	0.0	0.00025794691192488814	0.0	0.0	0.0	0.0	0.0	0.025506403514448547	0.0015049423192804166	0.0	0.0	0.0	0.0	0.0	0.0	0.0	0.0	0.0
LCC20391001	0.0	0.0760145976222398	0.008633374085148422	0.0	0.30744828914689826	1.71295069707343e-05	0.0	0.0	0.35461156586362114	0.00396696815624654	0.005287273627667497	0.0002249401723761763	0.05286637681899723	0.0	4.0208184027114014e-05	0.0	0.0	0.0	0.018228462286210678	0.0	0.0	0.17266081452959658	0.0	0.0	0.0	0.0	0.0	0.0	0.0	0.0	0.0
LCC20351001	0.0	0.2076551897521992	0.007203797384048323	0.0	0.45113886120479707	0.0	0.0	0.0	0.09466629385645166	0.0	0.0	0.0	0.1343077800331729	0.0	0.0	0.0	0.0	0.0	0.0	0.0	0.0	0.10502807776933089	0.0	0.0	0.0	0.0	0.0	0.0	0.0	0.0	0.0
LCC20341001	0.0	0.17632769800977283	0.00489718990586814	0.0	0.36062612161847807	0.0	0.0	0.0	0.1118807032384623	0.19155726858569896	0.0006096462314076429	0.0026378708499163574	0.08330324397038129	0.0	0.0015471335600850103	0.0	0.0	0.0	0.008582607572478947	0.0	0.030013110595151504	0.028017405862298807	0.0	0.0	0.0	0.0	0.0	0.0	0.0	0.0	0.0
LCC20331001	0.0	0.11808116224904044	0.0018361361658458543	0.0	0.06536644750411245	0.0	0.0	0.0	0.05892809891994951	0.05625719991749964	0.0	0.0	0.37371548441296465	0.0	0.0	0.0	0.0	0.0004329256943361479	0.014974822297232718	0.0	0.018891174976230843	0.2915165478627878	0.0	0.0	0.0	0.0	0.0	0.0	0.0	0.0	0.0
LCC20301001	0.0	0.35181227215294686	0.0009303639925202363	0.0	0.028441540677163986	0.0	0.0	0.0	0.4124037917915279	0.021587428680605467	0.0005332244387224476	0.0	0.030069652630063205	0.0	0.0	0.0	0.0	0.0	0.009960832787424994	0.0	0.009409183316453733	0.13485170953257092	0.0	0.0	0.0	0.0	0.0	0.0	0.0	0.0	0.0
LCC20321001	0.0	0.18791301358896403	0.004033815847780881	0.0	0.5931311421684319	0.0	0.0	0.0	0.008188941194095498	0.002534298435567505	0.0	0.0	0.07800720796438362	0.0	0.0	0.0	0.0	0.0	0.010157395324053874	0.00046073607563472044	0.0	0.11557344940108812	0.0	0.0	0.0	0.0	0.0	0.0	0.0	0.0	0.0
LCC20271001	0.0	0.11248500121750508	0.008066756998139584	0.0	0.56172268796623	0.0	0.0	0.0	0.011084011203561402	0.03524310496067312	0.0	0.0	0.010485212447302564	0.0	0.0	0.0	0.0	0.0	0.0	1.6030832844721865e-05	0.0	0.2608971943737435	0.0	0.0	0.0	0.0	0.0	0.0	0.0	0.0	0.0
LCC20291001	0.0	0.3615104754197306	0.0061609733624751525	0.0	0.18937721349792333	0.0	0.0	0.0	0.06750535854775574	0.03924521308433752	3.2199585913323455e-05	0.0	0.004869531451899603	0.0	0.0019150405577636122	0.0	0.0	0.0	0.00015694316689605673	0.0	5.473929605265068e-05	0.3291723120292525	0.0	0.0	0.0	0.0	0.0	0.0	0.0	0.0	0.0
LCC20231001	0.0	0.30659063328428937	0.0	0.0	0.0643570736883511	0.0	0.0	0.0	0.08161833342094811	0.012883328993188576	7.570727952893275e-05	0.0	0.0031537257622535676	0.0	0.0	0.0	0.0	0.0	0.0010938991501908612	0.0	6.921228503851532e-05	0.5300005825198184	0.0	0.0	0.0	0.0	0.0	0.0	0.00015750361639263412	0.0	0.0
LCC20281001	0.0	0.2635780264517848	0.006611272211947162	0.0	0.0028902494376616284	0.0	0.0	0.0	0.051133214050161115	0.5491741768671955	1.6739819678658532e-05	0.0	0.012989860930360912	0.0	0.0	0.0	0.0	0.0	0.02422849758205262	0.0	0.0065270948329916026	0.08285086781616617	0.0	0.0	0.0	0.0	0.0	0.0	0.0	0.0	0.0
LCC20251001	0.0	0.16212945462749628	0.0015986040691249	0.0	0.7080732955715416	0.0	0.0	0.0	0.01089610933671782	0.0	0.0	0.0	0.06254837189901064	0.0	0.0	0.0	0.0	0.0	0.0	0.00018131180339840032	0.0	0.054572852692710304	0.0	0.0	0.0	0.0	0.0	0.0	0.0	0.0	0.0
LCC20241001	0.0	0.13654480404572739	0.003412667905856952	0.0	0.43369648725135806	0.0	0.0	0.0	0.1289871799433594	0.03731142148222727	0.00025699249619998897	0.0	0.042095451062424405	0.0	0.0	0.0	0.00011807221549281807	0.0	0.0	0.0002786424100764304	0.004129821303014098	0.21307724959895039	0.0	0.0	0.0	0.0	9.121028531278695e-05	0.0	0.0	0.0	0.0
LCC20201001	0.0	0.41240152970022526	0.010195366755654384	0.0	0.3129477025581117	0.0	0.0	0.0	0.01824698403283841	0.164056066863052	0.001030552582294625	0.0	0.003849864297236179	0.0	0.01951656478203613	0.0	0.0	0.0	0.01853313746831051	0.0013213084856099836	0.012769346923820556	0.0045401344200760455	0.0	0.0205914411307343	0.0	0.0	0.0	0.0	0.0	0.0	0.0
LCC20191001	0.0	0.08014689010816489	0.016599306810725512	0.0	0.0662776702077555	0.0	0.0	0.0	0.7093013964422724	0.0001223748777257572	0.0	0.0	0.023432474428078588	0.0	0.00023418284577947333	0.0	0.0	0.0	0.0002481714214405613	0.0	0.013389985387473477	0.09024754747058372	0.0	0.0	0.0	0.0	0.0	0.0	0.0	0.0	0.0
LCC20261001	0.0	0.34818061991053095	0.001479308296534918	0.0	0.03932740555962944	0.0	0.0	0.0	0.19267442688936778	0.1148952125768924	0.00039687050693752707	0.0	0.023855960222487645	0.0	0.0	0.0	0.0	0.0	0.09239487634771862	0.0	0.0	0.18679531968990062	0.0	0.0	0.0	0.0	0.0	0.0	0.0	0.0	0.0
LCC20171001	0.0	0.8606563189737696	0.00190989859583695	0.0	0.0021488484646745754	0.0	0.0	0.0	0.05643947891925043	0.0019029971555063528	0.0	0.0	0.0009671018341527862	0.0	5.071058329873326e-05	0.0	0.0	0.0	0.0004279893213713691	0.0	0.03916467366739437	0.036257466933348984	0.0	7.451555139557506e-05	0.0	0.0	0.0	0.0	0.0	0.0	0.0
LCC20221001	0.0	0.14859192192486628	0.002644664024408704	0.0	0.21692971950721426	0.0	0.0	0.0	0.09201395676826467	0.0471550212224764	0.00015679509227351033	0.0	0.23122273504777338	0.0	0.0	0.0	0.0	0.0	0.054112653063188625	0.0	0.032043543320458896	0.17512899002907525	0.0	0.0	0.0	0.0	0.0	0.0	0.0	0.0	0.0
LCC20211001	0.0	0.3185172501823085	0.0017234620912894506	0.0	0.20749484847754013	0.0	0.0	0.0	0.048136650469138544	0.01918224715959497	0.0	0.0	0.13057121730243057	0.0	0.0	0.0	0.0	0.0	0.0	0.0	0.01785437475863575	0.2565199495590621	0.0	0.0	0.0	0.0	0.0	0.0	0.0	0.0	0.0
LCC20121001	0.0	0.19595974720295425	0.0019295872310748508	0.0	0.6515309987052679	0.0	0.0	0.0	0.044822592875210086	0.014253963665829403	0.0	0.0	0.05330490981314061	0.0	0.0	0.0	0.0	0.0	0.0020080558440300194	0.0	0.00803782827704545	0.023410169852519046	0.0047421465329283916	0.0	0.0	0.0	0.0	0.0	0.0	0.0	0.0
LCC20181001	0.0	0.28291421594136024	0.00981072188937611	0.0	0.005740667992971025	0.0	0.0	0.0	0.28720445160202285	0.03701229388289739	0.0	0.0	0.03849049959803794	0.0	0.0	0.0	0.0	0.0	0.035077581987126384	0.0	0.2830298213940875	0.02071974571212057	0.0	0.0	0.0	0.0	0.0	0.0	0.0	0.0	0.0
LCC20161001	0.0	0.17079278292072178	0.004907399509260051	0.0	0.7564745243525476	0.0	0.0	0.0	0.008319099168090085	7.169999282999804e-05	0.0	0.0	0.02028189797181021	0.0	0.0071255992874400724	0.0	0.0	0.0	0.03077559692244032	0.00023969997603000057	0.0006054999394500052	0.00040619995938000187	0.0	0.0	0.0	0.0	0.0	0.0	0.0	0.0	0.0
LCC20111001	0.0	0.1839232401829142	0.004571052230548014	0.0	0.33157113898278157	0.0	0.0	0.0	0.000712729134211708	0.14926046972882376	0.00021102705939245991	0.0	0.027716788278222326	0.0	0.0	0.0	0.0	0.0	0.14432519820183737	7.834717283276093e-05	0.07093801177689088	0.08669199725154518	0.0	0.0	0.0	0.0	0.0	0.0	0.0	0.0	0.0
LCC20151001	0.0	0.25359608898351493	0.006856253963753048	0.0	0.5195746070690425	0.0	0.0	0.0	0.03197055323228979	0.04578609120431809	0.0014164878910160402	0.0	0.06197322260156768	0.0	0.0	0.0	0.0	0.0	0.016032035635378975	0.0	0.0	0.0627946594191188	0.0	0.0	0.0	0.0	0.0	0.0	0.0	0.0	0.0
LCC20141001	0.0020587457646575056	0.011247932184755598	0.0031679927971080524	0.0	0.5936728800182579	0.0	0.0	0.0	0.006958355771801222	0.13672238097732292	0.002997580670539307	0.12137065296176794	0.07423183597529628	0.0	0.0	4.830086041396329e-05	4.495534627273616e-05	0.0	0.0029848258978758774	0.0027242939841278344	0.006581044505060977	0.008326252866295375	0.0	0.026861969418446135	0.0	0.0	0.0	0.0	0.0	0.0	0.0
LCC20131001	0.0	0.07214938165600478	0.0036050848500541427	0.0	0.712699954095711	0.0	0.0	0.0	0.05549660913169471	0.042725971384834215	0.00372846108604196	0.0	0.03379290720951377	0.0	7.600392596715745e-06	0.0	0.0	0.0	0.0	0.0	0.004293284782441884	0.07150074541110679	0.0	0.0	0.0	0.0	0.0	0.0	0.0	0.0	0.0
LCC20101001	0.0	0.24436779263487338	0.003024951953066126	0.0	0.19836672149275061	0.0001679835432295503	0.0	0.0	0.3598466492275825	0.026072190069582633	0.0	0.0	0.008108248387227967	0.0	0.0	0.0	0.0	0.0001149361085254816	0.0005453484316733956	0.0	0.06116889294268369	0.09821628520880459	0.0	0.0	0.0	0.0	0.0	0.0	0.0	0.0	0.0
LCC20081001	0.0	0.3136600879507333	0.013042858401869141	0.0	0.11411314724943243	0.0	0.0	0.0	0.0772040324058414	0.07437322125707764	0.006343396809461226	0.0	0.16049779455355453	0.0	0.0	0.0	0.0	0.0	0.0	0.000789534953490492	0.0	0.14053003769187047	0.0	0.0	0.0	0.0	0.09944588872666923	0.0	0.0	0.0	0.0
LCC20061001	0.0	0.3039082464843625	0.001828593707724469	0.0	0.06834429398711869	0.0	0.0	0.0	0.020018771279680287	0.002695766010088077	0.0	0.0	0.07534430375438685	0.0	0.0	0.0	0.0	0.0	0.0	0.0	0.40667994545232483	0.1211800793243145	0.0	0.0	0.0	0.0	0.0	0.0	0.0	0.0	0.0
LCC20071001	0.00015797394347067534	0.40177586207607235	0.00991938279487542	0.0	0.1652815522295039	0.0	0.0	0.0	0.06395110866175356	0.07550000350366215	0.002057061878383353	0.025798494909178894	0.22505938707346523	0.0	0.002513774544699103	0.0	0.0	0.0	0.007481761377524541	0.0035685829500258217	0.009454117070954931	0.007480936986430109	0.0	0.0	0.0	0.0	0.0	0.0	0.0	0.0	0.0
LCC20051001	0.0	0.47178920124159873	0.0	0.0	0.0	1.495952047257123e-05	0.0	0.0	0.1931904678351091	0.008877748201559179	0.0	0.0	0.06880423670241474	0.0	0.0	0.0	0.0	0.0	0.0	0.0	0.0	0.25732338649884584	0.0	0.0	0.0	0.0	0.0	0.0	0.0	0.0	0.0
LCC20041001	0.0	0.18163016134517151	0.005027919829691712	0.0	0.34441346668621026	0.0	0.0	0.0	0.07152264127550842	0.012385241091686372	0.00011237942036228252	0.0	0.1986706745297289	0.0	0.0038773926400760537	0.0	0.0	0.0	3.93428850460231e-06	0.0	0.0	0.18235618889305966	0.0	0.0	0.0	0.0	0.0	0.0	0.0	0.0	0.0
LCC20021001	0.0	0.23237193100569994	0.0010568320259675683	0.0	0.4044416492066901	0.0	0.0	0.0	0.05893276321739136	0.06737660312132147	0.0032744381193982727	0.0	0.08603525481892717	0.0	0.0	0.0	0.0	0.0	0.019490451841858256	0.0	0.0	0.12702007664274595	0.0	0.0	0.0	0.0	0.0	0.0	0.0	0.0	0.0
LCC20031001	0.0	0.1975071324382298	0.0024748233240334994	0.0	0.164898863774207	0.0	0.0	0.0	0.1592490316331028	0.0846352452311195	0.0	0.0	0.07472904504972742	0.0	0.0	0.0	0.0	0.0	0.0	0.0	0.0	0.31650585854957997	0.0	0.0	0.0	0.0	0.0	0.0	0.0	0.0	0.0
LCC20011001	0.0	0.14100038205395207	0.00045696649162100584	0.0	0.5295342687412449	0.0	0.0	0.0	0.005446141629647331	0.07649319419577646	0.0002621938886349986	0.0	0.1660736090614208	0.0	0.0	0.0	0.0	0.0	0.0003820539520109514	0.0	0.0	0.08035118998569167	0.0	0.0	0.0	0.0	0.0	0.0	0.0	0.0	0.0
