source,target,weight
CE 20:4,SM 40:2;O2,-0.937120050353587
CE 20:4,PC 40:5.1,-0.936855050732678
CE 20:4,PE P-38:2,-0.9350902930107072
CE 20:4,SM 42:4;O2,-0.92329361228495
DG 48:12,ST 27:1;O.1,-0.8623370429622619
CE 20:4,PC 40:2,-0.8548594394378644
CE 20:4,PE P-42:6,-0.8199858934717422
Cer 42:2;O3,PC 40:5.1,-0.8024688531768771
TG 44:3,TG 50:5,0.800031658631298
PE O-36:4,PE O-38:6,0.8000727173600339
PI 36:4,PI 38:5,0.8001895724485298
TG 50:3,TG 53:5,0.8002670249576205
DG 30:2,TG 48:5,0.8003074189964353
TG 42:1,TG 47:2,0.8003101252310567
TG 52:7,TG 56:7,0.8004283503774414
DG 36:4,TG 56:8,0.8005388373677331
TG 40:2,TG 50:4,0.8005598224289222
TG 48:5,TG 49:4,0.8006441544381344
TG 36:0,TG 43:1,0.8006645507360127
CE 22:6,PC 38:6,0.8007575956399935
TG 49:1,TG 50:2,0.800791396510288
FA 18:3,FA 22:6,0.800898192350924
TG 52:1,TG 55:2,0.8009013339247852
DG 36:4,TG 50:5,0.8011507515573715
TG 54:2,TG 54:4,0.8012507043033875
PC 38:6.1,PC 40:6.1,0.801316029426416
TG 40:3,TG 49:4,0.801408476497316
TG 54:7;O,TG 56:9;O,0.8014278690212387
TG 58:10,TG 58:7,0.8015754128426827
PC 33:2,PC 35:4,0.8017083158840455
TG 50:6,TG 54:6,0.8019031564939482
DG 51:11,TG 44:3,0.8019534445544931
TG 52:1,TG 54:0,0.8020012689032072
TG 51:3,TG 51:5,0.8020670143953572
TG 36:1,TG 41:1,0.8021577431223266
TG 40:1,TG 47:3,0.802206528978833
NAGly 39:5;O2,TG 58:4,0.8022694239683466
TG 36:0,TG 46:2,0.8023039238166146
TG 36:0,TG 42:0,0.8025476125259898
PE O-40:8,PE P-38:6,0.8025612367420134
DG 51:8,TG 45:1,0.8026530492231766
DG 47:6.1,TG 41:1,0.8026808544587796
TG 56:9,TG 58:7,0.8026952453081049
FA 22:3,FA 24:5,0.8027693171489735
PE O-40:7,PE P-36:4,0.8028132005292962
TG 40:3,TG 42:3,0.802815467295058
FA 18:2,FA 24:2,0.8028982290180308
TG 43:0,TG 45:1,0.8029006282963809
DG 36:1,TG 50:0,0.8029140539364881
DG 36:2,TG 52:3,0.8030021436251702
FA 17:2,FA 22:5,0.8030304958671074
TG 40:1,TG 48:3,0.8031346889679317
PC O-38:7,PC O-38:8,0.8033095488961032
TG 49:1,TG 50:1,0.8033124756474301
TG 51:5,TG 54:8,0.8033474519272928
FA 14:0,FA 22:4,0.8034104035628647
DG 51:8,DG 51:9,0.8034511399631378
TG 56:4,TG 56:6,0.8034585780560852
TG 58:5,TG 60:7,0.8034625343854869
TG 60:4,TG 62:5,0.8034719289607483
DG 32:1,DG 34:1,0.8035833225101913
PC 40:5.1,PC O-42:7,0.8038062782151414
TG 38:2,TG 42:4,0.8038840552033477
TG 42:0,TG 46:0,0.8039451288855972
CE 22:4,PE P-42:6,0.8040554352829857
PC O-40:6,PC O-40:7,0.8041013588256166
DG 49:8,TG 46:1,0.804107384412581
TG 56:5,TG 56:7,0.8041144555680261
DG 51:8,TG 43:1,0.8041253245093228
TG 46:0,TG 49:5,0.8041578738905064
TG 50:7,TG 60:5,0.8041687519008741
CE 22:6,PC 38:6.1,0.8042578971501061
DG 51:10,TG 48:3,0.8042897830643416
TG 52:1,TG 52:3,0.8043000906131232
TG 42:3,TG 48:3,0.8044168705322008
TG 48:3,TG 49:3,0.8044270821622215
TG 56:3,TG 57:3,0.8044358418934966
FA 12:0,FA 22:2,0.8044769754670781
LPC 16:0,LPC 18:0/0:0,0.8047102386861141
TG 47:4,TG 50:7,0.8047327429112555
SM 42:1;O2,SM 44:5;O2,0.8048440230727161
LPC 18:0/0:0,LPC 20:2/0:0,0.8050277791995981
PE O-38:6,PE O-40:7,0.8051812019278051
TG 42:0,TG 46:3,0.8052260070016414
PC O-32:0,PC O-34:1,0.8052887874211688
TG 48:3,TG 52:7,0.8053842854924895
TG 40:1,TG 45:1,0.805550286115268
TG 51:1,TG 52:2,0.8055690434081503
TG 58:10,TG 60:10,0.8056560444653793
PC O-40:4,PC O-42:5,0.8057376435607111
DG 50:10,PC O-40:4,0.8057990179535393
FA 14:0,FA 17:1,0.8058265190768521
TG 38:0,TG 39:0,0.8058506741974527
DG 34:3,TG 52:5,0.8059632424678258
TG 58:11,TG 60:13,0.8059790566323438
TG 53:5,TG 54:6,0.8060827079261073
TG 47:3,TG 53:5,0.8062380210126459
TG 36:1,TG 38:1,0.8064146247456259
TG 45:0,TG 46:0,0.8065868031832104
TG 51:5,TG 55:4,0.806662581691626
TG 51:4,TG 52:4,0.8067243426201969
TG 44:0,TG 46:1,0.8068979854957241
FA 14:0,FA 22:5,0.8069349155819612
DG 43:7,TG 46:1,0.8070924253852952
DG 43:7,TG 41:1,0.8071060553559534
DG 40:7,TG 52:8,0.8071148210383062
DG 34:3,DG 36:3,0.8071675391236224
TG 39:0,TG 40:1,0.807194076655288
TG 48:5,TG 50:7,0.8073611070529627
TG 50:7,TG 54:9,0.8073918273501275
CE 22:5.1,PE P-42:6,0.8074002482625455
TG 43:1,TG 46:3,0.8074768045755594
TG 59:3,TG 59:4,0.8074799129863308
DG 34:1,DG 34:2,0.8075481881469968
FA 16:0,FA 16:0;O,0.8076480970223986
DG 34:1,TG 54:2,0.8078709962298557
PC O-42:7,SM 42:4;O2,0.807909417211778
TG 41:1,TG 47:4,0.8079104872572531
DG 36:3,TG 50:3,0.8079108861345313
TG 48:0,TG 54:1,0.8080889012028245
TG 58:10,TG 60:9,0.8081211992699309
TG 52:1,TG 58:1,0.8082965076153608
DG 43:7,TG 40:1,0.8083096621947594
DG 51:11,TG 42:3,0.8083277204787064
TG 38:1,TG 44:3,0.8083285767777766
TG 48:0,TG 51:1,0.8084210770982831
SM 33:1;O2,SM 35:2;O2.1,0.8085040624948553
TG 44:0,TG 45:1,0.808505229472061
TG 50:2,TG 54:1,0.8085776140755836
FA 17:2,FA 20:1,0.8085838226912446
TG 38:0,TG 42:1,0.8088203821995551
DG 31:1,SM 28:2;O2,0.8088270733190462
DG 49:8,TG 40:0,0.809123129654917
DG 51:11,TG 50:6,0.8091756272365492
TG 36:0,TG 41:1,0.8091913417368152
TG 43:1,TG 46:0,0.8092292722834686
TG 51:2,TG 52:2,0.8092438706079056
TG 53:5,TG 54:7,0.8092577266800108
DG 36:3,TG 54:6,0.8094235054556775
TG 38:0,TG 46:1,0.8094488019811867
TG 47:4,TG 51:5,0.8095754856615202
DG 51:11,TG 50:5,0.8098199703444202
TG 50:5,TG 53:5,0.8098579873042228
TG 42:4,TG 46:2,0.8099887223809866
TG 58:3,TG 62:7,0.8102125921791337
Cer 38:1;O2,Cer 40:2;O2,0.8102202111581372
FA 18:3,FA 22:5,0.8102244241361645
FA 16:1,FA 17:0;O2,0.8102433183356421
TG 42:3,TG 46:2,0.8103375459475234
DG 30:2,TG 40:3,0.8103396506522865
TG 52:4,TG 56:6,0.8103510852689855
TG 49:3,TG 50:4,0.8103705149703023
DG 34:3,TG 52:6,0.8103861822399213
PC O-42:7,SM 40:2;O2,0.8104137798524174
PE O-38:6,PE P-36:4,0.8104836011328116
TG 56:2,TG 58:5,0.810570342156749
DG 36:2,TG 50:2,0.8106035057617182
TG 42:4,TG 44:3,0.8106221319662652
TG 57:3,TG 60:4,0.810720622358638
FA 24:2,FA 24:4,0.8107782363330199
FA 14:0,FA 18:2,0.8108032129494204
DG 27:1,FAHFA 28:2;2O,0.810845284069969
TG 56:10,TG 58:10,0.8108788805790216
PE O-38:6,PE O-38:7,0.8108973591614924
FA 16:0,FA 22:6,0.8109136907253032
DG 36:4,TG 52:6,0.8112022033836631
TG 38:2,TG 47:2,0.8112482126144718
FA 17:0,FA 18:1,0.8112563129735869
TG 38:2,TG 41:1,0.8112654599768795
DG 51:8,TG 42:1,0.8113528903675304
FA 16:0,FA 17:2,0.8114719934214073
TG 49:0,TG 54:0,0.8114921303867708
DG 36:2,DG 36:3,0.811576000031525
DG 47:6.1,TG 40:2,0.8116705381293478
DG 36:4,TG 50:4,0.8117593243898925
TG 57:4,TG 58:3,0.811782567453369
TG 56:2,TG 62:3,0.8119910879417271
TG 43:2,TG 47:2,0.8120345004580407
TG 50:6,TG 54:7,0.8120763899863618
DG 28:0,TG 38:0,0.8121028184145551
TG 58:5,TG 60:5,0.8121219515646418
TG 38:2,TG 48:5,0.8121669340891612
TG 60:4,TG 60:6,0.8123131452109361
LPC 22:6.1,LPE 22:6,0.8124257041631322
TG 50:5,TG 52:4,0.8125172393109418
TG 50:5,TG 51:4,0.8125495174094685
TG 38:0,TG 41:1,0.8127339531643886
TG 50:4,TG 53:5,0.8127398196197194
DG 51:8,TG 40:2,0.8127573073689364
PC O-37:9,PE O-38:8,0.8128418543676587
DG 31:0.1,DG 31:1,0.8128531946328725
TG 46:3,TG 52:7,0.812878253736654
LPC 22:6/0:0.1,LPE 22:6,0.8128847195714279
TG 60:11,TG 62:13,0.8129474125450367
FA 17:2,FA 18:1,0.8130074692697231
FA 14:0,FA 17:0;O2,0.8132085467723998
TG 44:1,TG 44:2,0.813449931880613
TG 54:8,TG 58:10,0.8135042205916433
TG 45:3,TG 46:1,0.8135903239374352
TG 38:1,TG 48:3,0.8136335266231908
TG 56:6,TG 56:8,0.8136777773823125
TG 44:3,TG 47:2,0.8137146458277982
TG 54:5,TG 54:8,0.8137538088614924
TG 42:4,TG 47:4,0.8138672038731937
TG 36:0,TG 46:1,0.814004847463652
TG 50:0,TG 51:1,0.814193548380867
CE 22:4,PE P-38:2,0.814218316421339
PC O-37:9,PE O-40:7,0.8142796981344274
TG 58:9,TG 60:10,0.8144267106247531
TG 50:6,TG 52:5,0.8145941973926117
TG 47:4,TG 53:4,0.8148501366369075
DG 40:7,TG 56:7,0.8148663985710315
TG 58:8,TG 60:11,0.8148827208957207
FA 22:1,TG 58:4,0.8150266751870862
TG 38:0,TG 43:1,0.8150433235558199
FA 16:3,FA 20:3,0.8150935407421074
TG 48:3,TG 52:6,0.8151146533501479
CAR 18:0,CAR 18:2,0.8151955178902888
TG 38:1,TG 45:3,0.8152832132538788
TG 51:1,TG 54:2,0.8153464053325622
DG 51:11,TG 48:5,0.8154331432193763
TG 52:7,TG 56:8,0.8154352233182558
TG 52:6;O,TG 54:7;O,0.8154674101908019
TG 40:0,TG 41:1,0.8154778433649014
TG 47:2,TG 51:2,0.8155440422458456
TG 44:3,TG 45:1,0.8157556634846049
TG 52:7,TG 54:6,0.8159276769591186
TG 40:0,TG 46:3,0.8159366320298266
PE O-34:3,PE P-36:2,0.8160114958860178
TG 52:6,TG 56:9,0.8160799575894164
TG 55:4,TG 57:4,0.8160935029473256
FA 16:0,FA 16:3,0.8161218692033503
LPC 18:2,LPE 18:2,0.8161339053628246
TG 38:2,TG 45:3,0.8162283328742451
FA 20:1,FA 20:3,0.8162622244890364
TG 46:0,TG 47:2,0.8163113422310678
PC O-35:6,PE O-40:8,0.816317740605351
TG 43:1,TG 46:2,0.8165367501280443
FA 16:3,FA 18:1,0.816630886803215
CE 20:4,Cer 42:2;O3,0.8166722982881238
FA 17:0;O2,FA 22:3,0.8167742948965919
DG 51:10,TG 42:1,0.8169433424480238
FA 16:2,FA 17:0;O2,0.8170034792513821
DG 51:10,TG 44:3,0.8171568905158602
TG 50:4,TG 51:5,0.8171739389191511
TG 50:3,TG 51:3,0.8172666163436244
TG 58:11,TG 60:11,0.8172704575770392
TG 41:1,TG 49:4,0.8173752765201726
TG 52:3,TG 54:2,0.8173843447485405
LPC 20:3.1,LPC 22:6/0:0,0.8174115155523376
TG 50:2,TG 54:3,0.8174373973246404
PC O-37:9,PE O-40:8,0.8175223027090762
TG 47:3,TG 53:4,0.8175584670660866
TG 47:4,TG 52:7,0.8175772819968229
TG 52:3,TG 52:5,0.8175865352454645
TG 54:4,TG 56:3,0.8176261449065954
DG 36:3,TG 56:4,0.8177171185944824
DG 51:10,TG 46:2,0.8177798070381962
TG 52:1,TG 56:1,0.8178851065442138
NAGly 39:5;O2,TG 60:8,0.8180066501323651
FA 17:2,FA 18:4,0.8180142616848352
DG 47:6.1,TG 39:0,0.8180927404662797
TG 45:3,TG 50:6,0.8181441330878446
CE 22:5.1,PE P-38:2,0.8181639046508743
FAHFA 24:3;O,FAHFA 28:3;O,0.8182235273967556
TG 50:3,TG 56:4,0.8182609824661
TG 51:1,TG 53:2,0.818314829652477
TG 40:3,TG 42:2,0.8183221713374259
FA 18:1,FA 18:3,0.8183394681952748
TG 56:8;O,TG 56:9;O,0.8183972679700965
TG 57:4,TG 60:6,0.8188641410389474
PE O-37:5,PE O-40:7,0.8189225971959991
TG 40:2,TG 42:0,0.8190605477335255
LPC 20:2,LPC 20:2/0:0,0.8190803323577888
TG 52:3,TG 58:6,0.8191358627370354
TG 43:2,TG 47:4,0.8191438273827955
TG 38:2,TG 47:4,0.8191731275603789
TG 53:3,TG 55:2,0.8193623073485132
TG 50:6,TG 52:8,0.8196097152994897
FA 22:3,FA 24:4,0.8196116836200334
FA 22:6,FA 24:6,0.8196684620550257
FA 20:3,FA 24:5,0.8197069808843991
TG 40:2,TG 50:5,0.8197579852505952
TG 52:5,TG 53:4,0.8201745056218656
DG 36:1,TG 52:2,0.820235845894963
LPC 16:0,LPC 17:0,0.8202640347751886
TG 58:11,TG 58:9,0.8203259283176497
DG 30:2,TG 46:1,0.8203939362628412
TG 40:2,TG 43:1,0.8206811291457701
TG 47:2,TG 51:4,0.8206990876980926
FA 20:1,FA 22:5,0.8207332840219717
FA 14:1,FA 16:0,0.8207862227374851
FA 18:1,ST 24:1;O4,0.8208245671237713
PC 36:3,PC 38:3,0.8208273064097721
TG 46:1,TG 50:3,0.8208320674431805
PC 40:4.1,PC 40:5,0.8208619459927187
DG 34:2,TG 50:3,0.820908026171671
TG 54:6,TG 56:9,0.8209367336998608
DG 51:10,TG 48:4,0.8209404713462553
PC 34:1,PI 34:1,0.8209664028757042
LPC 18:2/0:0,LPE 18:2,0.8209901025357481
TG 41:1,TG 44:0,0.8210008006723211
FA 17:2,FA 22:2,0.8212715613894629
TG 38:0,TG 42:0,0.821611646120039
TG 49:4,TG 50:6,0.8216245308829841
TG 50:5,TG 54:5,0.8216307647660981
TG 54:2,TG 58:1,0.8216471449911374
TG 36:0,TG 43:0,0.8216957114593905
TG 47:3,TG 51:3,0.8217359086864928
TG 51:2,TG 55:2,0.8218113893624449
TG 50:3,TG 52:4,0.8218264390042107
TG 44:3,TG 47:4,0.8218797211358586
PC 40:4.1,PC 40:5.2,0.821920146828982
FA 16:0,FA 17:0,0.8219506371860633
TG 42:4,TG 48:3,0.822002531004141
DG 47:6.1,DG 49:8,0.8221760618786115
TG 40:3,TG 47:2,0.8222004983905999
DG 30:2,TG 48:3,0.8222730934182108
TG 40:2,TG 46:4,0.8225137881308373
TG 49:1,TG 52:1,0.8226899124881306
TG 52:2,TG 54:1,0.8228166404399125
FA 18:3,FA 20:3,0.8228372133792494
PC 32:0;O3,PC 38:4,0.8228823102227785
DG 51:8,TG 44:1,0.8233053827588993
FA 14:0,FA 22:3,0.8233384082930292
TG 40:3,TG 46:1,0.8234418753195787
TG 48:4,TG 52:6,0.8235330405083273
LPC 17:0,LPC 18:0/0:0,0.823629827749359
TG 40:2,TG 50:6,0.8236789452280735
TG 49:3,TG 50:2,0.8236863897591757
PC 30:0;3O,PC 32:2,0.8237959403098014
TG 54:2,TG 56:2,0.8237995505172802
TG 50:4,TG 54:5,0.8238764816055039
FA 18:0,FA 22:2,0.8239082914292861
TG 51:2,TG 53:2,0.8239880682875966
PC O-32:3,SM 42:4;O2,0.8240394057697524
TG 53:3,TG 55:4,0.8242099110152482
FA 14:1,FA 19:1,0.8242181975924022
DG 30:2,TG 48:4,0.8242472678724139
DG 43:7,TG 43:1,0.824249683422359
TG 53:3,TG 53:5,0.8242834591135116
TG 50:4,TG 54:8,0.8242899349660249
TG 51:2,TG 52:1,0.8243753321195347
CE 22:6,PC 34:2;O3,0.8244687206179382
DG 38:5,TG 56:6,0.8245177808923698
TG 52:5,TG 52:7,0.8245249863418251
TG 42:1,TG 47:3,0.8245352112167132
TG 44:1,TG 48:3,0.8245374326990875
TG 38:2,TG 48:4,0.8245543699442324
FA 20:1,FA 22:4,0.8247249073633328
TG 41:1,TG 44:3,0.8247317071430372
PC 38:6,PC 40:6,0.8248451721198046
TG 40:3,TG 41:1,0.8248972001194982
TG 56:7,TG 60:11,0.8250813451162103
PC O-37:9,PE O-38:5,0.825169978992867
PC 36:4,PC 38:4,0.8253104544027394
FA 14:0,FA 20:1,0.8253380666229377
TG 60:10,TG 60:12,0.8254453377852783
TG 56:8,TG 58:11,0.8256214653871939
PC O-37:9,PE O-38:7,0.8259481219985501
TG 47:4,TG 52:6,0.8260559790417196
SM 34:1;O2,ST 27:1;O,0.8263655861497007
TG 41:1,TG 49:3,0.8263938736332905
TG 50:4,TG 54:7,0.8264106607751287
TG 38:2,TG 46:2,0.8264133939089218
TG 48:4,TG 50:3,0.8265232014055784
LPC 18:2.1,LPE 18:2,0.8266179444504715
FA 14:0,FA 22:6,0.8267950006812077
TG 55:2,TG 57:4,0.8267980403962923
TG 40:2,TG 45:3,0.8267999279439763
TG 60:13,TG 62:13,0.8268205317864922
TG 50:5,TG 51:5,0.8268852846455885
DG 49:8,TG 46:3,0.8269329072698988
FA 20:4,FA 22:6,0.8270823752650438
TG 41:1,TG 42:0,0.827288851219365
TG 44:3,TG 50:7,0.8273192053210073
FA 18:3,FA 20:1,0.8273782227688777
TG 51:5,TG 54:7,0.8275781157601503
FA 22:3,FA 22:5,0.8276263514673431
TG 41:1,TG 45:3,0.8276973674504815
DG 30:2,TG 40:2,0.8277420305857293
PE O-38:5,PE O-38:8,0.8277927146057765
TG 46:0,TG 49:0,0.8277962545202827
TG 50:0,TG 54:1,0.8278328156705623
TG 54:2,TG 56:1,0.8278535746521367
TG 47:3,TG 50:3,0.8278595083600433
FA 18:3,FA 18:4,0.8280911054779341
CAR 18:0,HexCer 34:1;O2,0.82811507731622
FA 17:0;O2,FA 22:2,0.8284933991481012
TG 58:10,TG 58:8,0.8285711188318079
TG 57:3,TG 60:6,0.828588496420106
DG 51:8,TG 47:3,0.8285959974207565
DG 43:7,TG 40:2,0.8287570423237317
DG 51:8,TG 50:2,0.8287861337796633
TG 51:1,TG 54:1,0.8288364530928947
FA 20:2,FA 20:4,0.8289780076650639
TG 45:3,TG 50:5,0.8291543934247495
FA 14:0,FA 16:2,0.8291676058353719
SM 41:1;O2,SM 41:2;O2,0.829185612429655
TG 40:1,TG 43:1,0.8292513370701834
PE O-38:5,PE O-38:7,0.8292807189000585
FA 16:0,FA 24:5,0.8294720667313119
TG 42:1,TG 45:1,0.829487291920631
PE O-36:3,PE P-34:2,0.8295876544311807
TG 47:4,TG 53:5,0.8295886383370341
FA 14:0,FA 18:1,0.8298951028248308
CE 22:4,PC 40:5.1,0.8299913170151785
TG 49:3,TG 55:4,0.8300708254134844
FA 16:2,FA 20:3,0.8301259044280835
FA 18:2,FA 22:4,0.8301698888961191
DG 34:2,TG 52:4,0.8303052359618355
TG 42:1,TG 48:3,0.8303114982025915
TG 42:0,TG 45:1,0.8303950782620867
DG 43:7,TG 38:0,0.8304155189843907
TG 60:12,TG 60:13,0.8304237315838111
TG 52:6,TG 54:5,0.8307431014955642
DG 34:2,TG 52:3,0.8307787321449759
TG 48:3,TG 49:4,0.8307823907810737
TG 54:9,TG 58:11,0.8307904974399563
TG 50:1,TG 51:1,0.8308579281877206
FA 16:2,FA 22:2,0.8311137112852008
TG 51:3,TG 55:4,0.8311409981711431
TG 52:3,TG 56:6,0.83116071496446
TG 52:3,TG 56:5,0.8312455764139018
TG 40:3,TG 50:5,0.8312589374323991
DG 51:10,DG 51:11,0.8314672977243405
TG 42:0,TG 44:3,0.8315177106116286
FA 18:2,FA 20:3,0.8315562421704201
TG 42:0,TG 46:1,0.831588943883728
PC O-40:6,PC O-42:6,0.8316804436391914
PC 38:6,PC 40:6.1,0.8317124017065542
TG 60:2,TG 62:3,0.8317348343205772
PC O-38:7,SM 38:5;O2,0.8318748966679174
TG 54:0,TG 54:1,0.8318771383902631
TG 52:5;O,TG 54:7;O,0.8320917652079491
TG 38:0,TG 40:2,0.8320953657165158
TG 40:0,TG 44:1,0.8321392520766111
DG 34:2,DG 36:4,0.8323943506891464
TG 43:2,TG 47:3,0.8325097579877251
TG 38:1,TG 40:2,0.8325601678705826
TG 50:2,TG 51:2,0.8326114490913015
TG 46:3,TG 49:4,0.8326404926255428
FA 18:1,FA 22:3,0.8330683613696095
PC O-42:6,PC O-42:7.1,0.8330689322378977
FA 16:2,FA 20:1,0.8330873204714121
TG 50:2,TG 51:1,0.8330999661977784
TG 46:2,TG 47:4,0.8331032367922782
DG 45:6,TG 46:4,0.8331768545788338
CE 22:5.1,PC 40:5.1,0.8333234917640854
TG 49:4,TG 52:6,0.8333541336669268
TG 54:1,TG 60:2,0.8333772582471098
TG 51:1,TG 53:3,0.8334500426474862
TG 58:7,TG 60:7,0.8336374513066869
FA 18:1,FA 20:3,0.8336417895299987
TG 47:2,TG 50:3,0.8337024076187287
PC O-32:3,PE P-38:2,0.8337175143941222
TG 40:2,TG 47:2,0.8337184275549158
TG 42:0,TG 46:2,0.8338486941938918
FA 16:0,FA 19:1,0.8338950888691179
TG 47:3,TG 50:4,0.8339373581619347
TG 44:3,TG 45:3,0.8339600387012293
DG 50:10,SM 40:4;O2,0.8339664492639616
TG 49:4,TG 50:3,0.8340413321100435
DG 51:11,TG 48:4,0.8341809340594256
TG 40:1,TG 42:0,0.8342143117014426
TG 38:1,TG 46:2,0.8342490769880647
DG 52:9,PC O-41:5,0.8344183306680552
TG 41:1,TG 48:3,0.8345186933056266
TG 42:2,TG 46:1,0.8346159463446703
TG 40:1,TG 46:1,0.8347654822175019
TG 38:1,TG 40:3,0.8347895779082897
TG 52:3,TG 54:5,0.8348001401106799
FA 17:1,FA 19:0,0.8349462379661797
FA 16:0,FA 20:3,0.8349873714858337
TG 58:2,TG 62:3,0.8350289290771414
TG 42:4,TG 50:5,0.83523538681623
TG 50:2,TG 51:3,0.8353938514587632
TG 44:3,TG 50:6,0.8353952017787485
DG 47:6.1,DG 47:8,0.8354436620168942
TG 40:3,TG 50:6,0.8355263551900738
TG 42:3,TG 46:4,0.8355461270995609
TG 52:4,TG 52:6,0.8356106003261445
TG 36:1,TG 38:2,0.8356851792315796
SM 34:1;O2,SM 36:3;O2,0.8357832639657361
TG 40:1,TG 46:2,0.8358451214460118
TG 50:1,TG 54:1,0.8359530732746243
TG 41:1,TG 44:1,0.835962154243599
TG 38:1,TG 46:3,0.835995274790638
FA 18:2,FA 22:5,0.8360078846043362
CAR 16:0,CAR 18:1,0.8360761787520401
TG 58:8,TG 58:9,0.8360849213748713
TG 54:1,TG 55:2,0.8361507489711716
FA 22:2,FA 24:5,0.8362343970385926
FA 16:3,FA 24:5,0.8363989062070064
FA 18:1,FA 22:5,0.8364214398097087
PC O-40:6,PC O-44:7,0.8364647570454757
TG 46:1,TG 48:4,0.836484051701109
FA 22:3;O2,FAHFA 24:3;O,0.8365839212624467
TG 58:7,TG 58:9,0.8366014679823087
DG 51:11,TG 46:3,0.8366038130015228
FA 18:2,FA 22:6,0.8366333241540072
FA 14:0,FA 20:3,0.836711091914597
TG 42:3,TG 46:3,0.8367551686388378
PC 40:5.1,PE P-42:6,0.8370259294383819
PE 34:2,PE 36:4,0.8371001660007195
TG 50:4,TG 54:6,0.8373450468806765
TG 45:3,TG 48:5,0.8373893431502599
DG 51:11,TG 40:2,0.837520392551847
DG 49:8,TG 46:2,0.8375997742667695
FA 19:1,FA 20:1,0.8379821147751582
TG 40:0,TG 46:1,0.8380580398140538
FA 20:2,FA 24:5,0.8382141721979046
TG 54:1,TG 58:2,0.8382859146278592
TG 54:2,TG 56:4,0.8383014030449898
TG 54:7;O,TG 56:8;O,0.8383277244223651
DG 47:8,TG 42:3,0.8384939183868161
PE O-36:4,SM 35:4;O2,0.8386716952993057
PC O-32:3,SM 40:2;O2,0.8386762095405301
FA 16:3,FA 20:2,0.838723123647891
TG 54:1,TG 54:3,0.8388338421480906
TG 47:3,TG 50:6,0.8390111240231521
TG 40:3,TG 42:1,0.8391098583638594
TG 45:3,TG 48:4,0.839150211500154
TG 47:3,TG 51:4,0.8392246621290194
TG 48:4,TG 52:7,0.8392259896259234
DG 31:0,DG 31:1,0.8392540167930932
TG 42:1,TG 44:0,0.8392564938415101
TG 58:4,TG 60:6,0.8392859697761383
TG 46:0,TG 48:0,0.83942309759561
TG 54:9,TG 56:8,0.8395418455075301
DG 47:6.1,TG 36:0,0.8396715532001241
PE O-36:2,PE O-36:3,0.8399770182311973
FA 18:0,FA 20:2,0.8400229449923371
TG 46:3,TG 50:3,0.8400760129011814
TG 54:2,TG 55:2,0.8402629162956741
TG 47:4,TG 51:4,0.8405700366538723
FA 16:0,FA 16:1,0.8405848680042152
TG 50:7,TG 52:7,0.8406125354777856
PC O-37:9,PE O-36:5,0.8406375477197383
TG 56:7,TG 58:6,0.8407059497878381
TG 54:1,TG 55:1,0.8408168927459302
PE 34:2,PE 36:3,0.8408712844306829
DG 25:1,DG 27:0,0.8409740634411694
FA 16:0,FA 17:1,0.8412402567092394
FA 16:2,FA 18:1,0.8415364201439681
TG 51:4,TG 52:6,0.8416137211373317
NAGly 39:5;O2,TG 50:7,0.8418042222730981
TG 48:0,TG 49:0,0.8418501921578093
TG 60:11,TG 60:13,0.8418678545859439
TG 50:0,TG 54:2,0.8419092858684256
CE 22:4,SM 42:4;O2,0.8419375304792408
PC 34:2;O3,PC 40:6,0.8420024302144975
TG 54:8,TG 56:8,0.84204057875446
TG 24:0,TG 26:0,0.8420724465938486
PE O-38:5,PE O-38:6,0.8421303413908507
DG 30:2,TG 46:3,0.8422521772460095
TG 60:6,TG 62:7,0.8422698553482681
PC O-40:6,PC O-42:7.1,0.8422808165222803
TG 43:1,TG 47:3,0.8422914747571617
FA 22:4,FA 22:6,0.8423557498883532
FA 20:1,ST 24:1;O4,0.8423762770127183
TG 38:2,TG 48:3,0.842405298678347
TG 47:2,TG 49:1,0.8424524965994248
DG 36:3,TG 52:5,0.8424813818923838
DG 36:1,TG 54:1,0.8425013919477968
TG 62:2,TG 62:3,0.8425102105581863
DG 49:8,TG 42:2,0.8426079560257616
TG 56:10,TG 58:12,0.842842099388625
TG 54:8,TG 54:9,0.8430605156920576
DG 51:8,TG 50:3,0.8430937772206225
TG 45:3,TG 49:3,0.8432571551206819
TG 58:4,TG 60:4,0.8434413405916248
TG 36:0,TG 39:0,0.8435602184029946
TG 40:1,TG 46:3,0.8435659198633735
FA 18:0,FA 18:2,0.8435884629838469
TG 42:1,TG 42:3,0.8437140738670642
DG 36:4,TG 54:8,0.8437742428630939
TG 50:5,TG 54:6,0.8439564625292284
TG 44:3,TG 46:1,0.8441427170747899
TG 52:7,TG 54:9,0.8441799742030616
TG 38:1,TG 46:1,0.8442020893219296
TG 41:1,TG 46:0,0.8442527323209009
TG 47:4,TG 50:4,0.8442909090831848
TG 50:2,TG 54:2,0.8442998389721474
TG 40:0,TG 42:0,0.8443513984375096
FA 20:2,FA 22:3,0.8445071037455903
DG 28:0,TG 36:0,0.8445322873452339
DG 34:1,TG 50:0,0.8446747945153916
TG 42:2,TG 48:4,0.8447850188224618
PC 40:5.1,PC O-32:3,0.8447933131520672
TG 38:2,TG 44:3,0.8448547984121221
FA 17:0;O2,FA 18:2,0.8449015933080909
TG 46:2,TG 50:3,0.845046191911218
TG 40:2,TG 48:5,0.8450875221705009
TG 52:4;O,TG 52:6;O,0.845117618359511
FA 18:3,FA 22:2,0.8452274493876143
TG 46:0,TG 47:0,0.8454661108627739
DG 51:10,TG 46:3,0.8455215017396336
CE 22:5.1,SM 42:4;O2,0.8456112840759201
TG 43:1,TG 46:1,0.8456541468661342
DG 25:1,DG 27:1,0.8456787514101954
FA 26:1;O,SM 28:1;O2,0.8456794177448504
TG 50:4,TG 51:4,0.8459118142172977
TG 49:4,TG 55:4,0.8459420924867631
FA 16:3,FA 22:6,0.8459615849291358
FA 17:0;O2,FA 20:2,0.8459884399820312
DG 36:3,TG 54:5,0.8460375640540073
TG 56:3,TG 60:1,0.8461753479964335
TG 40:2,TG 42:4,0.8462369398518469
PE O-36:5,PE O-38:6,0.846426667581482
TG 38:2,TG 40:2,0.846649223556068
CE 22:4,SM 40:2;O2,0.8467139746680086
TG 52:2,TG 53:2;O,0.846737916590848
TG 36:0,TG 40:0,0.8467713940032497
FA 16:3,FA 17:2,0.8467735761874573
TG 47:2,TG 51:1,0.8467849371299992
TG 40:3,TG 45:3,0.8469463419209863
LPE O-16:1,LPE O-18:1,0.8470724187795512
TG 50:7,TG 52:9,0.8471225876055127
DG 47:6.1,TG 42:0,0.8471910854232186
TG 40:0,TG 43:1,0.8474499791230954
TG 44:3,TG 48:5,0.8474985433490018
TG 49:4,TG 50:4,0.8476937045932593
TG 56:4,TG 56:5,0.8477039229147864
TG 56:10,TG 56:9,0.8477471559450694
PE O-38:7,PE O-38:8,0.8478302002077072
TG 41:1,TG 42:1,0.8479007049464481
TG 56:8,TG 58:8,0.8480281965114289
TG 40:0,TG 42:2,0.8480521459302979
FA 22:2,FA 22:3,0.8482008316360032
TG 50:6,TG 54:8,0.8483186483839694
FA 18:1,FA 22:4,0.8484274138274814
TG 57:4,TG 60:5,0.8485046408178695
DG 47:8,DG 49:8,0.8486056147963069
TG 43:0,TG 47:0,0.8486102121412153
TG 39:0,TG 41:1,0.8487276117532543
Cer 36:1;O2,Cer 38:1;O2,0.8489218412115008
CE 22:5.1,SM 40:2;O2,0.8490104329320756
DG 30:3,DG 48:12,0.8490520686217093
FA 24:5,FA 24:6,0.8491024666250951
DG 36:3,TG 54:4,0.8491671271431885
TG 50:3,TG 51:4,0.8492634148099968
FA 16:0,FA 22:5,0.8493468659110575
TG 44:4,TG 46:5,0.8494254808336582
TG 45:3,TG 46:2,0.8496296599172886
FA 17:0,FA 18:0,0.8498977926813472
FA 14:1,FA 18:1,0.8500280982713841
FA 16:0,FA 16:2,0.8500804947353474
TG 49:0,TG 49:1,0.8501718864318115
TG 50:5,TG 54:7,0.8501803566575595
TG 42:3,TG 44:3,0.8503964738521355
TG 47:2,TG 51:3,0.8504884146549989
FA 16:3,FA 22:5,0.8505082482702577
TG 51:1,TG 55:2,0.8505095025780737
CE 20:5,PC 32:1;O3,0.8505696141868455
TG 49:1,TG 49:3,0.8506002370254044
TG 47:3,TG 48:5,0.8506204113327186
TG 45:1,TG 46:1,0.8506406129157369
TG 56:3,TG 62:2,0.8507284301103942
PE O-36:5,PE O-40:7,0.850889898499082
DG 43:7,DG 45:6,0.851240167182017
FA 22:2,FA 22:5,0.8512701308318519
TG 52:1,TG 54:3,0.8513210489400178
PC 38:6.1,PC 40:6,0.8517649104421712
TG 38:2,TG 47:3,0.8517868461863801
DG 36:1,TG 52:1,0.8518424543856125
PC O-42:5,PC O-44:7,0.8518673024653147
PE O-37:5,PE O-38:5,0.8521717205138427
TG 54:5,TG 56:4,0.852177826595925
TG 42:2,TG 48:3,0.8523414023137011
PE O-38:5,PE P-36:4,0.8524209251035236
TG 54:4,TG 54:6,0.8525731223093233
TG 56:5,TG 58:7,0.8525807434338688
TG 48:5,TG 52:6,0.8526877713309166
PE P-42:6,SM 42:4;O2,0.852811971774247
DG 32:2,DG 32:3,0.853064662624634
FA 16:0,FA 22:2,0.8532865614400121
DG 36:2,TG 54:2,0.8534051405826419
FA 14:0,FA 16:0,0.8534689376006807
TG 47:3,TG 50:5,0.8536526356721154
TG 55:1,TG 55:2,0.8536905845556175
TG 48:0,TG 50:2,0.8537331190519085
TG 45:1,TG 46:0,0.8538336525463456
DG 34:1,TG 52:2,0.8541163810805196
DG 30:2,TG 42:1,0.8541690911621457
DG 49:8,DG 51:10,0.8542127259256125
TG 52:5,TG 54:4,0.8543049842504534
PC 40:2,SM 42:4;O2,0.8543988860198501
TG 40:0,TG 46:2,0.8544001303043827
FA 16:0,FA 22:4,0.8544844352183855
DG 36:1,TG 54:2,0.8544873120770702
SM 30:1;O2,SM 32:1;O2,0.8545903232365245
TG 52:4;O,TG 52:5;O,0.8546605951190733
DG 31:0.1,SM 28:1;O2,0.8548230291117245
TG 53:5,TG 55:4,0.8548860224819841
FA 18:0,FA 19:0,0.8549182519505436
FA 22:2,FA 22:6,0.8549594089322147
TG 38:1,TG 47:2,0.8551867890546365
PE O-38:8,PE P-38:6,0.855228670006801
FA 17:1,FA 18:1,0.855395445173658
TG 38:2,TG 46:3,0.8554114391058991
NAGly 39:5;O2,TG 52:8,0.8555864137843455
TG 42:4,TG 48:4,0.8557508113166189
PC O-36:5,PC O-38:7,0.8558810376023371
TG 58:11,TG 58:12,0.8560481715132673
TG 40:0,TG 42:1,0.8564128274084231
DG 30:2,TG 46:2,0.8564957097909542
FA 16:0,FA 22:3,0.8565060703138719
DG 49:8,DG 51:11,0.8565237149476743
TG 47:4,TG 48:4,0.8565715371358632
PC 38:5,PC 38:5.1,0.8567011991163181
TG 40:0,TG 40:2,0.8570238168665388
TG 52:3,TG 56:4,0.8571687379472759
TG 46:0,TG 46:1,0.8573413729700121
DG 34:2,DG 34:3,0.8573707063252879
DG 34:1,TG 52:1,0.8573981136614381
FA 20:1,FA 22:3,0.857540740734801
FA 18:1,FA 22:2,0.8575932439531088
TG 40:0,TG 40:1,0.8576023626601661
FA 20:3,FA 22:2,0.8576139167982895
PC O-37:9,PE P-38:6,0.8577894259595606
FA 16:2,FA 22:6,0.8578686026462714
FA 22:2,FA 22:4,0.8579243332861355
DG 30:6,PC O-35:1,0.8579497737033719
TG 40:1,TG 44:1,0.858091764050342
TG 49:0,TG 51:1,0.8581596532548202
TG 58:7,TG 58:8,0.8581904964134632
TG 50:4,TG 52:4,0.85837575971273
PC O-38:4,SM 40:4;O2,0.8584558443331937
CAR 18:0,SM 32:0;O2,0.8584624698535441
TG 49:3,TG 51:1,0.8585027547416667
PC O-40:4,SM 40:4;O2,0.8587459645636539
TG 58:10,TG 60:12,0.8588355089333851
PC O-42:7.1,PC O-44:7,0.8589139598406956
DG 49:8,TG 40:1,0.8589718893642897
PE O-34:3,PE O-36:3,0.8590622224636643
TG 51:4,TG 53:3,0.8590660723206542
PC 34:2,PC 36:2,0.8591596121912563
TG 47:3,TG 48:4,0.8592000929409714
SM 41:1;O2,SM 43:4;O2,0.8592603504283175
TG 49:3,TG 53:3,0.859395880755424
TG 56:8,TG 60:11,0.8594261368345558
TG 40:3,TG 47:4,0.859465780350382
TG 52:6,TG 53:5,0.8594773280571818
FA 17:2,FA 20:2,0.8595502191569044
DG 49:8,TG 42:0,0.8596906301076761
TG 51:2,TG 53:3,0.8598110632582613
FA 16:0;O,FA 18:1;O.1,0.8598159110979621
TG 50:3,TG 52:5,0.8598478482948059
DG 51:8,TG 46:0,0.8598760509580846
FA 16:1,FA 18:1,0.8599619089646463
TG 38:0,TG 40:1,0.8600301742715575
TG 52:7,TG 54:7,0.8600654837808569
FA 18:0,FA 19:1,0.8601183721587686
TG 49:4,TG 51:3,0.8601869598863524
TG 49:4,TG 50:5,0.8604075324526402
TG 58:5,TG 58:6,0.8604800564872341
TG 51:4,TG 55:4,0.8605350655758108
DG 36:2,TG 54:3,0.8605871031048528
TG 49:3,TG 51:5,0.860747237699055
TG 50:3,TG 52:6,0.860948802777619
PC 40:5,PC 40:5.2,0.8610472656270174
TG 58:6,TG 60:7,0.8611881497815989
DG 51:8,TG 46:3,0.8612841026629976
TG 46:2,TG 50:6,0.8613241226989972
TG 51:5,TG 52:5,0.8613806344831567
FA 18:2,FA 20:1,0.8614117385625708
FA 16:2,FA 20:2,0.8616372980168991
DG 49:8,TG 40:2,0.8616738489825667
TG 42:0,TG 42:2,0.8617119068136282
FA 25:0;O,SM 28:1;O2,0.8617429552521626
TG 57:4,TG 59:4,0.8617454807237183
PC 40:4,PC 40:4.1,0.8617879717963655
FA 16:3,FA 18:2,0.8622455255871702
TG 38:1,TG 47:3,0.8623901328637271
TG 40:2,TG 47:3,0.8624018072993112
FA 16:2,FA 24:5,0.8624456897258941
DG 34:1,TG 50:1,0.8626908246276623
PC 34:3,PC 36:6,0.8627249324374999
FA 14:0,FA 20:2,0.8628295104685868
TG 47:4,TG 48:3,0.8629471177539727
TG 56:7,TG 56:9,0.863044196744656
TG 42:2,TG 44:3,0.8633302938847389
DG 51:8,TG 41:1,0.8635844490429928
PC O-37:9,PE P-36:4,0.8636446472413764
TG 52:9,TG 54:9,0.8638040763524794
TG 52:4,TG 54:7,0.8638046487940745
PE P-34:2,PE P-36:2,0.8638106523645496
TG 45:0,TG 49:0,0.8638188958742682
TG 50:5,TG 54:8,0.8638296798799042
TG 50:4,TG 52:7,0.8639805042118173
TG 45:3,TG 48:3,0.8639875931744961
TG 38:1,TG 38:2,0.8640123503540159
DG 50:10,PC O-42:5,0.8641714919044273
PC O-36:5,PC O-38:8,0.8644015064943412
TG 46:2,TG 50:4,0.8644372744571618
TG 58:9,TG 60:11,0.8644451417309826
TG 42:4,TG 46:3,0.8644830326412578
FA 16:2,FA 22:5,0.8647404895104047
TG 52:2,TG 52:3,0.8648874422192175
TG 44:3,TG 48:4,0.8649691181394035
TG 40:2,TG 42:2,0.864992845831522
TG 50:1,TG 54:2,0.8650410433719539
TG 46:2,TG 50:5,0.8650418841176287
TG 43:1,TG 47:2,0.8652272978129146
TG 60:5,TG 62:7,0.8652524105505305
PC 36:2;O3,PC 38:6,0.8652834568098531
FA 20:3,FA 22:6,0.8655449019454442
TG 56:9,TG 58:9,0.8655888027667703
DG 30:2,TG 44:3,0.8657055561754697
TG 60:5,TG 62:5,0.8658035590622104
DG 51:10,TG 42:2,0.8662786221932319
TG 56:7,TG 58:8,0.8665809163726333
TG 41:1,TG 46:2,0.8667270547573344
TG 41:1,TG 46:3,0.8668457859381988
TG 58:3,TG 60:4,0.8669360710704961
PE 34:1,PE 34:2,0.8669622548284478
TG 40:1,TG 41:1,0.867109542472759
DG 34:1,TG 50:2,0.8672283371348932
TG 42:0,TG 44:1,0.8672455892267096
TG 57:3,TG 60:5,0.8673755511012429
TG 44:3,TG 48:3,0.867662717807385
FA 16:3,FA 18:3,0.8676656875473925
DG 49:8,TG 42:1,0.8676701028440127
TG 52:3,TG 54:3,0.8677469321952928
TG 60:10,TG 60:9,0.8679119600670443
TG 53:2;O,TG 54:2,0.8679185429481716
TG 42:4,TG 50:6,0.8680549548471809
Cer 40:0;O2,Cer 42:0;O2,0.8684109495467294
TG 40:2,TG 46:1,0.8684378997852051
TG 56:3,TG 58:1,0.8684430222284731
TG 60:11,TG 60:9,0.8691927837392505
Cer 40:2;O2,Cer 42:3;O2,0.8693745022807414
DG 29:2,NAGly 29:2;O2,0.8694721673859133
FA 26:0;O,SM 28:1;O2,0.8695146773517081
FAHFA 36:4;2O,FAHFA 36:6;2O,0.8695624683081776
FA 17:0;O2,FA 20:1,0.8696371272892068
FA 20:2,FA 24:2,0.8699461102345201
TG 40:1,TG 44:3,0.8702094715443467
DG 47:6.1,TG 40:1,0.8704871792430017
FA 18:1,FA 19:1,0.8705902970079069
TG 50:3,TG 50:5,0.8707231296395174
TG 54:1,TG 56:3,0.8708170315616023
TG 49:1,TG 51:3,0.8709209832903198
FA 16:0,FA 18:2,0.8710070952178868
PE 34:1,PE 36:4,0.8710336468469189
TG 42:4,TG 48:5,0.8712581315463004
TG 57:3,TG 59:4,0.8713667819537743
TG 47:2,TG 48:3,0.8718950416502735
FAHFA 36:3;2O,FAHFA 36:6;2O,0.8721485592072988
TG 56:3,TG 58:5,0.8721776493776301
Cer 42:2;O3,DG 52:9,0.8723087284641525
TG 56:4,TG 58:6,0.8723699750394169
TG 54:9,TG 58:10,0.8723914999421458
TG 53:2,TG 53:3,0.8724508701305235
TG 51:5,TG 53:4,0.8729772023186655
TG 52:5,TG 53:5,0.8732316680448292
AAHFA 34:4;2O,FAHFA 36:6;2O,0.8733268877002476
Hex2Cer 32:1;O2,PC 42:9,0.873511959849491
DG 36:4,TG 54:7,0.8736676849200866
TG 45:3,TG 49:4,0.8738736322069074
TG 40:2,TG 44:1,0.8740424366997133
TG 49:3,TG 50:3,0.8741957179236107
TG 52:7,TG 56:9,0.8742986352518061
TG 52:8,TG 54:9,0.874452994671508
TG 40:2,TG 41:1,0.874502397257232
PC O-35:6,PE O-38:6,0.8745552237619039
PC 36:2;O3,PC 40:6.1,0.8746502707693724
FA 17:0;O2,FA 18:0,0.874765224007077
PE P-42:6,SM 40:2;O2,0.8749518184611398
TG 49:4,TG 53:4,0.8751239627712792
PE O-40:7,PE P-38:6,0.8752669414330804
TG 46:3,TG 47:2,0.8756566138824456
TG 50:6,TG 50:7,0.8758455219994614
TG 46:3,TG 47:4,0.8760320253485645
CE 22:4,CE 22:5.1,0.8761254414866226
PE P-36:3,SM 34:1;O2,0.8761266629877857
TG 56:2,TG 60:1,0.8762989074781073
TG 50:3,TG 52:3,0.876302571409756
TG 57:3,TG 58:3,0.8763430892059825
TG 47:4,TG 49:3,0.876365919754728
PE O-38:7,PE P-36:4,0.8764971134700399
TG 51:3,TG 53:5,0.8765705884804742
DG 48:12,SM 36:1;O2,0.8770286233437881
TG 49:4,TG 51:5,0.8770795433230357
TG 44:0,TG 46:0,0.8771516850359669
FA 16:0,FA 20:2,0.8774768362168798
TG 46:1,TG 47:3,0.8774946373565654
TG 52:4,TG 54:4,0.8775566003601964
TG 51:4,TG 52:5,0.8775930927683161
TG 56:7,TG 58:9,0.8778765517282194
DG 50:10,SM 40:5;O2.1,0.8779303449938215
TG 45:1,TG 47:3,0.8779734664100206
TG 56:7,TG 58:10,0.8781597403755379
PC 36:2;O3,PC 38:6.1,0.8781784718067698
DG 51:10,TG 44:1,0.8783650391445047
TG 56:4,TG 58:5,0.878374731182872
PC 38:4,PC 40:7,0.8783882207265412
FA 22:6,FA 24:5,0.8784725785236859
TG 44:1,TG 46:1,0.87861466125717
DG 36:4,TG 54:5,0.8786791338945467
DG 36:4,TG 52:5,0.8787149249343437
FA 18:3,FA 20:2,0.8787212291752582
FA 18:0,FA 20:1,0.8787240795344623
FA 16:2,FA 18:3,0.8788698745369392
TG 44:3,TG 47:3,0.8788943796411508
DG 36:2,TG 52:2,0.8792170747483499
PC 32:0;O3,PC 36:4,0.8796187021452938
DG 51:8,TG 47:2,0.8796242677321578
TG 54:7,TG 56:9,0.8799965390407561
TG 54:3,TG 56:4,0.8801135539352161
LPC 20:1,LPC 20:1/0:0,0.8802200331191012
TG 40:3,TG 42:4,0.8803241167242374
PC 34:0;O3,PC 38:4,0.8803541794275485
PE O-36:3,PE P-36:2,0.88047884631296
FA 16:1,FA 17:1,0.8804949806860747
FA 20:3,FA 22:3,0.8806971719478214
FA 20:2,FA 22:6,0.880796211460778
PE O-36:5,PE P-38:6,0.8809487209149427
TG 46:3,TG 50:4,0.8816547668846736
TG 46:2,TG 47:2,0.881690655160008
TG 49:3,TG 51:2,0.8820888862063193
FA 14:0,FA 22:2,0.8821752597215742
FA 22:3,FA 22:4,0.8822344506983291
DG 47:6.1,TG 38:0,0.8822751788287369
PE P-38:2,PE P-42:6,0.8822785895805971
TG 45:3,TG 46:3,0.8823679945276769
DG 36:3,TG 52:3,0.8823820347113117
TG 47:4,TG 50:6,0.8835081193406386
FA 20:4,FA 22:5,0.8835703706284526
TG 40:2,TG 48:4,0.8835820763494892
DG 47:8,TG 40:2,0.8842363691323433
TG 47:4,TG 48:5,0.8842874497587893
TG 40:3,TG 47:3,0.8843663595428308
TG 42:1,TG 46:1,0.884422296107521
TG 49:3,TG 53:5,0.8845418927139977
Cer 40:1;O2,Cer 41:1;O2,0.8847308773018386
TG 40:3,TG 46:2,0.8849137990418497
TG 44:0,TG 44:1,0.885539666661149
TG 50:0,TG 50:2,0.8855536846008613
TG 49:3,TG 53:4,0.885603489705068
TG 56:8,TG 58:7,0.8856389596685614
FA 20:1,FA 20:2,0.8860342202723436
TG 54:2,TG 56:3,0.8862155667308513
TG 54:3,TG 56:3,0.8863039141780398
FA 22:5,FA 24:5,0.8865783777503948
TG 51:5,TG 52:6,0.8866108986367075
TG 48:0,TG 52:1,0.8869978150708799
TG 47:4,TG 50:5,0.8869983291788153
PC O-42:5,PC O-42:6,0.8870224186569955
TG 51:1,TG 52:1,0.8871148772246894
TG 44:1,TG 44:3,0.8873081978873114
TG 45:3,TG 47:2,0.8875487632996619
PC 32:1,PI 32:1,0.8875577630321595
DG 36:3,DG 36:4,0.8876363555723311
TG 48:5,TG 52:7,0.8884305177413339
DG 51:8,TG 48:3,0.8884807436270484
TG 42:1,TG 46:2,0.8885670726338984
TG 44:1,TG 46:2,0.8885671530250366
TG 44:1,TG 46:3,0.8886161516998589
FA 16:2,FA 18:2,0.8886448757038556
FA 18:1,FA 18:2,0.8886847469196042
FA 18:1,FA 20:2,0.8891684854521754
TG 40:3,TG 48:3,0.8893538930360911
TG 58:3,TG 60:6,0.8896699108013937
TG 54:1,TG 56:2,0.8897752514847423
AAHFA 34:4;2O,FAHFA 36:4;2O,0.8898110324714094
FA 14:1,FA 17:1,0.8901286293862707
TG 56:1,TG 62:2,0.8902720776971322
PC 40:2,SM 40:2;O2,0.8904302214893492
PC O-36:5,SM 38:5;O2,0.8907101923248495
TG 53:2;O,TG 54:3,0.8908164000317721
TG 52:3,TG 52:4,0.8909109060706702
TG 45:0,TG 47:0,0.8909404640754729
TG 47:2,TG 47:4,0.8910548037324358
TG 38:1,TG 43:1,0.8910638905258044
TG 52:5,TG 54:8,0.8910642988415458
TG 42:0,TG 42:1,0.8911651737350805
TG 52:8,TG 52:9,0.8911898657478846
TG 44:3,TG 46:2,0.8913305909897425
TG 38:1,TG 45:1,0.8915459914315006
TG 52:3,TG 54:4,0.8916575858887571
TG 52:6,TG 54:6,0.8920156620944324
TG 42:1,TG 46:3,0.8920677412064797
FA 22:2,FA 24:2,0.8926637172016167
DG 36:3,TG 52:4,0.8929387169972042
FA 26:0;O,FA 26:1;O,0.8929977701889303
TG 50:0,TG 52:2,0.89300147534774
TG 38:1,TG 41:1,0.8930815226122654
FA 16:3,FA 18:4,0.8933186992307595
TG 42:2,TG 46:3,0.8933430384087878
FA 18:2,FA 22:2,0.8933795921730537
TG 45:1,TG 47:2,0.8934360138500154
PE 36:1,PE 36:3,0.8937046919763675
TG 56:10,TG 58:11,0.8938518845879351
TG 55:2,TG 57:3,0.8941068535959001
TG 56:1,TG 60:1,0.8942251448637359
TG 50:5,TG 52:5,0.8943484765641035
TG 48:3,TG 50:6,0.8943931027337592
TG 41:1,TG 46:1,0.8948038443752887
FA 25:0;O,FA 26:1;O,0.8949794652897272
DG 47:8,TG 40:1,0.8950355943755741
TG 54:5,TG 54:7,0.8952530292747773
TG 49:4,TG 53:5,0.895498016439304
TG 50:2,TG 52:3,0.8955169818763338
TG 40:3,TG 48:4,0.8955778261298075
TG 56:1,TG 56:3,0.8961376773397313
FA 20:2,FA 22:5,0.8962204774079516
FA 12:0,FA 14:0,0.8964158615061835
FAHFA 36:5;2O,FAHFA 36:6;2O,0.896566241698127
TG 40:3,TG 48:5,0.8967741690274269
TG 53:3,TG 53:4,0.896854236439322
TG 46:1,TG 47:2,0.8970701514243653
TG 40:2,TG 40:3,0.8971036027861244
PC 40:2,PE P-38:2,0.8972740238695195
TG 56:3,TG 56:4,0.8975564877885295
FA 16:2,FA 18:4,0.8977028647967464
TG 46:2,TG 47:3,0.897869526040556
DG 34:1,DG 36:1,0.8982622331462178
AAHFA 34:4;2O,FAHFA 36:5;2O,0.8982904306419828
FA 16:0,FA 18:0,0.8985490709106809
TG 58:1,TG 60:1,0.8985551575331194
TG 51:1,TG 51:3,0.898796365511654
AAHFA 34:5;2O,FAHFA 36:4;2O,0.8991493708329549
FA 20:1,FA 22:2,0.8993411353586059
TG 56:2,TG 62:2,0.8993576839754491
TG 54:4,TG 56:4,0.8994571903283328
TG 58:1,TG 62:2,0.8996520724253922
TG 46:2,TG 48:5,0.8996846365286413
PC 40:6,PC 40:6.1,0.8999226208977034
TG 48:3,TG 50:3,0.899956960548765
PE P-36:4,PE P-38:6,0.9002862162723825
FA 16:0,FA 20:1,0.9002962901281302
TG 54:9,TG 56:9,0.9006006890675274
TG 42:2,TG 46:2,0.9011327697958815
TG 38:0,TG 40:0,0.9016752799752188
PC 36:2;O3,PC 40:6,0.9016978708240369
FA 17:2,FA 18:3,0.9017294122880093
TG 40:2,TG 48:3,0.9021188885367496
TG 56:9,TG 58:11,0.9021534657466446
LPC 14:0,LPC 14:0/0:0,0.902449683041084
TG 43:1,TG 45:1,0.9026620907313778
LPC 22:5,LPC 22:5/0:0,0.9027354989902097
TG 54:1,TG 58:1,0.902904184843503
TG 53:4,TG 55:4,0.9032287086998007
AAHFA 34:5;2O,FAHFA 36:3;2O,0.9033503164208806
TG 56:3,TG 60:2,0.9034539401458284
SM 28:1;O2,SM 28:2;O2,0.9034892589740546
TG 47:3,TG 48:3,0.9038134759614038
PC 34:1,PC O-34:2;O,0.9041041876521054
TG 39:0,TG 43:0,0.9041413336764026
TG 41:1,TG 47:3,0.9043076626723636
FA 18:0,FA 18:1,0.9045351343963
TG 50:4,TG 50:6,0.9046313052883466
TG 56:2,TG 58:1,0.9049629859429289
DG 49:8,TG 44:1,0.9056146032305751
DG 34:2,DG 36:3,0.9063893337019191
PE O-36:5,PE O-38:5,0.9064340832162027
TG 56:8,TG 58:9,0.9065787371583808
TG 42:1,TG 42:2,0.9065804077229627
TG 48:5,TG 50:4,0.9065994815874968
TG 52:2,TG 54:3,0.906679158852032
PE O-38:5,PE O-40:7,0.906810621868434
TG 51:3,TG 53:3,0.9070304622322729
TG 54:3,TG 54:4,0.907592152613432
FA 20:2,FA 20:3,0.9077754986346213
TG 40:1,TG 42:3,0.9077798939227643
TG 56:5,TG 58:6,0.9078123998654558
TG 50:6,TG 52:6,0.9081767298099488
TG 42:0,TG 44:0,0.9083187875189213
TG 58:10,TG 60:11,0.908919383158144
TG 58:10,TG 58:11,0.9089197585178271
DG 36:4,TG 54:6,0.9091934410854308
TG 46:3,TG 50:6,0.9095909756114717
DG 34:1,DG 36:2,0.9097232911690446
TG 40:2,TG 42:3,0.9098270734386539
TG 47:2,TG 49:4,0.9098511252583172
AAHFA 34:4;2O,FAHFA 36:3;2O,0.9098688233925245
TG 46:3,TG 50:5,0.9099337538276511
FA 16:2,FA 17:2,0.9099780655226822
TG 58:4,TG 60:5,0.9100533543720096
TG 41:1,TG 45:1,0.9101868045545298
PC 32:0;O3,PC 34:0;O3,0.9103048679591325
PC O-37:9,PE O-38:6,0.9103675751600745
TG 51:3,TG 53:4,0.9107001950903669
TG 45:3,TG 47:4,0.9109127187245889
FA 20:4,FA 22:4,0.9112559040043672
TG 50:2,TG 52:1,0.9112733324834522
TG 50:2,TG 50:3,0.9115187981946018
TG 38:2,TG 40:3,0.9121304907506922
TG 40:2,TG 42:1,0.9121815578014234
TG 49:4,TG 51:4,0.9124010228615661
FA 17:0,FA 17:1,0.9126031215557053
TG 40:2,TG 44:3,0.9128055830686638
TG 52:7,TG 54:8,0.9128159565969797
TG 50:4,TG 52:5,0.9128904307171382
PE O-36:5,PE O-38:7,0.9135861513849679
TG 60:4,TG 60:5,0.9140028302899839
TG 50:0,TG 52:1,0.9141126909713155
DG 36:1,DG 36:2,0.9141771913235144
TG 48:0,TG 50:0,0.9143975167090871
TG 40:1,TG 42:1,0.9146528305051693
TG 52:5;O,TG 52:6;O,0.9147482633939613
TG 50:2,TG 52:2,0.9148214104551075
PC 32:1;O3,PC 36:5.1,0.9149205800964382
FA 20:2,FA 22:4,0.9150029438770217
AAHFA 34:5;2O,FAHFA 36:6;2O,0.915242965674912
PC O-40:8,SM 40:5;O2.1,0.9158823295584526
TG 51:5,TG 53:5,0.9159588139594578
PC 40:2,PC 40:5.1,0.916001999479414
SM 42:1;O2,SM 44:4;O2,0.9163932215947174
TG 54:6,TG 54:8,0.917085188311354
TG 58:10,TG 58:9,0.9174493108294542
DG 51:8,TG 46:2,0.9174792836547784
TG 56:3,TG 58:2,0.9175494734509825
TG 60:10,TG 60:11,0.9176340831668557
TG 40:3,TG 44:3,0.9178397170808529
TG 52:1,TG 52:2,0.918463411533498
TG 40:2,TG 46:2,0.9186369424059843
TG 42:2,TG 44:1,0.9190696926350098
TG 46:3,TG 47:3,0.919801952684671
FA 20:3,FA 20:4,0.9202649595257911
TG 46:1,TG 46:3,0.9208305400919284
TG 48:3,TG 50:4,0.9216060428071038
FA 19:0,FA 19:1,0.9217686589477705
TG 58:6,TG 58:7,0.9217895569103194
DG 36:4,TG 52:4,0.9220677872039651
TG 58:2,TG 60:1,0.9228735730797514
TG 48:3,TG 50:5,0.922913450809671
TG 46:1,TG 48:3,0.923107721703289
CAR 10:0,CAR 12:0,0.9231756831440325
PC 34:2;O3,PC 38:6,0.9234305062121037
TG 58:2,TG 62:2,0.9236427833798618
TG 51:3,TG 51:4,0.9236723496484177
TG 51:4,TG 51:5,0.9241690017523384
TG 60:5,TG 60:6,0.9243618467938662
TG 48:4,TG 50:4,0.9247608909338656
TG 48:4,TG 50:6,0.9248206059142576
AAHFA 34:5;2O,FAHFA 36:5;2O,0.9251705621557624
TG 50:1,TG 50:2,0.9252769772911861
PC O-35:6,PC O-37:9,0.925593924362767
TG 54:1,TG 56:1,0.926102744036794
TG 60:11,TG 60:12,0.9264378303284102
LPC 14:0,LPC 14:0.1,0.9265761909324481
TG 52:6,TG 54:7,0.9272361271829435
TG 50:3,TG 50:4,0.9275281617941323
TG 56:6,TG 56:7,0.927631172991328
TG 40:3,TG 46:3,0.9277327517921927
PE O-38:7,PE O-40:7,0.9281779898583041
TG 47:3,TG 49:3,0.9284690804250565
TG 44:3,TG 46:3,0.9287225267517187
FA 22:4,FA 22:5,0.929273605721983
FA 18:1,FA 20:1,0.9293353908846966
FA 17:2,FA 18:2,0.9293384722633824
TG 52:4,TG 54:6,0.929573136271434
PE O-34:3,PE P-34:2,0.9296299623198129
TG 47:4,TG 49:4,0.9299174210432145
TG 58:3,TG 58:4,0.9300336742942775
TG 52:5,TG 54:5,0.9303428924318375
PC O-38:8,SM 38:5;O2,0.930604500507773
TG 54:8,TG 56:9,0.9313408083223814
TG 41:1,TG 43:1,0.9319064570934438
TG 45:3,TG 47:3,0.9320793080181543
TG 49:3,TG 51:4,0.9321288706632366
TG 52:6,TG 54:8,0.9325392396353221
TG 54:1,TG 54:2,0.9328105738424995
TG 41:1,TG 47:2,0.9334683400393231
TG 52:2,TG 54:2,0.9335159326382981
FA 17:0,FA 19:1,0.9337149802164758
TG 56:5,TG 56:6,0.9337290070368991
TG 48:0,TG 50:1,0.9338900040396106
TG 50:7,TG 52:8,0.9342447377152948
TG 40:2,TG 46:3,0.934245612982291
TG 50:4,TG 52:6,0.9345042414462602
FA 17:0;O2,FA 18:1,0.9345369844648684
TG 50:1,TG 52:2,0.9346278451907669
TG 52:6,TG 52:7,0.9346748517601355
TG 58:3,TG 60:5,0.9347409125165683
TG 56:6,TG 58:6,0.934916231188329
FA 16:2,FA 16:3,0.9354834029429863
PC 34:2;O3,PC 36:2;O3,0.9357268593418109
TG 52:1,TG 54:2,0.9358702922225038
TG 60:1,TG 62:2,0.9360764097493728
PC 34:2;O3,PC 38:6.1,0.9364153986764673
TG 50:5,TG 52:7,0.9369175099083419
FA 22:5,FA 22:6,0.9370102237082334
TG 56:8,TG 56:9,0.9372396610610666
TG 52:4,TG 54:5,0.9375795042441805
FA 17:1,FA 19:1,0.9379229783129367
FA 17:0,FA 19:0,0.9379487891226075
TG 56:2,TG 60:2,0.9380424902582516
TG 48:3,TG 48:5,0.9384777704913427
TG 56:1,TG 56:2,0.9400006953079254
FA 14:1,FA 16:1,0.9401277020948842
PE O-36:5,PE O-38:8,0.9402089359480214
TG 46:3,TG 48:5,0.9406864033354094
TG 52:4,TG 52:5,0.9407444141739025
TG 52:1,TG 54:1,0.9416505609179944
TG 46:2,TG 48:4,0.9418306635705509
TG 36:0,TG 38:0,0.9419859064167261
FA 18:2,FA 20:2,0.9420793699746726
TG 50:1,TG 52:1,0.9426469446658228
TG 48:4,TG 50:5,0.9429946031869246
FA 16:0,FA 17:0;O2,0.9431706974757696
TG 52:5,TG 54:7,0.9434238976208429
FA 18:2,FA 18:3,0.9437124099616622
TG 47:2,TG 49:3,0.9446803358118808
TG 57:3,TG 57:4,0.9451865425727842
TG 51:2,TG 51:3,0.9452593202823046
TG 58:1,TG 58:2,0.9452744862435668
TG 56:9,TG 58:10,0.9453243677951219
TG 53:4,TG 53:5,0.9453555313669164
TG 47:3,TG 49:4,0.945620026193056
TG 52:5,TG 52:6,0.9459823659826644
TG 49:3,TG 49:4,0.9463320144706763
TG 56:2,TG 56:3,0.9469687701611095
AAHFA 34:4;2O,AAHFA 34:5;2O,0.9470253502696724
LPC 20:4,LPC 20:4.1,0.9474191953808491
TG 49:3,TG 51:3,0.9480082632643498
PC O-42:6,PC O-44:7,0.9480523346275321
TG 42:1,TG 44:3,0.9491851294597399
FA 20:3,FA 22:5,0.9493687373390666
TG 56:6,TG 58:7,0.9493954610206647
TG 56:2,TG 58:2,0.9501553552007074
TG 47:3,TG 47:4,0.9501697766993422
TG 48:5,TG 50:6,0.9501885255374509
PC 38:6,PC 38:6.1,0.9518789703656774
TG 50:5,TG 52:6,0.9520210367066567
TG 56:1,TG 60:2,0.9522066848816065
TG 54:4,TG 54:5,0.9525158387436972
TG 60:1,TG 60:2,0.9531670292393806
FA 20:3,FA 22:4,0.9538086886606673
TG 52:5,TG 54:6,0.9543376898781073
TG 48:5,TG 50:5,0.9550954857709815
PE P-38:2,SM 42:4;O2,0.9553245372692049
PE O-38:7,PE P-38:6,0.955468719244595
TG 42:1,TG 44:1,0.9557960522902652
TG 40:1,TG 40:2,0.9566115593336701
DG 34:0,DG 36:0,0.9568941970140235
TG 56:1,TG 58:2,0.9573133361554054
FA 20:2,FA 22:2,0.9576072627882759
TG 56:7,TG 56:8,0.9579218966555356
TG 58:1,TG 60:2,0.9585603991565201
TG 51:4,TG 53:5,0.9591798403394154
DG 31:0.1,SM 28:2;O2,0.9595280802431714
TG 46:3,TG 48:4,0.9600624037329983
TG 54:2,TG 54:3,0.960393745442851
TG 56:8,TG 58:10,0.9604457615487207
LPC 20:3.1,LPC 20:3/0:0,0.9609569912958552
TG 56:7,TG 58:7,0.9610266884185795
DG 51:8,TG 46:1,0.9614851332732712
PE O-36:5,PE P-36:4,0.9615298242519782
TG 60:2,TG 62:2,0.9618230760534728
TG 47:0,TG 49:0,0.961852711130647
TG 46:1,TG 46:2,0.9620763096910989
TG 54:5,TG 54:6,0.9622674778715257
LPC 18:2,LPC 18:2.1,0.9623411088240027
TG 49:1,TG 51:2,0.9631240888778115
LPC 18:2,LPC 18:2/0:0,0.9634878290538404
FAHFA 36:3;2O,FAHFA 36:5;2O,0.9635799039410599
TG 50:6,TG 52:7,0.9645075090871725
TG 51:4,TG 53:4,0.9658866941837507
TG 50:5,TG 50:6,0.9665060480462421
TG 50:0,TG 50:1,0.9672778477615354
LPC 18:0,LPC 18:0/0:0,0.9675582906689627
LPC 16:1.1,LPC 16:1/0:0,0.9688554318606087
LPC 20:4,LPC 20:4/0:0,0.9689121467541919
PE O-38:8,PE P-36:4,0.9693360666529961
LPC 22:6.1,LPC 22:6/0:0.1,0.9694247719019601
PC 40:5.1,SM 42:4;O2,0.969778401000607
FA 16:0,FA 18:1,0.9698815980975838
TG 51:1,TG 51:2,0.9702709701386137
TG 50:4,TG 50:5,0.971647046304764
PC 40:5.1,PE P-38:2,0.9718145635931075
TG 48:3,TG 48:4,0.972051288947138
TG 54:7,TG 54:8,0.9720938636602844
LPC 20:4.1,LPC 20:4/0:0,0.972192509175632
FAHFA 36:3;2O,FAHFA 36:4;2O,0.9723872843451636
PE P-38:2,SM 40:2;O2,0.9727624154500928
TG 54:6,TG 54:7,0.9737666146317167
TG 47:2,TG 47:3,0.9747258595884446
TG 46:2,TG 48:3,0.9749211698301993
TG 49:1,TG 51:1,0.9758010746466579
TG 46:3,TG 48:3,0.9760261872552226
SM 40:2;O2,SM 42:4;O2,0.9784734098791081
TG 46:2,TG 46:3,0.9787220445898162
LPC 18:1,LPC 18:1/0:0,0.9790586506155962
TG 58:2,TG 60:2,0.9796280285477594
TG 48:4,TG 48:5,0.9805326728304188
TG 56:1,TG 58:1,0.983293189304739
LPC 14:0.1,LPC 14:0/0:0,0.9834438193204633
LPC 18:2.1,LPC 18:2/0:0,0.9850242715927099
PC 40:5.1,SM 40:2;O2,0.9851074494973858
LPC 16:0.1,LPC 16:0/0:0,0.9872348293044738
FAHFA 36:4;2O,FAHFA 36:5;2O,0.987659219400831
PE O-36:6,PE P-36:5,0.9883292849370541
FA 25:0;O,FA 26:0;O,0.9890911218585643
