	Occipital Delta	Temporal Delta	Frontal Delta	Parietal Delta	Frontal Low-Alpha	Frontal High-Alpha	Frontal Theta	Frontal Beta	Frontal Gamma	Parietal Theta	Parietal Low-Alpha	Parietal High-Alpha	Parietal Beta	Parietal Gamma	Temporal Theta	Temporal Low-Alpha	Temporal High-Alpha	Temporal Beta	Temporal Gamma	Occipital Theta	Occipital Low-Alpha	Occipital High-Alpha	Occipital Beta	Occipital Gamma
LCC10011001	1.690048614	1.393672659	1.445175531	1.573909273	1.114562631	0.355125282	1.402378612	-0.332249745	-0.545395374	1.590439204	1.373826895	0.655707398	-0.098410719	-0.524161301	1.40653067	1.229118	0.541689183	-0.153662462	-0.475256794	1.652051122	1.429558434	0.679529812	-0.113288061	-0.401924335
LCC10021001	1.75775095	1.515565201	1.549340385	1.541576441	0.661280606	0.236491267	1.135677413	0.095505861	-0.274838792	1.243701951	0.847716289	0.207683315	-0.386259316	-0.8829693	1.157367762	0.749891879	0.258135381	0.068234146	-0.289742049	1.450746239	1.219928185	0.496594388	-0.207831959	-0.769420362
LCC10031001	1.77353261	1.433133538	1.489883385	1.443170079	0.823604419	0.273817655	1.102671684	-0.026478022	-0.352919757	1.162349666	0.984435833	0.363422934	-0.160987724	-0.705956234	1.139536009	0.986130184	0.378158472	0.075637036	-0.208838078	1.439970772	1.32909446	0.656791749	-0.066409977	-0.581068897
LCC10061001	2.129242597	1.398108511	1.566540438	1.485119784	0.899601	0.114298326	1.193803226	-0.182856445	-0.402341893	1.25634561	1.117650725	0.33732233	0.100284687	-0.153049053	1.008780768	0.763230992	0.155293124	0.155468966	-0.052267287	1.748244723	1.468974677	0.601576114	-0.02312264	-0.445085362
LCC10071001	1.938630256	1.471968972	1.495828196	1.546251613	0.821789481	0.225185518	1.287457665	0.05613495	-0.192575274	1.367661337	0.917694805	0.184775523	-0.418821695	-0.788252124	1.303464672	0.815020082	0.126594307	-0.283918573	-0.59334729	1.655832369	1.242063358	0.460216158	-0.285308323	-0.721199865
LCC10081001	1.956891413	1.62479685	1.753899185	1.83978948	1.237500089	0.591615466	1.697221788	-0.070037022	-0.72666237	1.838388734	1.359383179	0.573546056	-0.131019364	-0.979524028	1.615920239	1.262825075	0.534112007	-0.037254057	-0.657251939	1.870896067	1.497637027	0.695997453	-0.103487494	-0.804896373
LCC10091001	1.939997516	1.480206975	1.616823641	1.630243637	0.95870401	0.478002268	1.316725712	0.196948778	-0.220225786	1.450763289	1.124326593	0.460967545	-0.213669578	-0.716291089	1.318667195	1.085701613	0.494090466	0.13192031	-0.288318399	1.577749611	1.274531951	0.647265887	-0.092757731	-0.565632966
LCC10101001	2.035425612	1.571435099	1.642656376	1.584003175	0.821738237	0.333744935	1.192169887	0.066358554	-0.245638395	1.251212696	0.888469378	0.344617175	-0.120737512	-0.433479173	1.166819472	0.853622444	0.368021607	0.15256623	-0.134468637	1.549999778	1.160415115	0.63726008	-0.07220716	-0.483450032
LCC10111001	1.984933741	1.526972836	1.634033341	1.724210041	1.087390452	0.250175519	1.517770121	-0.338424278	-0.754190102	1.639696406	1.231291952	0.43203913	-0.274749098	-0.852051389	1.465170005	1.111675061	0.307719912	-0.33382134	-0.858792862	1.616575628	1.258895791	0.619867689	-0.17719152	-0.662424252
LCC10121001	2.047502536	1.714710442	1.711612115	1.897675809	1.463657024	0.480863437	1.833297579	-0.150777067	-0.518214422	2.090012051	1.702714483	0.624328112	-0.285001679	-0.867880011	1.825042635	1.427766299	0.497282003	-0.109587505	-0.492870649	1.994715747	1.597544557	0.693842563	-0.197052832	-0.795615029
LCC10141001	1.574531463	1.222574216	1.335492162	1.570636357	0.680178501	-0.125212491	1.200095933	-0.705115064	-1.038102517	1.486164539	0.915630049	0.088024469	-0.546335898	-0.918758558	1.120984869	0.705915167	-0.067047779	-0.589875323	-0.887179405	1.325401002	0.844927762	0.122448509	-0.541423907	-0.869349551
LCC10151001	1.896851454	1.696858456	1.697550521	1.924026886	1.465269176	0.675318204	1.676567995	0.019202396	-0.423110829	1.997356204	1.683464734	0.723723778	-0.017520317	-0.733644407	1.793852534	1.606261694	0.747502533	0.308510191	-0.094279686	1.797566039	1.4490794	0.606872238	-0.072261276	-0.5320519
LCC10161001	1.584806861	1.163907403	1.374672153	1.250921732	0.507589279	-0.147129073	1.016422505	-0.491369784	-0.746434633	1.056819805	0.569991885	-0.136951014	-0.566456309	-0.859330824	0.950141023	0.531670874	-0.12301215	-0.478956397	-0.803312474	1.222566945	0.871066617	0.175721484	-0.440176332	-0.799699209
LCC10171001	1.594531195	1.234244641	1.246666746	1.342655086	0.643481432	0.308666799	1.021057631	0.01434026	-0.25166551	1.109972359	0.79904875	0.459101065	-0.328794747	-1.003571841	1.080828027	0.717349223	0.300315593	-0.346501299	-0.651561049	1.188339324	0.904370871	0.516696898	-0.228080984	-0.769391435
LCC10181001	2.042948371	1.739959474	1.875258576	1.826645056	1.322549478	0.659652607	1.699201572	0.128300461	-0.293752412	1.802713193	1.36059552	0.569114407	-0.285449105	-0.846873206	1.639101687	1.314042534	0.622777074	0.01969742	-0.303071894	1.909717353	1.502667915	0.749352266	-0.135831907	-0.732755549
LCC10191001	2.104554898	1.502895984	1.763606989	1.695064608	0.863403609	0.260454293	1.307336065	-0.309949003	-0.636179204	1.513261012	1.113675457	0.385468313	-0.376235642	-0.905848812	1.273694893	0.970145022	0.312914485	-0.268206	-0.607514246	1.825542228	1.515434743	0.702016822	-0.138991589	-0.66954916
LCC10201001	1.629194071	1.393879665	1.480715245	1.677161272	1.114967462	0.450098146	1.40547875	-0.0838073	-0.521230181	1.703108867	1.452707603	0.725600562	-0.160074666	-0.80211952	1.36403926	1.156418635	0.496204708	-0.214747316	-0.742925508	1.359304407	1.079491015	0.523206649	-0.258176509	-0.775597531
LCC10211001	1.950872659	1.432478378	1.507912557	1.561566368	0.971979661	0.295936187	1.389893133	-0.262967529	-0.745463151	1.442236118	1.073897401	0.303162287	-0.277721772	-0.712181311	1.365321293	1.032672285	0.33339094	-0.016581166	-0.364022939	1.807536264	1.4264947	0.48010157	-0.222642661	-0.723804799
LCC10241001	1.921769493	1.501970008	1.488938342	1.697784285	0.875946923	0.352834544	1.07974707	-0.234881266	-0.590757202	1.32756319	1.02591425	0.484734476	-0.178178739	-0.669810977	1.220571548	1.062878328	0.51287399	-0.149367072	-0.574151186	1.465598321	1.146083236	0.686590449	-0.065257941	-0.493140899
LCC10251001	1.851894135	1.721713412	1.793306738	1.599863033	0.965953853	0.387357975	1.436835431	-0.119664704	-0.37454717	1.349601575	0.968044291	0.447141646	-0.053175911	-0.332279732	1.626050371	1.210423329	0.60423337	0.404318216	0.093511198	1.420536006	0.962706939	0.353699949	0.21341954	-0.126920655
LCC10261001	1.517485856	1.178097784	1.2988867	1.400605832	0.832485707	0.254263888	1.159309864	-0.038476042	-0.299511441	1.368488453	1.042432827	0.368643677	-0.154719119	-0.574821677	1.110824498	1.071706021	0.474040136	0.11302133	-0.209333618	1.326319734	1.008542613	0.391481899	-0.285861978	-0.772760174
LCC10271001	1.682641257	1.261581131	1.326395768	1.347722795	0.768375125	0.376499324	1.175474091	0.119228668	-0.298431064	1.234767879	0.863114317	0.464466483	-0.216080438	-0.656246453	1.172627824	0.834418989	0.387288304	-0.139520314	-0.495716082	1.388848196	1.145228848	0.807098991	0.044366069	-0.49948858
LCC10281001	1.587107199	1.188382541	1.273885533	1.317393266	0.763738086	0.178397084	1.030886279	-0.405706774	-0.890660614	1.133952643	1.074734165	0.553823295	-0.087696642	-0.674443193	0.990914728	0.886907902	0.375395886	-0.013450297	-0.286764106	1.395964317	1.143876749	0.403175703	-0.246878605	-0.800951015
LCC10311001	1.941514674	1.791430873	1.574046366	1.748072211	0.866395115	0.251080711	1.27018462	-0.239140684	-0.668431532	1.523197668	1.132234375	0.463695391	-0.106629933	-0.643001034	1.355476934	0.996905617	0.458595316	0.112238677	-0.374198325	1.643091625	1.229395921	0.588293576	-0.069228025	-0.600883666
LCC10321001	1.519944314	1.137815169	1.256888246	1.307208035	0.722060363	0.066522534	1.038971296	-0.352288269	-0.663748934	1.170212885	0.842053546	0.12512275	-0.537870739	-0.96647657	1.056038059	0.681276523	-0.074863334	-0.551576355	-0.873729184	1.226281544	0.979748984	0.395497401	-0.315309437	-0.721491965
LCC10331001	1.700823198	1.220140265	1.313921776	1.295961158	0.801826991	0.219140478	0.939424772	-0.240400162	-0.4257116	1.095073208	0.946865282	0.304474592	-0.359190829	-0.726540439	0.977972465	0.863061321	0.266937811	-0.278875557	-0.532976871	1.42252155	1.233081887	0.575533323	-0.229023187	-0.741509699
LCC10341001	1.588647701	1.495015064	1.615791263	1.641780869	1.060446836	0.441537267	1.397430434	0.042353009	-0.250851884	1.43534139	1.137411504	0.516118232	-0.230501641	-0.806527871	1.299318751	1.043947781	0.417342311	-0.044968922	-0.320879018	1.275823664	0.923753762	0.361459008	-0.320835422	-0.741920291
LCC10351001	1.40990907	1.194117432	1.309529018	1.33536026	0.550936324	-0.073328756	0.945631194	-0.482797897	-0.869255658	1.029855887	0.731271277	0.054391985	-0.580899754	-1.082178624	0.925894763	0.652310544	-0.018449731	-0.480753903	-0.867470353	1.035482136	0.742720074	0.130872108	-0.561340937	-1.106735652
LCC10371001	1.730920134	1.342374843	1.484064292	1.506166543	0.650958965	0.192815358	0.983485219	0.045357222	-0.255077826	1.055313961	0.920984752	0.465173704	-0.187418581	-0.725950289	0.897387004	0.771479556	0.341187301	0.131719419	-0.085366254	1.115523073	0.836878923	0.42279667	-0.102893418	-0.511867008
LCC10431001	1.990488733	1.562928081	1.544101141	1.646644734	0.80089061	0.338790184	1.15775716	-0.124865641	-0.378368808	1.333058061	1.006310126	0.472959461	-0.060258565	-0.273849041	1.22844145	0.893811006	0.405424852	0.045115823	-0.129586448	1.583317773	1.22256942	0.734488473	-0.000883202	-0.399498395
LCC10461001	1.640778939	1.282283931	1.429049896	1.363821102	0.680239258	0.324024468	0.889885259	0.18212899	-0.068665542	0.946933159	0.808009232	0.409473409	0.056153783	-0.291524041	0.87487402	0.754609105	0.318720098	0.113625793	-0.12457943	1.189370162	1.101055965	0.586944621	-0.048486499	-0.320096714
LCC10471001	1.761634346	1.496530105	1.603933055	1.516994025	0.78223515	0.323572292	1.125891099	0.000625692	-0.096690625	1.171354662	0.934612741	0.451753543	0.087729019	-0.088404222	1.171569593	0.96670173	0.458231205	0.296404227	0.138714612	1.396419073	1.253996945	0.707477225	0.051650134	-0.168799461
LCC10481001	2.076894929	1.470399922	1.445459343	1.673481976	0.799764986	0.177354864	1.106784355	-0.46222027	-0.799785873	1.43343302	1.184050664	0.548113588	-0.21336179	-0.740303601	1.167696089	0.953336473	0.355870176	-0.344676208	-0.832369835	1.751725033	1.465807005	0.905277378	0.190600292	-0.383715562
LCC10491001	2.107515536	1.734623425	1.833039906	1.861440135	0.827299115	0.257450161	1.434822221	0.087021045	-0.179738232	1.576198784	1.261684766	0.536569583	0.007909293	-0.394672513	1.453576076	1.105750679	0.414764487	0.07662102	-0.253570154	1.684757077	1.340837218	0.69956286	0.081982604	-0.416355755
LCC10511001	1.58436159	1.314321163	1.324742284	1.390042085	0.900465855	0.220912416	1.134975847	-0.277552523	-0.638331471	1.375796833	1.199363844	0.489067451	-0.219328729	-0.720102185	1.285956404	1.146401212	0.459150778	0.032937789	-0.306847326	1.32254898	1.208760004	0.603219443	-0.14508614	-0.622367831
LCC10531001	1.73408834	1.521831062	1.576749007	1.583801139	0.64023656	0.326359586	1.12222737	0.23456438	0.141326943	1.177078684	0.735628552	0.217326223	-0.019790405	-0.330648618	1.166031875	0.695888691	0.223760201	0.153090339	-0.028309127	1.342658224	1.05169148	0.546360328	0.184968089	-0.110266991
LCC10541001	1.564118839	1.382034486	1.563258593	1.412810254	0.796298172	0.259016891	1.158023947	-0.036824036	-0.321653308	1.131486785	0.910788944	0.257632432	-0.231740329	-0.519592519	1.109548732	0.827879087	0.325540612	0.314855729	0.141438027	1.176488959	1.011766577	0.332966892	-0.306693507	-0.555284275
LCC10551001	1.930199692	1.668069679	1.660124304	1.62678861	0.856294168	0.317406831	1.175692632	-0.196810982	-0.478768215	1.205554421	0.96973085	0.435430677	-0.177009044	-0.46762062	1.245486057	0.966830318	0.447041387	-0.024949012	-0.32724255	1.54602103	1.288123737	0.814785523	0.025479009	-0.412112973
LCC10561001	1.629024492	1.367954281	1.467641175	1.526110236	0.718683187	0.210117083	1.118329961	-0.246556599	-0.653935168	1.17998051	0.877620907	0.4191072	-0.243017561	-0.739035589	1.124814878	0.848052973	0.368237796	-0.184714159	-0.582416922	1.203509723	0.933915045	0.45687728	-0.284249001	-0.775836251
LCC10571001	1.735678737	1.328156319	1.381773304	1.485652395	0.897183661	0.375333448	1.113112838	-0.246386861	-0.545427245	1.308471236	1.160410191	0.570714372	-0.259629968	-0.672762989	1.146368372	0.995193283	0.452891203	0.00820939	-0.217564579	1.463169271	1.357533854	0.738465174	-0.108621734	-0.526034644
LCC10601001	1.77767918	1.322618295	1.402732852	1.361059484	0.466460051	-0.22409411	0.973692875	-0.604611936	-0.923037356	1.027774956	0.631038397	-0.04441378	-0.466705575	-0.856067216	0.976502483	0.512794675	-0.14022068	-0.482470525	-0.830135349	1.312078769	0.865881913	0.251997141	-0.300122508	-0.641619174
LCC10611001	1.565672157	1.18488221	1.24988641	1.27210739	0.576113678	-0.039673984	0.976888593	-0.52995192	-0.612450229	1.065961474	0.693545585	0.079953332	-0.477744553	-0.713833587	0.95945232	0.676786639	0.092476882	-0.342693916	-0.58603168	1.225132633	0.93220181	0.365654977	-0.291513632	-0.537121782
LCC10621001	1.657777738	1.008352821	1.156497647	1.248213527	0.581941349	-0.080059589	0.90189785	-0.530497237	-0.82940333	1.085587363	0.80525133	0.098372031	-0.376288934	-0.720771293	0.827741865	0.575491648	-0.075816948	-0.479586231	-0.714955611	1.39104512	1.1206302	0.482970025	-0.140737196	-0.505542627
LCC10641001	1.65438101	1.202049278	1.395555323	1.358460156	0.78823944	0.453400238	0.963328717	0.233113487	0.056479481	0.972499678	0.899281435	0.469196834	-0.036060544	-0.382543742	0.850981367	0.785390546	0.409338681	0.087884345	-0.180957837	1.355606307	1.130870842	0.701263013	0.059994906	-0.189489363
LCC10651001	1.296148244	0.962167592	1.125886962	0.986235434	0.449504521	0.099712854	0.715994268	-0.112686525	-0.377376998	0.669417266	0.572809317	0.200298273	-0.481941881	-0.833614702	0.635611438	0.486169065	0.152353649	-0.303612243	-0.544522874	0.914340102	0.841360229	0.402424509	-0.353610342	-0.766308838
LCC10661001	1.852452401	1.316452373	1.374360124	1.419572163	0.629060551	0.164531278	1.010148701	-0.474651768	-0.908169059	0.99097173	0.737460724	0.209671169	-0.421989256	-0.778211743	0.999774024	0.724915976	0.223845143	-0.376157987	-0.683332378	1.330072715	0.924231634	0.407428969	-0.24652955	-0.630844061
LCC10671001	1.623979491	1.289019938	1.410152178	1.405578322	0.876839773	0.157078639	1.248974248	-0.216663272	-0.58425806	1.317199137	1.063005046	0.328207086	-0.26986712	-0.899618423	1.251251857	0.940810114	0.176423676	-0.336562144	-0.857531147	1.427620129	1.181259906	0.451901735	-0.247458268	-0.773971949
LCC10681001	2.135404955	1.556047001	1.487315422	1.655056403	0.939055325	0.201470887	1.255626315	-0.368620576	-0.7704095	1.414537363	1.131359832	0.33536542	-0.372193033	-0.838715316	1.382233211	1.140189192	0.350661783	-0.265590806	-0.669109899	1.686728396	1.313681572	0.704334956	-0.041248104	-0.550771589
LCC10691001	1.801750378	1.346004676	1.492008402	1.384951303	0.83678638	0.334581501	1.121849859	-0.023735915	-0.334883161	1.110555084	0.976345631	0.44736207	-0.302034411	-0.771158383	1.051589879	0.960498779	0.44336637	-0.03480251	-0.260820728	1.402310754	1.130879933	0.614131173	-0.170924012	-0.653074501
LCC10711001	1.73526613	1.312546603	1.358407715	1.440206028	0.58146219	0.082819902	1.038906605	-0.096804264	-0.207881272	1.159487427	0.755184954	0.188016555	-0.214077064	-0.366139176	1.004816371	0.618266465	0.173545408	0.137569374	-0.018769391	1.329150013	0.920244941	0.364828518	-0.209440958	-0.438555989
LCC10721001	1.619197875	1.277413292	1.414856767	1.414410894	0.702934181	0.292250728	1.001352144	-0.308851145	-0.649056293	1.085406876	0.948498854	0.551700463	-0.257483612	-0.713535485	0.996103634	0.811749451	0.399794293	-0.296928777	-0.649308062	1.191515598	1.081145464	0.678161017	-0.274632425	-0.731456833
LCC10731001	1.590581351	1.113678803	1.272699345	1.370189609	0.79497078	0.111339286	1.119267211	-0.567966554	-0.933970326	1.301607084	1.070388321	0.372865381	-0.347931316	-0.881060969	1.041650328	0.783546959	0.137513816	-0.484886912	-0.870212329	1.393539642	1.067114372	0.386384922	-0.353155452	-0.835245018
LCC10741001	1.677510151	1.331045416	1.422764776	1.434075989	0.930172353	0.281130082	1.212709133	-0.174936986	-0.545300601	1.347844708	1.09589805	0.400843813	-0.280332767	-0.783008356	1.199121286	0.99047811	0.306072588	-0.285274714	-0.760800621	1.422201152	1.189694646	0.585930075	-0.148290893	-0.636215564
LCC10751001	1.702696887	1.113420092	1.199203082	1.198984854	0.612801033	0.018562096	0.983769374	-0.078723567	-0.458454544	0.977443142	0.678093882	0.106326379	-0.278925021	-0.831536345	0.997918499	0.643949345	0.040372175	-0.03185499	-0.408439685	1.170246276	0.924293922	0.361798301	-0.260462787	-0.799609795
LCC10761001	1.605029645	1.540474705	1.629002767	1.330297631	0.659838384	0.285453622	1.04589098	-0.349940457	-0.710505116	0.955032152	0.731718268	0.282072598	-0.408149384	-0.779522466	1.066238184	0.721793452	0.273559047	-0.241439225	-0.526185896	1.274572807	1.171631142	0.611545145	-0.223930804	-0.625937639
LCC10771001	1.619614773	1.38346602	1.427066406	1.429385505	0.62319294	0.118718189	1.015610781	-0.256663173	-0.537190448	1.074937861	0.808278705	0.296121448	-0.179301427	-0.482304766	1.060805315	0.782264077	0.257054168	-0.210768275	-0.60293562	1.222205838	0.910530012	0.353591131	-0.236535315	-0.576459723
LCC10801001	1.852982316	1.511234804	1.571688004	1.492108989	0.607152826	0.234622725	1.144110184	-0.24027789	-0.50023737	1.074455822	0.861067462	0.401569027	-0.213791072	-0.564819624	1.074239677	0.811281516	0.438722262	-0.016404164	-0.176424608	1.31693692	0.819375101	0.594925436	-0.105754444	-0.29398756
LCC10821001	1.138236505	0.686871696	0.87019784	0.77740644	0.221131788	-0.129101935	0.428567349	-0.430799681	-0.613493486	0.436467215	0.388745912	0.016199586	-0.510722624	-0.777217604	0.362694609	0.25551657	-0.097047022	-0.479991566	-0.680001411	0.703418394	0.70487912	0.316061036	-0.390486298	-0.745654691
LCC10841001	1.825971587	1.416959892	1.57615383	1.538780226	1.001478131	0.475541998	1.258309981	-0.05447683	-0.55277122	1.301738214	1.238008384	0.628775782	-0.125573869	-0.763104445	1.167813216	1.050451673	0.511892382	-0.068908017	-0.540265604	1.558254026	1.49903248	0.857930114	-0.045173075	-0.792008936
LCC10851001	1.503945597	1.206985203	1.267945975	1.371927876	0.805217636	-0.198191946	1.251503936	-0.70553951	-1.030840966	1.437996112	1.045324284	0.05692084	-0.589091805	-0.956333418	1.223517067	0.8413036	-0.066179444	-0.485591366	-0.852599387	1.313034185	0.983732961	0.204312596	-0.406663255	-0.747042326
LCC10861001	1.842093921	1.323795901	1.451632815	1.534549232	0.52292258	0.149782302	0.94203465	-0.202200229	-0.389453253	1.059395228	0.69811634	0.29122988	-0.120096822	-0.340801064	0.896439885	0.564023934	0.200789022	-0.087238813	-0.267884175	1.393199959	1.021867252	0.578941768	0.070907785	-0.214862262
LCC10871001	1.608531098	1.377648633	1.430246534	1.266087962	0.624875321	0.158422414	1.000907154	0.030994412	-0.317628577	0.982217424	0.770778836	0.178821657	-0.389664482	-0.955871374	1.018610537	0.716297773	0.096805448	-0.067690006	-0.350590556	1.174131252	0.902877706	0.352072857	-0.265200687	-0.714430998
LCC10881001	1.619508537	1.241343271	1.324352458	1.277549956	0.49453486	-0.03653017	0.942722084	-0.397316699	-0.676638173	0.93359774	0.589764246	0.070937602	-0.315181105	-0.537587078	0.941570448	0.552052375	0.066918301	-0.152660923	-0.414494502	1.155069724	0.781587379	0.291247768	-0.240065428	-0.563096014
LCC10891001	1.581657696	1.237923386	1.31697717	1.331961986	0.575351629	0.081102805	0.886169711	-0.415120118	-0.785093695	0.946065308	0.670616771	0.237557638	-0.020794499	-0.415829795	0.856564325	0.61515214	0.149747858	-0.214107604	-0.554895055	1.123124955	0.852017362	0.406095932	0.046607083	-0.304226043
LCC10901001	1.271418734	0.811764168	0.954582686	0.939425821	0.243006981	-0.209276114	0.581789273	-0.560203101	-0.816964853	0.577453701	0.374928987	-0.108770848	-0.71395307	-0.982138618	0.487021687	0.158547961	-0.26896014	-0.648744368	-0.929577318	0.845516851	0.614197037	0.166023981	-0.551941729	-0.943419457
LCC10921001	1.808356241	1.547516539	1.567546611	1.666963777	1.139318775	0.682355942	1.223373044	-0.009538141	-0.460377448	1.198324242	1.104227545	0.719935003	-0.011646372	-0.581168534	1.14933428	1.088552244	0.724185122	0.152007597	-0.207637023	1.484053811	1.427600283	1.028391087	0.189777906	-0.530204855
LCC10931001	1.759796112	1.353088464	1.484020881	1.457046844	0.918975631	0.34525626	1.130921825	-0.284844522	-0.611096992	1.222599518	1.226538044	0.715556125	-0.216573752	-0.614110726	1.116171899	1.033211463	0.521826746	0.077290645	-0.222209143	1.473864235	1.475599053	0.906189738	-0.095870288	-0.468025549
LCC10941001	1.64759233	1.262355299	1.277373955	1.373454923	0.444460347	-0.177270925	0.856330842	-0.710719208	-1.030022791	0.993024916	0.625078548	0.049866528	-0.488800336	-0.829614367	0.932873886	0.588158266	-0.033838018	-0.5082553	-0.815066505	1.139285392	0.774046394	0.234821778	-0.410208951	-0.833371939
LCC10951001	1.70222644	1.640429413	1.693560858	1.459616559	0.771095982	0.344649298	1.263202607	0.142632229	-0.174971585	1.01721761	0.597232628	0.155240992	-0.155186822	-0.640075956	1.196057741	0.787534408	0.421932605	0.290800912	0.032575468	1.219935038	0.859035505	0.511143506	-0.063314318	-0.534379086
LCC10961001	1.70321059	1.518851403	1.606507693	1.579874603	1.054383305	0.517990186	1.355786511	0.324081498	-0.125053691	1.488114087	1.284100224	0.562622966	0.161274853	-0.315580815	1.4277169	1.275041673	0.556717391	0.269117445	-0.119186687	1.477635873	1.220545882	0.60300103	0.215538372	-0.125688124
LCC10971001	1.683657701	1.400850323	1.480096842	1.49036263	0.839474845	0.310505091	1.195182569	0.117311303	-0.125301692	1.298945208	0.925986483	0.204391398	-0.568747334	-1.114875184	1.183655507	0.923956933	0.294451603	-0.081268608	-0.374697767	1.414961321	1.052727338	0.26380266	-0.534786767	-0.968532268
LCC10981001	1.668714984	1.243031888	1.310725632	1.314397854	0.729181778	0.180686507	0.987283264	-0.091812829	-0.575676242	1.106332207	0.950752324	0.264857575	-0.178034318	-0.667341806	0.955406844	0.729393706	0.09399426	-0.137556178	-0.46387828	1.340372722	1.204274587	0.561350765	-0.132377243	-0.55012183
LCC10991001	1.894195288	1.513298615	1.520191727	1.56980057	0.861100575	0.422073966	1.170955332	0.06792399	-0.252749283	1.27497411	0.937570981	0.339509664	-0.227920227	-0.617075116	1.232820965	0.940250232	0.433593423	0.096280819	-0.12846771	1.450557848	1.109250639	0.626238041	0.05903292	-0.3894274
LCC11001001	1.60081109	1.269994065	1.417915208	1.485184937	0.871678051	0.449372801	1.087556325	0.188539888	0.082596782	1.114708139	1.005572557	0.501661752	-0.17718923	-0.174261588	0.977428591	0.88970899	0.385897498	-0.187151738	-0.131764264	1.197882	0.961424741	0.48714686	-0.163424777	-0.199509468
LCC11011001	1.992612729	1.674284054	1.807427863	1.816027127	0.975361572	0.570801953	1.31969973	0.092981739	-0.084174853	1.411513878	1.147793404	0.722945334	0.147980597	-0.183520195	1.228340762	0.904598698	0.507719435	0.09721943	0.009124614	1.5784115	1.139339177	0.675361581	0.073882869	-0.248309963
LCC11021001	1.498457695	1.132000258	1.17576743	1.251411947	0.803447505	0.32028167	0.939687696	0.082775556	-0.415489814	1.050540469	0.839765142	0.239324886	-0.359567803	-0.980860623	0.964356346	0.841949932	0.279848026	0.011009642	-0.50828838	1.272724926	1.104968971	0.422165109	-0.270990434	-0.798227146
LCC11041001	1.88374188	1.509916576	1.473776637	1.613108437	1.339550945	0.46834914	1.591414167	-0.376808794	-0.730352626	1.713662169	1.502873143	0.639948874	-0.317903779	-0.823776408	1.636315693	1.415019598	0.58216028	-0.255386778	-0.645827064	1.833166638	1.615375409	0.84584063	-0.149209404	-0.704431474
LCC11061001	1.643898059	1.434495337	1.620724748	1.456956493	0.758066378	0.240888555	1.102548156	-0.066650533	-0.273133187	1.028629268	0.794664016	0.29373795	-0.070861536	-0.240853406	1.058350268	0.827508105	0.314240604	0.143990916	0.014264504	1.238478967	1.069294346	0.529599598	-0.065592122	-0.259155915
LCC11071001	1.684309479	1.163876823	1.303831818	1.306362833	0.685583348	0.036769875	1.095717302	-0.498004989	-0.77489173	1.062794834	0.815871511	0.260405144	-0.39487614	-0.718679183	1.082986279	0.794628747	0.133828831	-0.512246823	-0.830039075	1.256686157	0.875070577	0.384533562	-0.190551901	-0.566317897
LCC11081001	1.666894765	1.251532863	1.319338008	1.39422212	1.086380464	0.517153725	1.122284531	0.13543733	-0.267685965	1.282618359	1.229436064	0.621414034	-0.096723497	-0.699407671	1.185295432	1.208455026	0.598066382	0.239824272	-0.194950062	1.509907471	1.498228598	0.8881519	-0.033398052	-0.566420151
LCC11091001	1.722655347	1.315479838	1.483810609	1.462446617	0.885299866	0.470647569	1.186681415	-0.161750776	-0.77291328	1.199009598	1.024265005	0.586265694	-0.171828444	-0.898450186	1.071976422	0.862600728	0.466841375	-0.184224306	-0.84207453	1.325114069	1.186474277	0.745685321	-0.077269881	-0.709079613
LCC11101001	1.540761913	1.271086	1.322917362	1.278154345	0.556452793	0.07252368	0.986709894	-0.176283464	-0.493166007	0.997297307	0.615786127	0.203848147	-0.148169097	-0.394306817	1.048429267	0.65288248	0.193324424	0.102864716	-0.1159669	1.104074023	0.776954435	0.45312033	-0.042834986	-0.36632491
LCC11121001	1.897059026	1.536331385	1.568023057	1.594304541	1.234044264	0.692439431	1.42712412	0.374257424	0.017227671	1.474686739	1.394076619	0.820714501	0.105198105	-0.487071313	1.492559286	1.391156432	0.825382211	0.282944149	-0.09198281	1.68442808	1.627763327	1.09401115	0.227022728	-0.491087042
LCC11131001	2.018195461	1.299863051	1.373796333	1.438538314	0.966236828	0.535190983	1.024060951	-0.159821621	-0.625084889	1.116362685	1.256117091	0.845644411	-0.031126954	-0.739778145	1.01862243	1.097386077	0.721704152	0.068949032	-0.401418477	1.53412721	1.456510291	0.921151753	0.06423751	-0.625401236
LCC11161001	1.916351438	1.562928565	1.767357418	1.82132913	1.079819772	0.433837887	1.584040213	0.11755578	-0.144759415	1.686086814	1.368312872	0.611148168	-0.191319691	-0.593190765	1.456426931	1.152913792	0.519772707	0.14711076	-0.102757533	1.777905205	1.459643394	0.765720954	-0.190029821	-0.591241335
LCC11171001	1.509308431	1.243285787	1.230768293	1.328572523	1.074714737	0.444531998	1.129129256	-0.376977919	-0.649915806	1.240911281	1.313128356	0.695343665	-0.270198161	-0.682582919	1.302155605	1.300262437	0.652944043	-0.218151042	-0.528113475	1.399751655	1.379444706	0.740894213	-0.12928158	-0.5804816
LCC11191001	1.840048986	1.354437581	1.482737658	1.521675766	0.542663234	0.052766599	0.927678323	-0.364934749	-0.625946516	0.974686969	0.726750501	0.304438866	-0.300840705	-0.67614489	0.87342182	0.647006476	0.209864849	-0.203810899	-0.482078187	1.214796081	0.99842798	0.566347205	-0.173221564	-0.578720698
LCC11201001	1.782181141	1.440978146	1.619600849	1.624432893	0.887564902	0.297649763	1.376245687	0.105322504	-0.128689285	1.468028071	1.087615204	0.395898455	-0.144317626	-0.466284521	1.218702929	0.811329597	0.227607005	-0.090772858	-0.284905224	1.507456753	1.253747939	0.575202679	-0.173560611	-0.573060874
LCC11211001	1.749268999	1.508788018	1.567251414	1.62044193	0.735174043	0.304315871	1.16518148	0.401462903	0.11444765	1.383016028	1.07592104	0.399836364	-0.207470112	-0.881350199	1.20050324	0.981447701	0.454808925	0.246107074	-0.031122105	1.477649336	1.126406388	0.347901507	-0.261251542	-0.852087327
LCC11221001	2.20730885	1.633614639	1.632816014	1.786770668	0.894841809	0.212873689	1.246796381	-0.407474814	-0.735774362	1.491423158	1.136148732	0.457231337	-0.140728948	-0.526654253	1.341124614	1.042443571	0.370649334	-0.235951801	-0.506889535	1.901882546	1.506155495	0.837617275	0.029831965	-0.38364193
LCC11231001	1.716684059	1.563678949	1.622638266	1.543362123	0.619235388	0.080175882	1.116992765	-0.093830344	-0.408720942	1.126221677	0.772563472	0.120474082	-0.212421038	-0.675684121	1.1521445	0.764912498	0.157002661	0.032370124	-0.228729617	1.162782113	0.810574616	0.333676876	-0.12795093	-0.490784145
LCC11241001	1.659974198	1.354238742	1.369473812	1.441197404	0.455194791	-0.103082728	0.918048753	-0.535310062	-0.735347878	1.068617849	0.694128123	0.178696357	-0.34586692	-0.551746418	1.053447181	0.698729985	0.061826137	-0.339512605	-0.497797173	1.148651733	0.766056665	0.398978752	-0.239781354	-0.592685308
LCC11251001	1.858451934	1.545043543	1.595662061	1.698020863	0.858523073	0.337506259	1.136445606	-0.298881632	-0.659502998	1.251501715	1.088462259	0.638192683	0.006085934	-0.465258702	1.183428698	0.916813826	0.420669352	0.043809392	-0.330638112	1.348647153	1.083058583	0.59639894	-0.110729557	-0.569260779
LCC11261001	1.664249993	1.306488141	1.337380751	1.461850009	0.599294935	0.125708847	0.911969659	-0.293125821	-0.509166826	1.064404703	0.824516046	0.426066316	-0.142460103	-0.396683685	0.864712967	0.654597627	0.196164456	-0.201175204	-0.362610163	1.264850726	0.947054611	0.362386003	-0.07586487	-0.208444375
LCC11271001	1.638904572	1.154034192	1.24446749	1.303997251	0.473785331	-0.106816605	0.866516448	-0.61362262	-0.690839855	0.978281039	0.661785618	0.019445775	-0.59128363	-0.801056662	0.872811998	0.507325798	-0.102103278	-0.57086426	-0.777855433	1.21641097	0.936596789	0.299689068	-0.447423387	-0.89248349
LCC11281001	1.694694038	1.355398864	1.418282542	1.429285123	0.58020941	-0.032029608	1.083940511	-0.40303086	-0.720715157	1.210772824	0.778866595	0.079141292	-0.353789239	-0.751244048	1.10196635	0.676107086	-0.012906082	-0.297973747	-0.601193254	1.301841391	1.06611883	0.326809562	-0.217685224	-0.585441459
LCC11291001	1.708195197	1.331398647	1.529695709	1.47159462	1.073005993	0.238327712	1.360285538	-0.263122312	-0.411929746	1.544249553	1.319552998	0.505991655	-0.103988933	-0.158332551	1.320682688	1.188706253	0.426090443	-0.148112941	-0.340071222	1.595641498	1.442622776	0.646528653	-0.140064915	-0.170343947
LCC11311001	1.770797277	1.398638154	1.554082323	1.471592772	0.789566817	0.341288609	1.171487517	-0.093038851	-0.406889233	1.162534057	0.829258932	0.304068182	-0.339057515	-0.839820428	1.042962966	0.789079428	0.327942277	-0.179284197	-0.528311892	1.436642118	1.076394412	0.482822502	-0.228537879	-0.73815737
LCC11321001	1.625855935	1.337551599	1.335304197	1.434489453	0.529821581	0.043121495	0.967956503	-0.115415858	-0.437414436	1.112382938	0.705571054	0.117381592	-0.336950153	-0.749824329	1.033196977	0.644596469	0.026501555	-0.254013723	-0.547216807	1.242194328	0.83953067	0.221900805	-0.31708388	-0.762257875
LCC11341001	1.861258219	1.679181245	1.579968343	1.603987169	0.502667628	0.139072493	1.03658414	-0.170214329	-0.230692421	1.29622218	0.809951658	0.175132811	-0.310060904	-0.621261159	1.148015688	0.648618985	0.21395282	-0.016828374	-0.144376224	1.429036248	1.059846309	0.475003571	-0.260425171	-0.521157462
LCC11351001	1.671585877	1.38115405	1.552776394	1.521940074	0.96032998	0.42616541	1.377176624	-0.028253884	-0.237423777	1.317006456	0.949530063	0.448290496	-0.111155179	-0.458911517	1.315714818	0.928743518	0.411874521	0.044335678	-0.146329284	1.349222003	1.051734689	0.659166184	-0.005327458	-0.248472902
LCC11361001	1.701935967	1.175958476	1.324914501	1.22874851	0.389440153	-0.145400424	0.795202501	-0.648813698	-0.727141882	0.756104536	0.535485057	-0.011248711	-0.631883461	-0.663057891	0.727828622	0.467214192	-0.074774462	-0.602591189	-0.603725123	1.072513096	0.72847144	0.274419919	-0.339134152	-0.503426535
LCC11371001	1.896362362	1.445274185	1.453863153	1.583336042	0.604534762	0.198342392	0.89616271	-0.228795033	-0.334198479	0.91236654	0.722149203	0.398345382	-0.094663337	-0.285686106	1.034406425	0.692835319	0.273180712	-0.100632179	-0.20501942	1.401884079	1.033123175	0.602320764	-0.061209976	-0.39081215
LCC11401001	1.518967612	1.318099686	1.526985657	1.471437215	0.816037532	0.059874239	1.407344876	-0.491301503	-0.864840929	1.385082196	0.922069631	0.170246883	-0.514910935	-0.944105774	1.238196558	0.735806927	0.016783113	-0.387990632	-0.697020605	1.294441072	0.952742219	0.291749863	-0.474837493	-0.995117216
LCC11421001	1.947216393	1.518878173	1.66468001	1.784045406	1.0152258	0.349923771	1.568347277	-0.215144861	-0.527669701	1.735147733	1.229927049	0.554583239	-0.235479521	-0.732245417	1.427805425	0.978136912	0.387463648	-0.273579329	-0.693421109	1.762209132	1.332527115	0.688833617	-0.199456374	-0.691706675
LCC11431001	1.47439297	1.177112117	1.252278187	1.219225741	0.632017915	0.018998815	0.898730201	-0.082457378	-0.317353062	0.910319628	0.776913489	0.126878498	-0.460100596	-0.89579374	0.910172462	0.714707051	0.058307917	-0.206328547	-0.421509203	0.990011496	0.815647201	0.262374423	-0.340407035	-0.801626126
LCC11441001	1.896020718	1.572882139	1.643899089	1.566286982	0.673175336	0.163326817	1.033514006	-0.425904376	-0.642904425	1.019069407	0.735404871	0.245166775	-0.286552169	-0.635312164	0.984053591	0.683273158	0.18537674	-0.303840694	-0.574161776	1.321455057	1.048759878	0.531451928	-0.094776673	-0.506027082
LCC11451001	2.006966185	1.325761336	1.220990071	1.334392156	0.740078656	0.271820743	0.92401799	-0.561731567	-0.995249887	1.111970079	0.996763355	0.484016431	-0.353741338	-0.948505842	1.076323925	0.900039058	0.445426097	-0.297651351	-0.678017729	1.688964644	1.494527353	1.065578286	0.2659198	-0.436960403
LCC11461001	1.740621952	1.189342197	1.273085067	1.298909612	0.358306529	-0.043435748	0.789344241	-0.62928502	-0.882519069	0.843852021	0.52022707	0.117743263	-0.486719906	-0.874680667	0.765167937	0.435535861	0.043780437	-0.452457103	-0.71098294	1.250409404	0.966965842	0.523535858	-0.219321054	-0.698721681
LCC11471001	1.892782054	1.484156861	1.530979252	1.782081541	1.158053556	0.40986045	1.501220385	-0.261023424	-0.740821996	1.79175107	1.473672053	0.691267549	-0.104636562	-0.67233102	1.5196559	1.242954696	0.476714692	-0.170624347	-0.64630412	1.682130714	1.350926396	0.669422837	-0.084614647	-0.568715474
LCC11481001	1.892569701	1.674299771	1.724801636	1.831019528	1.170766372	0.600379953	1.591943548	-0.097063559	-0.377182393	1.727405705	1.364371136	0.783679988	-0.070147484	-0.578054611	1.560980276	1.253440788	0.720530808	-0.103712028	-0.542208153	1.573263996	1.290817304	0.774395885	-0.083167576	-0.358397017
LCC11491001	1.664776403	1.514268972	1.644951169	1.607833296	0.872287594	0.307843447	1.362747217	0.29835267	-0.047525421	1.428343485	0.970765365	0.321814495	0.176200713	-0.076648887	1.210742323	0.858509498	0.321063705	0.181585441	-0.061878422	1.479419027	1.037735741	0.309726665	0.068232437	-0.100547875
LCC11501001	1.746352776	1.476361011	1.55592431	1.490785536	0.774902336	0.145737117	1.232896998	-0.373684305	-0.736763173	1.287447271	0.947493471	0.249568579	-0.396001229	-0.893073862	1.250581073	0.855570022	0.181111274	-0.425245718	-0.843402245	1.404896082	1.027299996	0.400799944	-0.239427298	-0.664517973
LCC11511001	1.413836518	1.044097137	1.081207341	1.151868751	0.137763295	-0.453997326	0.692351203	-0.770475219	-1.213605038	0.824163435	0.339032554	-0.266673558	-0.602921488	-1.051357677	0.716113829	0.232076762	-0.367690196	-0.703255061	-1.131694898	1.027964541	0.636557665	0.102741648	-0.523093549	-1.003492452
LCC11521001	1.743247641	1.060893317	1.202294741	1.2087406	0.46312779	0.024865924	0.771452812	-0.575083043	-0.872399047	0.845537433	0.702030241	0.152650898	-0.543443099	-0.795167673	0.718172747	0.546336309	0.045298266	-0.549894021	-0.747212139	1.245151947	1.061282372	0.489756507	-0.278953162	-0.494387448
LCC11541001	1.651516382	1.414694092	1.464717024	1.487456229	0.820980442	0.316474751	1.106280316	-0.064907564	-0.30898345	1.241833804	0.953058653	0.389305743	-0.16808903	-0.612901238	1.162701501	0.928800239	0.39648228	0.090606771	-0.156126208	1.24115885	0.982924037	0.474622458	-0.040309116	0.041902297
LCC11551001	1.64509685	1.093673419	1.149127417	1.212671482	0.640157826	-0.00680141	0.823904079	-0.444275561	-0.844615079	0.981895191	0.768523321	0.113603569	-0.464327949	-0.851554035	0.856362341	0.651840375	0.005600043	-0.508752007	-0.920198286	1.26917936	1.042559747	0.450219785	-0.249122001	-0.706627343
LCC11561001	1.559904793	1.286320765	1.273234526	1.480314504	1.148054692	0.358030678	1.221349865	-0.402061556	-0.663762354	1.344677108	1.232704714	0.445936335	-0.284573159	-0.65837679	1.347259272	1.357623021	0.52643817	-0.232943884	-0.485595461	1.421359055	1.281135057	0.474241719	-0.265654804	-0.58513568
LCC11591001	1.741475367	1.277567434	1.428776204	1.37836813	0.579069881	0.040832393	0.948438081	-0.521133463	-0.716215126	0.935862356	0.72046648	0.174486519	-0.380373042	-0.570285094	0.871324359	0.605561359	0.092559374	-0.317097134	-0.474381622	1.248167178	0.99030697	0.419442694	-0.231234474	-0.553287027
LCC20011001	1.493410774	1.20087844	1.221362157	1.268317618	0.650098136	0.404546117	0.740314381	0.118420986	-0.263681449	0.835632432	0.851529121	0.579200756	-0.096436044	-0.661037425	0.832364052	0.832793336	0.581928658	0.32282028	-0.021265981	0.970332146	0.858835722	0.664091966	-0.12024163	-0.724432528
LCC20021001	2.015497434	1.553730818	1.778237904	1.721082915	0.948873372	0.231675958	1.341958847	-0.257331505	-0.643887573	1.426078206	1.170322273	0.674709662	0.298807787	-0.30603703	1.319536907	1.011741387	0.372637698	0.175618342	-0.192748712	1.595515425	1.335158847	0.896484258	0.382689634	-0.19670501
LCC20031001	1.747480758	1.582502878	1.564152731	1.661163195	0.874429398	0.215926353	1.335788924	-0.254818376	-0.551993281	1.628405489	1.10949852	0.355112691	-0.178392043	-0.583955899	1.51594892	1.01041129	0.305299286	0.097795703	-0.111220768	1.512007097	1.150943507	0.674284498	-0.009045594	-0.419720304
LCC20041001	1.763988065	1.546457672	1.623584932	1.465033201	0.93190458	0.43168104	1.233296545	-0.002939668	-0.33964636	1.120420185	0.926424177	0.44097901	-0.187697391	-0.676128005	1.234658335	0.988678853	0.478971669	-0.125858008	-0.54021544	1.341677545	1.159625306	0.758479992	-0.025499504	-0.503437611
LCC20051001	1.845960193	1.300707612	1.389245398	1.427845233	1.01629264	0.426118055	1.123870136	0.0755969	-0.181917861	1.291266774	1.121652463	0.442035134	-0.25910686	-0.63670523	1.167020187	1.084850205	0.430908017	0.039764811	-0.24007182	1.587045336	1.393697235	0.741509391	-0.025962676	-0.472191079
LCC20061001	1.692369852	1.32182731	1.423103116	1.355402333	0.646087651	0.19441801	1.033757761	0.054967252	0.054562304	1.077991065	0.847638999	0.272777689	-0.245089857	-0.191079198	1.023519497	0.755499841	0.269128658	-0.04394847	0.04771801	1.355282275	1.051506506	0.371808484	-0.226013249	-0.168987175
LCC20071001	1.577866677	1.408969051	1.482190073	1.412929661	0.944220042	0.439115107	1.187790757	-0.065926683	-0.350751007	1.278184628	1.172099551	0.608912516	-0.117114769	-0.499936497	1.265369869	1.204293425	0.666328218	0.043785211	-0.259130103	1.421609348	1.299098704	0.71070657	-0.062191104	-0.403979522
LCC20081001	1.865220371	1.37383546	1.402491147	1.596667882	0.998211999	0.388942265	1.313075186	0.39976023	0.083269423	1.630600595	1.360424258	0.541969117	-0.242694241	-1.005871105	1.31710423	1.087400853	0.371896473	0.238297472	-0.054271351	1.693814235	1.500692975	0.792530798	-0.078204049	-0.737885877
LCC20101001	1.633331423	1.223906663	1.378046743	1.232718335	0.435161868	-0.035353119	0.828888176	-0.364089165	-0.530362791	0.7920707	0.501098488	-0.052294123	-0.475591281	-0.596301918	0.731612243	0.436760053	-0.036434398	-0.28755119	-0.455211313	1.108634028	0.704354742	0.148829862	-0.443273499	-0.603004029
LCC20111001	1.79556646	1.436829094	1.432750765	1.465560477	0.546284113	0.195655116	0.911632604	-0.151607357	-0.50075107	1.032832911	0.739943325	0.280970352	-0.227897518	-0.618262183	1.005445507	0.740977668	0.325341667	0.081920551	-0.153540944	1.373521734	1.07578121	0.552559727	-0.083985216	-0.478381987
LCC20121001	1.99561363	1.502560731	1.529342187	1.692298771	0.894582043	0.346953495	1.219996569	0.009905785	-0.352443674	1.618930446	1.343345647	0.632931206	-0.117060028	-0.628056481	1.28468521	1.086373896	0.537947335	0.262056597	-0.015394483	1.672614576	1.452904544	0.912820712	0.107028066	-0.392840379
LCC20131001	1.848500098	1.488531868	1.559468441	1.560651985	0.983678059	0.425306058	1.317843107	0.194928422	-0.087412475	1.443285103	1.108575404	0.432039572	-0.298818376	-0.738868248	1.323963523	1.050120882	0.439754672	0.030089316	-0.227240682	1.476866105	1.239537191	0.693209644	-0.122660808	-0.562468524
LCC20141001	1.73264982	1.505247233	1.493815006	1.52675879	0.790577623	0.178542191	1.279879144	-0.279411888	-0.590406121	1.359506515	0.901009959	0.256467623	-0.375910243	-0.906888224	1.297607045	0.854026502	0.241992283	-0.198807324	-0.522779291	1.411605968	0.964220144	0.386888629	-0.26456578	-0.740057968
LCC20151001	1.894425883	1.535291628	1.649624312	1.595846138	1.483004923	0.665775719	1.640756781	-0.139383668	-0.537976637	1.681831224	1.652373105	0.798681442	-0.253251753	-0.874596172	1.654158388	1.591665741	0.746148446	-0.138271485	-0.527644811	1.773307795	1.655293164	0.86094303	-0.162929095	-0.804906655
LCC20161001	1.618424589	1.455574137	1.509834059	1.401179539	0.869743379	0.356751897	1.137058382	0.13133371	-0.213775827	1.134402856	0.874137411	0.32506346	-0.262175919	-0.731696349	1.133406075	0.974789032	0.447433603	0.308969603	0.024792769	1.217357312	0.940724325	0.400153753	-0.234738246	-0.618814787
LCC20181001	1.887231232	1.521038729	1.515114704	1.515101406	1.082473209	0.514672173	1.373222531	-0.175151898	-0.557684967	1.406800888	1.209207114	0.608515869	-0.25330631	-0.697853993	1.41753974	1.181150166	0.592387973	-0.168537011	-0.535496995	1.652272226	1.468987475	0.847198017	-0.127159791	-0.63337304
LCC20201001	1.654983287	1.215380625	1.361465226	1.270064685	0.600476549	0.235197374	0.80421006	0.022141192	-0.048458842	0.958357486	0.701193231	0.185020477	-0.178982444	-0.576305896	0.881847376	0.687224894	0.337559833	0.284189418	0.088427477	1.176382623	0.894357625	0.48260654	-0.082514717	-0.380411641
LCC20211001	1.693946385	1.278528931	1.369734096	1.327162105	0.933666982	0.402507356	1.170679101	-0.199775628	-0.516483425	1.161342118	1.047882826	0.55242941	-0.244767213	-0.639360862	1.169812911	0.946141706	0.441460077	0.055456548	-0.29655293	1.414178372	1.272920686	0.819973946	-0.132861608	-0.662094362
LCC20221001	1.783060069	1.473553387	1.615612715	1.653384087	0.811861173	0.352609715	1.151775859	-0.013264478	-0.328380591	1.259855745	0.938053984	0.445826342	0.076414119	-0.288190151	1.20903246	1.023717393	0.510785452	0.315370153	0.133883159	1.253859955	0.941705013	0.570122187	0.152779613	-0.189835685
LCC20231001	1.907704131	1.519639823	1.495465794	1.606276372	1.212796605	0.459910546	1.3979536	0.037288662	-0.3846165	1.650382129	1.484472162	0.591059585	-0.119013612	-0.799762175	1.541607822	1.483886834	0.662462623	0.041270156	-0.456105054	1.749136707	1.517923141	0.741529056	-0.066816656	-0.697476386
LCC20241001	1.14062246	0.310587696	0.953693923	0.832145558	0.145945138	-0.361819648	0.592326722	-0.861785941	-1.156829133	0.470778356	0.024396772	-0.483368013	-0.983334306	-1.278377499	-0.050779505	-0.49716109	-1.004925875	-1.504892168	-1.79993536	0.779255259	0.332873675	-0.174891111	-0.674857403	-0.969900596
LCC20251001	1.59570738	1.265829354	1.396236718	1.310541795	0.47645621	0.158149679	0.896663033	0.207686225	-0.120377002	0.90384245	0.558090914	0.115385635	-0.237249418	-0.624794316	0.837591491	0.524047614	0.228000221	0.456892087	0.245566913	1.132334501	0.857936563	0.414339913	-0.168417141	-0.55885171
LCC20261001	1.880350763	1.511329594	1.487472099	1.632746944	1.146284897	0.540204708	1.361558775	0.128216177	-0.176893255	1.609292991	1.355538979	0.636882769	-0.17113362	-0.690609609	1.503156414	1.294568502	0.570497476	-0.065675363	-0.434531556	1.672062517	1.51173714	0.842153246	-0.020438164	-0.498247624
LCC20271001	1.470376668	1.17191937	1.325891162	1.215399221	0.597927486	0.135941706	0.935121387	-0.212080778	-0.269048702	0.902329977	0.668918587	0.219632523	-0.420500496	-0.396813557	0.912961716	0.705570769	0.216463177	-0.16297009	-0.211041866	1.040506129	0.775842297	0.360206135	-0.299000503	-0.463737887
LCC20281001	1.856273922	1.561875891	1.698071979	1.631712456	1.289932277	0.528712804	1.730625582	0.410869054	0.111339904	1.684339909	1.27194036	0.546235973	0.046288507	-0.20256992	1.643695744	1.220694642	0.477353012	0.230922422	-0.007863322	1.563622484	1.202932657	0.707575954	0.054825491	-0.155389676
LCC20291001	1.731900913	1.295714592	1.354878647	1.471414374	1.016742463	0.398963809	1.21463744	0.260331713	0.025666594	1.501407006	1.371531605	0.605138491	-0.126509174	-0.748916345	1.28366346	1.25321518	0.54272981	0.397606475	0.100105066	1.583040717	1.530278473	0.888709032	0.091821583	-0.444610473
LCC20301001	1.707472481	1.319032548	1.414204731	1.404088981	0.955553692	0.483860202	1.085236923	0.189236567	-0.059346601	1.182076886	1.085867373	0.5326544	-0.24611764	-0.585193629	1.13396134	1.083656064	0.56044899	0.061565147	-0.242383853	1.312114766	1.180714809	0.650777635	-0.149414357	-0.538879755
LCC20331001	1.498982155	1.18253373	1.330677374	1.256155599	0.497934881	0.029171578	0.715558957	-0.48109835	-0.641281743	0.728021895	0.519635683	0.162319887	-0.358306477	-0.504285661	0.652102761	0.520689739	0.087695565	-0.407808281	-0.551838462	0.905452155	0.742571641	0.335438188	-0.083225709	-0.06016914
LCC20341001	2.110541343	1.81303571	1.799986604	1.982292212	1.300370146	0.447202345	1.753364662	-0.319271101	-0.640587477	1.985871631	1.611870982	0.775834794	-0.135069781	-0.673408308	1.783243898	1.404565208	0.558845879	-0.207105696	-0.56703629	1.979276989	1.58207068	0.773909457	-0.159305856	-0.704647211
LCC20361001	2.165036293	1.69202619	1.705243488	1.818512553	0.881928908	0.315982716	1.382582066	-0.151075534	-0.57047474	1.583173841	1.175433147	0.522943054	-0.192243678	-0.560276055	1.389001768	0.959358222	0.399807789	0.058706949	-0.351627852	1.83469256	1.458971531	0.927837665	0.086304841	-0.381069309
LCC20371001	1.628085188	1.13896514	1.296965348	1.198868752	0.803446809	0.206544542	1.001602364	-0.225526084	-0.475828503	1.018086121	0.925907794	0.274491532	-0.426712628	-0.781159588	0.931520612	0.747905688	0.185416142	-0.17446989	-0.417319597	1.329012203	1.146112111	0.465082593	-0.28768417	-0.728385836
LCC20381001	1.638046974	1.297643329	1.400869078	1.263964873	0.531659312	0.001117171	0.972410344	-0.432069796	-0.697861023	0.941690216	0.626190739	0.056787785	-0.583050329	-1.016994982	0.939089129	0.628332387	0.063185672	-0.52493713	-0.824950916	1.215195774	0.951626469	0.387126895	-0.385950429	-0.860550108
LCC20391001	1.635416099	1.326072226	1.413242346	1.435824942	1.11584462	0.423315415	1.274203075	-0.086398584	-0.439858913	1.342842722	1.283606317	0.541045167	-0.238429864	-0.952918279	1.297149751	1.288515038	0.546799378	-0.050475842	-0.423357062	1.352990894	1.112225953	0.489211273	-0.335253299	-0.931072237
LCC20401001	1.529843256	1.246872792	1.329580007	1.33172927	0.76459883	0.262196005	0.965986101	-0.276543691	-0.620965246	1.113325734	1.119196359	0.593926052	-0.277628488	-0.779715031	0.961691665	0.963501017	0.49420377	-0.107882098	-0.428598029	1.236679562	1.080252183	0.591813081	-0.260017023	-0.792588561
LCC20411001	1.526741783	1.128408671	1.216446742	1.171982457	0.481780554	-0.157577053	0.867401582	-0.647917988	-0.974715424	0.955754312	0.657940892	-0.040350534	-0.627925327	-1.144986063	0.867016916	0.55649095	-0.108640376	-0.579687817	-0.958678252	1.202163848	0.937421777	0.323696395	-0.403937093	-0.933766695
LCC20421001	1.733402072	1.414047582	1.513010574	1.468278005	0.949875497	0.359086478	1.180155038	0.025047327	-0.25063047	1.251590677	1.160652085	0.528381452	-0.225829214	-0.768128756	1.144566823	1.039282214	0.448729355	0.091904408	-0.165644144	1.330553198	1.175567183	0.633193577	-0.017002254	-0.505761213
LCC20441001	1.837232507	1.304998591	1.349523854	1.482718941	0.860735936	0.268780985	1.017016455	-0.107489699	-0.521896004	1.178478897	1.098974474	0.525339712	-0.242864839	-0.825847825	1.079137922	1.070425702	0.579152763	0.418933547	0.037701594	1.456463222	1.295143158	0.721362278	-0.135487467	-0.706062108
LCC20451001	1.770483017	1.410408685	1.507813819	1.542171828	0.501186886	0.152955866	0.979672882	0.025590662	-0.251847894	1.072176593	0.651847294	0.238061569	-0.145899902	-0.577353164	0.978293469	0.582071699	0.195175283	0.05569483	-0.207980146	1.21913303	0.835871946	0.463694022	0.07454714	-0.286880741
LCC20461001	1.78477487	1.497984402	1.653502527	1.643395151	1.083320558	0.343829444	1.466363497	0.00372395	-0.246649085	1.609130206	1.368880267	0.567228004	-0.223821985	-0.61921541	1.44813583	1.188249472	0.42815807	-0.126708723	-0.38456397	1.480123342	1.253448766	0.589029921	-0.22983697	-0.634221304
LCC20471001	1.739829501	1.502994001	1.602421452	1.582943159	0.992344772	0.09225202	1.465934849	-0.322620399	-0.575999035	1.51532385	1.059568151	0.137539537	-0.33035462	-0.282257968	1.469014456	1.038769221	0.131375292	-0.094717005	-0.216803098	1.466511257	1.032705595	0.243851871	-0.355860539	-0.507429618
LCC20481001	1.782130736	1.290960636	1.47646721	1.519938369	0.692666543	0.272141694	1.126427388	0.032544827	-0.224093911	1.269851939	0.924974432	0.450799709	-0.091716321	-0.410097506	1.026856033	0.745957199	0.299414375	-0.132048749	-0.34254405	1.444756413	1.166265545	0.736078469	0.093277629	-0.212020915
LCC20511001	1.533902159	1.205692355	1.266517201	1.331406023	0.501633507	-0.061484657	0.889392574	-0.298055583	-0.575058919	1.044327453	0.741887281	0.110827397	-0.307602428	-0.705925279	0.936614151	0.586536802	0.102911757	0.094020158	-0.153285317	1.119301175	0.881094416	0.329976607	-0.226481215	-0.604807113
LCC20531001	1.652372109	1.168833276	1.326491177	1.297686968	0.568673211	0.319395492	0.79201643	0.177641744	-0.23703487	0.895556032	0.817152139	0.486509249	0.180109482	-0.280122147	0.774442329	0.663993715	0.373650709	0.301477107	-0.07786298	1.229953465	1.081755777	0.688254847	0.179023545	-0.243096809
LCC20541001	2.133108796	1.572173232	1.57876659	1.655901257	1.009755274	0.109106287	1.479848793	-0.162146604	-0.54514821	1.592022377	1.199515834	0.336914118	-0.248893807	-0.758726627	1.566467914	1.144042279	0.208459354	-0.144399405	-0.521976291	1.923942071	1.425477666	0.551319085	-0.09589853	-0.561196606
LCC20551001	1.962126107	1.587349186	1.670597924	1.694496106	1.214527905	0.720939233	1.444341897	0.24139565	-0.140024993	1.554460369	1.360785675	0.73369767	0.000553145	-0.65691728	1.495979427	1.332363883	0.69629016	0.174522993	-0.185654066	1.668364411	1.423401543	0.775674957	0.004085679	-0.552998
LCC20561001	1.932184813	1.462909142	1.498058196	1.629403313	0.744883058	0.401467988	1.000361892	0.190953626	-0.388538016	1.188428241	0.948442458	0.581734262	0.274238892	-0.442481873	0.99549108	0.809811853	0.508664429	0.419026082	-0.180602171	1.462323186	1.148609452	0.843811146	0.276692856	-0.356835581
LCC20591001	1.400753344	1.123831251	1.286016712	1.175537587	0.806901337	0.171064267	1.05817096	-0.259509496	-0.60868174	1.058639396	0.940850662	0.258629452	-0.35282902	-0.804958804	0.967708402	0.853164101	0.256179001	-0.048493107	-0.28987439	1.165234573	1.016298193	0.386658161	-0.249346662	-0.752359467
LCC20621001	1.770905039	1.336295395	1.326245633	1.434349019	0.791546639	0.367310508	0.950831819	0.102196523	-0.346504483	1.130340247	1.010668809	0.508108248	0.082727936	-0.513441671	1.026876009	0.971939708	0.492559235	0.10982804	-0.374296418	1.427219193	1.303230313	0.685325965	0.09209347	-0.441848973
LCC20631001	1.94241801	1.504839532	1.555779911	1.682697852	0.753671214	0.286214325	1.127661269	-0.199132448	-0.359915712	1.291347197	1.01752226	0.545353962	-0.201202198	-0.570418947	1.135574472	0.80230248	0.363465698	-0.163926167	-0.363844726	1.658476444	1.44015832	0.935597339	0.044087739	-0.478433326
LCC20641001	1.724799605	1.363538051	1.394406644	1.481663524	0.950869038	0.332393928	1.29108394	-0.095529384	-0.385141548	1.464110584	1.181417193	0.429094035	-0.339432662	-0.897210133	1.315801597	1.02419097	0.376357781	-0.100611055	-0.365202998	1.571016838	1.267673219	0.5418665	-0.247179054	-0.67714428
LCC20651001	1.892425749	1.552025082	1.595232334	1.666457651	0.883712615	0.442258592	1.39540463	0.41168274	0.050996061	1.587807536	1.11179014	0.406132384	-0.113158313	-0.764088413	1.425235706	0.964970075	0.42165115	0.356629624	0.068825108	1.672332201	1.327885816	0.679944912	0.262415594	-0.356525527
LCC20661001	1.651183983	1.383635837	1.464769739	1.428113233	0.8090025	0.523530465	1.119737038	-0.032023955	-0.512746302	1.109245917	0.904330704	0.639518623	0.041837256	-0.481171735	1.100633863	0.922990771	0.669228529	0.141742526	-0.24502552	1.28190282	1.026708173	0.837559737	0.149974614	-0.302536142
LCC20681001	1.576186465	1.342675049	1.443897908	1.383528731	0.822813926	0.30286746	1.167457065	-0.016029017	-0.277570228	1.235270018	0.904617114	0.327844377	-0.240446738	-0.591471194	1.237487583	0.993611559	0.427549273	-0.034007381	-0.325741709	1.226208557	0.898953077	0.438333186	-0.197840017	-0.507003566
LCC20721001	1.829996664	1.618585164	1.634405431	1.70541259	1.285172917	0.435605127	1.642105507	-0.134779584	-0.377289407	1.791715932	1.469759389	0.625635797	-0.094296057	-0.4482192	1.640279885	1.33057511	0.547377804	0.159869647	-0.138440206	1.686263839	1.37284048	0.634100155	-0.124162667	-0.502510463
LCC30721001	1.585023731	1.318681726	1.396651567	1.306227822	0.874622364	0.443103213	1.036160116	-0.250377197	-0.782174011	0.979492544	0.90934361	0.493867548	-0.288878535	-0.846907568	1.008041801	0.984555214	0.573288955	-0.152020619	-0.522417905	1.190411716	1.057882882	0.688430915	-0.151794077	-0.844031994
