	Bile acids and derivatives [ST04]	Ceramides [SP02]	Diradylglycerols [GL02]	Fatty Acids and Conjugates [FA01]	Fatty amides [FA08]	Fatty esters [FA07]	Glycerophosphocholines [GP01]	Glycerophosphoethanolamines [GP02]	Glycerophosphoglycerols [GP04]	Glycerophosphoinositols [GP06]	Glycerophosphoserines [GP03]	Monoradylglycerols [GL01]	Neutral glycosphingolipids [SP05]	Oxidized glycerophospholipids [GP20]	Phosphosphingolipids [SP03]	Steroid conjugates [ST05]	Sterols [ST01]	Triradylglycerols [GL03]
LCC20601001	4.063183149486097	192.21531190015602	341.7439995458861	365.02031269456245	32.88077678196639	197.35553412537726	732.9982847822528	408.28096391689803	7.146834507431468	181.03485472536053	14.922079577813895	36.177364599440935	118.86629485900501	10.791186644779962	357.6859902832547	1.006938788122365	99.0616714311177	1543.3191996406554
LCC20291001	7.056887419265065	236.10774955439894	430.3745725704628	609.8606404417205	29.21645035428607	193.7505810367703	1033.9775596735249	577.8985416964258	8.308827460251637	348.9569770895648	17.81880376800794	36.97877690662236	127.77167126873509	9.351709502046056	333.428819397087	9.741905583071825	113.5717010607127	1714.931916733558
LCC20401001	5.680656949043382	223.18073223821244	450.16363696585034	596.5374480598438	31.365500233088742	175.71408747300742	712.1865163628812	413.4203204084914	9.483839710603483	284.8371413357577	41.10574069574365	36.199324798549746	134.99817309425816	6.199807807943898e-05	359.30312604655103	0.0001659862235245	72.63131107623704	1808.787114448918
LCC20721001	7.33170454886065	214.32580087672818	513.159866903992	604.1825647998639	30.483365434455862	155.22246491216436	991.2167816592712	491.44228562957767	10.211405813503427	198.34964467319864	23.061784320532997	36.88778141853497	167.7853366550464	8.879864835851958	383.85044862195076	1.1696589607730865	89.91502961912111	2324.9285793125796
LCC20261001	5.818833601304298	182.85414313661033	490.73313788528685	523.8076904052359	28.72863554426445	158.88779508642634	901.5377590091025	423.29483695503194	9.934031969773384	199.97528475944426	45.715597852734305	39.263559013477334	122.59134125664605	10.198199301786238	361.85445248306263	20.824306028085072	89.30409648672565	2102.9985768577762
LCC20541001	7.108171710758381	204.80091425765264	476.8062541017805	612.4982276199814	39.03636275349323	136.02256783042438	701.5968504747232	399.9795359991766	9.596193108416417	197.840682420932	22.77840333628458	38.50197239751874	79.81455752384524	8.821014167918966	306.10957991423834	13.33678929148538	82.74684012722753	1850.4415511359337
LCC20051001	0.0294875375663554	112.19927323743893	299.0643231626046	207.2744526830937	35.57231338812405	72.8114381576379	743.7289645241054	323.0696728012664	8.425147480789562	280.84008997631406	16.799499646268018	30.292966247695905	73.7924145724794	9.107048491549698	246.31626113763292	0.0368457798457927	82.35669950806506	1387.2481178575335
LCC20221001	0.0294875375663554	119.70273129353298	323.9948801630675	220.74683657110617	34.44114808734837	82.37654892447134	895.439019563097	368.1019326012656	8.58729197715453	316.1189032223875	17.040379287590422	30.82590491033565	80.94380872095833	9.247692144458895	285.82030392283394	0.663340337558835	96.38696865361499	1457.5092071369804
LCC20351001	5.270391720081312	157.02046820519314	418.2241291977461	450.524833552434	40.506396097167126	98.51518613053257	764.9904724270409	457.7476040017413	7.763853165735882	202.67922562402293	17.07221972122519	38.5857043044018	94.04707787647031	8.858458928691086	311.1166598950622	6.2353209466357145	109.9170902608996	1745.1268190532105
LCC20571001	7.377730687204663	194.15275981468852	357.236485020815	764.1173710799228	37.9631674823109	130.07110830330973	585.7642751712899	359.8772841973854	7.51945471372291	156.3682141508622	22.095749152341664	31.685825774884478	105.9779914108042	7.662005901294188	309.3428170355773	1.1999928000575994e-05	100.6552338504186	1460.9856818237013
LCC20691001	6.522211132344858	177.8189952965454	487.2622619951848	622.4545503726625	35.50510991066798	136.75686139528014	1042.0722237256496	529.256229636893	8.983281616743907	370.9254959398646	20.283223713228725	38.22633687455949	109.34559191448167	9.060337734696043	317.85059140526715	14.923958814654624	138.14365607578281	1705.839718580976
LCC20271001	6.5460258210540445	172.90168301923677	438.0822870632446	594.6170292196188	35.22850210318724	126.38229063672631	830.4232731694567	513.9337067390272	9.940359680546129	209.02890165193506	24.129549044145218	37.96751734094342	100.45329528811732	8.927925056313251	275.03547637399544	0.017621819690407	69.18205890829296	1902.195355794316
LCC20451001	6.949307275466111	177.6574080706692	297.43851257190505	664.5902520431715	41.448121217525696	111.32880818433335	637.770912749213	384.7406712223383	8.482669996905509	264.3143023918866	15.537171644748037	30.316032470761307	95.81932898102448	8.742862599187523	284.8225480305195	0.0070113628491559	85.21260938347818	1408.1415876607223
LCC20501001	6.025018133834215	173.8776646642347	418.47897027803003	590.9749738755962	37.911375126175386	130.9795848249224	714.438780043055	387.6003608717049	7.429473412581549	186.94202821905324	22.804920176085247	32.192685387877326	102.1933569564209	8.253768666130842	307.8128865498721	15.773871992103402	77.10842612850219	1746.4527845156015
LCC20071001	4.4747697496576455	139.62667149042954	439.5156036752729	371.56309633729217	30.368820436422116	110.2676102580211	895.829381499525	581.9259081072845	9.685359894321095	297.94552467834546	17.151438656425718	31.47114888665775	91.12762262972217	9.406528531669426	281.1655572942953	5.352509338457681	109.88794232191451	1767.733200540162
LCC20241001	3.2728071505893053	127.50150331525886	374.10962564736593	236.88616686098067	37.29731646293486	77.5804044616562	830.9057455962475	434.1472058456724	11.451307913377764	329.4788377358575	21.4313745261501	36.446238003880666	65.97376138836009	11.316479578139363	236.86810178970055	0.1107261946211105	86.55909273913542	1653.8149897518872
LCC20341001	4.88421932668532	166.49413878232858	321.1300717935083	306.25244191215637	37.00427280441292	68.79453190190141	602.6199380421687	308.93785335925503	10.291538619916572	192.6006052028378	34.9150785163998	29.71850605531291	82.59582697157856	9.036887793980988	260.6708630780784	0.7153493775649803	64.90995121688391	1395.4648656592442
LCC20061001	6.77448093560334	194.4794597205616	391.60836629042427	693.1083601928055	43.0575780928389	132.78171052945635	1214.9063412753458	476.55725032666635	9.01586814875364	304.637170014958	20.527883508139787	33.717011159324024	127.21719573516016	10.176850532192086	406.1729151662893	24.714192833138505	227.45130591256765	1611.9592833346123
LCC20641001	6.249122865576157	130.51523826380583	355.25151373093667	546.9428470774085	38.15550273826835	116.50962854588853	640.1806298159421	322.4063952978568	9.28868468650394	233.8645886131465	23.51824478387299	27.44254812435138	90.52363330509846	9.583721427686807	288.53253087382075	6.999755011432733e-05	90.10115475361651	1523.7492064191474
LCC20191001	5.90244995866575	134.06509156521162	382.32635603958977	575.6882558956986	42.430233826761	118.48211876981861	621.9384690053542	354.9536260608918	8.449952685068817	197.24587286666338	25.899244852980686	27.130380202421133	72.14458903354675	9.698990248403554	292.4420872081613	1.9999998000000264e-07	106.99653578727195	1530.0169073754748
LCC20021001	6.682775155952077	203.21563678564272	405.2754572440906	606.6817161961446	34.139316939713154	119.56503055426487	1323.0636617084622	537.8628275076264	9.856465539121432	330.8176966133719	22.35567881593006	27.535941724397624	141.16141825443557	10.178774773244552	416.4661608096899	25.206177344627488	191.5508905167501	1750.7555036413282
LCC20631001	6.216408594555786	194.0519672496972	378.276423432873	531.4635744804185	38.7425479391986	94.86178221943484	694.2571346755266	322.52394464660676	8.522977553490888	148.32322786949	23.992415916254764	26.509948632274984	107.93866314935822	9.08772227158546	318.12655453481966	1.9268793495377128	86.90835869406118	1690.8118078605207
LCC20151001	6.590551643168769	183.42983712582037	305.394978601462	584.6305167546906	36.865438654994705	126.60208366209588	807.8533635077449	405.3230880374783	9.057203089005498	237.06941744256025	26.200642809350057	26.45731086679699	115.64965373474482	10.177432248832234	330.88835208537614	14.337802464204156	144.59829227687266	1420.2890518994939
LCC20471001	5.746505419624725	165.07767831546215	401.0464040393094	454.3897425489841	39.249746381386764	135.4208776852057	848.9956895494049	459.43610754668947	9.499970606252797	206.81054623746536	23.063516130142677	26.863335926259992	95.20223468395346	9.431722697241923	374.35197220584433	8.022137136815282	136.3737554878969	1545.1985143020822
LCC20361001	6.5915634666704	209.55069939242304	388.10204577511877	650.459005582823	33.397074321203945	129.21081431021454	1265.50006374869	509.83576284150826	10.027701538433057	326.88615055950066	20.75991437496112	26.74060180209152	95.36432113431863	10.363866979205277	435.2661942333582	22.624781579573863	231.66330836177602	1924.2920912910356
LCC20131001	6.401738029765638	197.845807349437	325.2016979103147	515.8227051933944	32.88813516947698	117.52018824045835	1163.3129047610744	482.2190426903349	8.63153573348959	259.27874862812024	29.430707853079532	26.59590815649576	137.05556670051863	10.483659333664264	469.7695875817569	26.97679569415866	225.94485570607873	1495.974516479739
LCC20371001	5.99124168227546	174.46508539790256	386.5789393732131	496.15705335560955	38.74646725688136	82.11260189477618	1026.2831850764912	458.8688344640012	9.91275513378466	304.3184658933214	17.61980608441045	34.866821411568814	102.49770108001715	11.209136371503869	324.56390472147535	0.0001389903403951	143.87097314830947	1783.0445950851522
LCC20441001	6.269890260090242	169.92857930234985	364.217160533966	553.0871811026715	36.74779887274257	104.2544635604102	756.9631867468199	478.47114360326486	7.775402313080134	233.15265241913798	20.054260097557485	26.885463827396517	96.73998916722134	10.089646365428557	313.05268896556566	4.908862320691446	91.95746218343108	1497.9785908727936
LCC20041001	6.015503863419974	196.0552789292881	401.838762429676	532.2771385193383	32.392404682199846	117.90849870968103	876.0680765779515	439.37199893419364	9.125761327593034	260.6558339954488	18.620965191704254	27.409648400794893	113.57466291528601	10.044910835207904	387.93000777030807	0.0210528258643288	141.56186067711286	1654.3422842935095
LCC20711001	4.554609139231269	130.83083307498106	379.1461440369393	215.55404808094173	26.476621565012238	85.94666798660786	655.9984888409838	465.21471734949654	11.334391727335031	302.7171237546301	27.718311553099262	25.928119789210992	81.98344823484832	9.190234964618746	230.5441636376961	1.9999980000026667e-06	61.68408788092027	1556.0817499636385
LCC20171001	6.982150003090016	191.76686609468243	425.3346805977757	714.5829110660976	30.262685329224432	139.41691671942414	1007.95458426055	535.0217409754517	8.890403180974932	284.5163691112459	18.46847931909548	27.407989276606123	141.41501069513347	9.759807835765343	346.696297532058	7.801783168222641	161.0739818520245	1795.2014810614344
LCC20331001	5.78028054135225	150.1688824889581	344.141549392197	473.9473504225081	29.565917320919574	97.81461890719302	797.852767032212	543.3045629911667	9.847497589891129	203.26847807419236	28.90638380302394	26.280291555829315	126.66721165485001	9.897581986658135	272.4100904181008	0.0026215607049515	92.29451018357506	1723.9804420904172
LCC20551001	6.347614180845468	156.13201615916557	561.5078149812044	520.6045302536999	35.92282814728592	91.00269040962337	1027.5884647375842	690.347400227817	11.018192186867887	323.33203297699316	20.309706632007238	32.742244458097346	88.20686989395351	10.578404086136624	280.5175015077086	10.904891878181305	65.98173177882988	2134.7700343977217
LCC20111001	6.603621290207023	176.57041550715493	432.7940149701288	597.7742195382871	32.484497471959884	110.69972039437451	789.001989833994	535.4975736872856	9.681859356428545	293.9206623808145	25.781577940930358	27.522415800504184	94.52814306235723	10.061359173225766	299.4924781356859	5.23934078908517	117.18948375458343	1738.1483094961193
LCC20671001	6.6513705083558685	193.52169006716446	395.7379705265475	623.0010604931038	30.23214555962946	122.27654459182918	862.8165090158273	574.9816567775513	8.44648992911593	253.3276300475391	18.480972503938837	32.341420371340995	118.59541555226156	9.0763010214486	301.80697269829676	9.66036769518696	106.72320933763348	1755.3783676453952
LCC20031001	5.511304079367843	198.72448729676313	361.452457858738	429.5783993952634	32.47610946492357	122.49698320874033	1075.9975815600405	634.8121775678579	9.995814288840958	328.422713323877	23.8062766684043	27.590021464333876	116.34398415790946	11.03721534342426	305.2458185630194	13.57395642482078	186.11223713137937	1515.0881895998782
LCC20591001	5.527020435067478	211.19843486012036	349.4066309052585	406.1016476498966	33.119420315143635	138.13390097173732	827.8864006397467	568.9847107632785	11.313458253394076	350.0622535650656	24.103417740961213	26.645706662176988	91.37840274651492	10.15577023481891	288.009271929466	8.448395767828101	114.45778395630555	1554.6795149178702
LCC20741001	5.4006503513558695	168.5303226007	374.6648484144397	390.29702768985294	24.823187078282842	67.67385448695396	854.4463946975344	429.39781992886344	9.813249585553647	235.31156669526618	18.779251200492872	37.8744219679606	72.21499508951676	9.666272246668546	322.450067290098	1.136120639128968	102.34238146368303	1491.0721950048228
LCC20211001	6.992658747225641	187.9727241673304	316.78040725748843	588.4030712324691	28.935114963195826	72.52572565973149	527.7204231622334	382.7335404605507	8.436854059663425	149.86650158223998	19.676854641153977	38.51096164217538	104.29614992058376	9.582137037029844	298.97345917204234	4.302565076850054	73.10423022278525	1150.116388744231
LCC20421001	6.762386241086484	211.0605386823214	355.4910736726871	712.9288437833818	38.34446414434568	131.64626722205708	777.998126692552	448.39331218319813	8.95403289015276	272.75053629871167	27.928425099551436	40.91505460816225	96.56933875533377	8.994300343546373	300.6575500799715	2.8451744649613664	161.23589144985763	1453.134896102694
LCC20391001	4.051042011024543	135.1050858036426	418.8019017089373	317.97933648337226	40.06199553300318	69.76175700630768	825.8095497361891	344.76909047688144	8.634442771743958	257.92650318622464	27.417943448481505	38.49140415656886	83.62612386074348	10.895581583473469	249.76913205382948	5.328378809434895	119.25212889603027	1800.4183399760161
LCC20201001	6.473666300807107	236.71337475216694	444.18174033131476	618.3559410626682	34.668541836337496	138.8951190841452	925.06507241978	501.2643976047569	9.14611951962987	285.5675226830747	28.30154160385193	42.08668388418657	109.31951512991616	8.204233877678694	412.49477863485674	10.69250545762948	193.59093999326856	1754.1611597446008
LCC20411001	4.750318110927381	154.96560239046457	360.37216984404716	315.197798350626	34.7860590581645	73.75817788231615	724.8853288726325	315.33786924212717	9.324753927527173	260.6887284494008	27.332893813329488	37.271854387134084	80.25860939120336	9.273545101321318	280.2451649556246	0.0130958734921148	132.42368015552424	1555.7330290950829
LCC20231001	5.997377573161378	197.39624499460828	346.5553236255629	506.9923322145794	33.719299840608706	120.66291033490664	853.7329134208649	408.13208362250884	8.483169174862729	204.42221456053394	26.28195827180322	41.199780313833266	107.06230132565453	9.450298305835055	394.60272099259896	0.0040219013012125	182.1714406906075	1363.8359905257648
LCC20491001	5.46232502633675	141.12829543823779	236.5927372385833	369.53247574631655	28.83052807525711	65.03936309761981	652.5303109707335	328.8487938544623	6.778278154978305	222.81078642115193	24.256500501604684	28.98548709410153	75.81184199470904	8.149175165276288	309.0980236095438	0.0223249338010203	122.1783789126541	1052.203576017794
LCC20681001	5.711177967129589	212.22792712863261	366.678325307202	511.4461843918436	26.107027351894395	113.35453054587853	824.1289687583445	399.450657287269	7.216420178344004	237.37198165112966	30.00063477006226	38.34628752739349	91.31338408967522	9.811220164123185	381.47175852281083	10.358521220642212	117.21160703341211	1407.542564904356
LCC20101001	5.285076532321702	208.1090568051381	344.70109651528384	442.62994309593046	29.611819946638708	114.2792207205907	832.3105821390836	425.05719182987394	6.25399749157897	217.69519571658248	26.70573851701514	40.28435832730627	103.86403175563295	9.688358325373915	321.53327931135414	15.791206061338574	140.30021983127335	1530.2754576237867
LCC20661001	6.108607473493688	170.44746439972803	346.2690927408781	572.5765567448174	27.91936967655896	136.3953308985906	707.3157417521462	352.5723305383195	5.645287821387041	186.53383471125224	24.62634086602225	37.695647218423005	78.33618114911488	9.194747894159844	304.9601883952703	8.564016600313648	135.71295228101468	1448.14518306766
LCC20251001	6.534758298087511	220.58448370797782	480.5298817223492	621.6162094585055	25.565018152387026	114.24928018153994	1066.7055265840393	496.0715865114891	7.999359566875367	313.66739864597423	28.05098321195301	42.53590415916808	88.2012169703754	9.624739115796272	386.5371634498853	13.283388545817015	212.3955105879662	1762.7336041708443
LCC20481001	4.004312135544693	218.4678408414024	301.56669570378205	244.51767673588924	27.488765123563113	97.64300432571532	769.448887738903	379.3439085580235	0.0001073942330329	166.57296177323434	23.398822721221375	31.53688017555717	78.65133482340129	8.920273477295085	457.3628065808345	27.6878564962592	256.2274922957232	1507.3059178042497
LCC20561001	5.877124208252045	189.35436590937798	235.04402452468204	492.33752164510133	29.90512576943126	93.20363459317032	581.1368149195214	293.21607814900733	6.395738405960413	159.30018358832	25.183785997191503	32.33635774322314	95.18597265585244	8.237991098093005	292.9698032584847	5.88807911856972	104.09812721601558	893.4138196848983
LCC20141001	3.3173173876803435	133.82984434682027	363.7651676356495	296.83385932110093	22.65183165826621	57.022167027466	993.0563592356854	393.52482911404803	12.050955898656213	420.14340893436764	32.28926653145618	30.326604852730014	72.18339580471549	11.940365626978876	287.8808500829784	0.0159215763397975	223.30261862375372	1729.7763621311979
LCC20431001	6.606462495612466	236.3732355531913	619.0129084986335	624.6764858989642	25.38288959308219	116.85421456372183	1394.310281404681	561.570994538389	11.943281507224508	437.6673185598603	31.468164942062458	41.207216085118326	74.82290673135948	10.824010682125731	293.45522921608483	10.280641283956545	119.59301462634348	2194.1275807208017
LCC20531001	6.120986388150562	187.44097200833315	290.8968581943365	561.690502305531	25.283103438299136	125.61205625574817	748.3260688143436	467.938879238487	7.063776692466954	205.03531784450615	24.236160254832612	34.74386904067024	69.3973142528535	9.348798774677764	287.0287155933119	0.0953301796043275	77.29121645418721	1338.3396336410644
LCC20011001	6.753723182456935	173.0572532165031	312.9641096482965	566.5742593257036	27.737568665540685	100.592750508656	591.6427139357266	373.09348127176077	0.0001073942330329	167.72597405576	25.476838617061528	32.266155771504735	91.88712674020769	7.682882933149311	336.20100380458	13.206028318647553	99.83855253924706	1158.7342917074313
LCC20651001	6.5280001842731625	195.698695500874	344.5556751209087	542.9782349606614	26.02928084820894	98.4552944589318	636.8084727448634	436.0670363224149	7.391486359766131	224.25845198256124	27.72565608443199	35.875289948062914	84.4621458670103	9.642604442712331	346.56387316284133	8.071070804283975	133.5262687617642	1556.8265678625453
LCC20281001	6.763765087296394	178.90633205934083	344.7385456465117	607.9860115038348	26.031575613896553	139.44718477657472	938.7037668901271	471.90023604278423	7.1169996790643095	275.2770417059097	26.911719124227645	39.84170378722882	90.7307131501939	9.782913899250854	342.12686054087106	2.0691700955246675	165.8969297036291	1540.531812485427
LCC30721001	6.27517256407634	186.30876932851066	339.36564272369503	554.9909680342246	30.128570966857595	71.18089125910106	759.3643468181315	422.4041613480011	7.472978183332309	320.721126930509	31.295892997828666	29.786647898417257	86.20669469690624	10.362434125466436	303.90539207670105	0.0966919519900119	160.85782157718558	1418.8684359818137
LCC20581001	4.8882748957814846	148.50294455634028	269.4837770648272	281.56127906761805	32.06617052221194	91.21641296321809	613.0926192457805	333.5555555613437	8.09917648888352	268.0503243188201	25.96127132013555	24.81403736642437	62.919880722176764	10.125545217208783	266.6769650902933	17.64554973691968	102.66471843221706	1090.936786792212
LCC20161001	6.747030792625458	193.94700422266774	446.73430127293113	666.4834753503103	28.26134429095327	124.38556864280434	942.8506462552999	459.8011992678282	9.03015291241595	290.9195189709496	28.58192342445524	38.825375311678094	106.20807129691069	9.705429000781868	357.581200159967	19.340258900671262	156.2367940852983	1754.717406471941
LCC20181001	5.70229985612031	188.96989849954286	350.27285899347925	525.6170407027072	38.71556520671575	131.296468897163	598.1690599726398	428.52833228348663	7.53881040256914	199.48092164871326	27.53143911852045	32.40000700071325	76.22894478839805	9.232676798548855	304.1807362032618	0.0004738876974861	89.81442233629842	1234.687716031948
LCC20511001	6.440170745363713	198.28090473032253	322.1556153222567	636.5484966079298	27.44340224487064	126.65090076368053	1019.2904628330722	515.0134876739949	9.310860802999173	261.26539911949874	32.06713002959413	26.05344935855281	115.71104934478416	9.429467012937684	369.141633681441	5.702416024822051	202.8455750168462	1426.094715894575
LCC20611001	7.053999076498111	173.45325084462615	463.4498652484727	648.3093322388646	43.02854761598471	120.40179241318852	897.4601988261987	449.4657300833586	7.324537373742869	266.0109179502853	26.90811873213985	37.01245166878594	91.85380869846102	9.136678068928	335.40945941594936	7.244835934050733	92.06835224496928	1898.9842514419588
LCC20121001	5.614569428498011	181.7229938188223	322.9569852516772	481.4903242123831	39.97620767631746	112.5518816640681	829.1805730909426	415.95370017197286	8.376766864986863	240.49345051468558	23.494768808008033	34.887540879873654	102.51630290439714	9.677619357311052	427.28000646018205	7.903571620673158	167.09907622779403	1332.989210493089
LCC20701001	6.321586964444355	215.5935310133504	370.65655500464067	571.0961793531669	34.88984679783177	127.6045019846236	788.184922395464	490.45604552276245	6.617209463262409	246.4221276006175	29.956447502934772	32.02348667523279	98.45669021264396	9.908827024997777	347.1234043426619	20.041042488611595	117.74041207150881	1465.2919233142802
LCC20301001	6.641109468664512	197.02921395974175	544.5056946744106	628.3279905764538	36.283245573231945	107.87601258731988	931.8561630741283	571.6751793401476	10.417886601048052	226.73140038780085	27.098982472983757	37.56993597768189	93.44128322848645	8.722959935121084	428.32175423950133	1.5950576097290368	104.2331788201239	2045.9386799171173
LCC20321001	6.704396612159646	160.83466897543187	364.6528207005487	634.150137963672	35.264354495877846	106.2342612172927	530.9746303775789	371.21143880788424	7.6662087429060435	165.79953171311968	34.75344711542999	32.99344546792672	91.18380239122706	8.725470470708746	299.11463756664034	2.5706321031098547	62.649027699216326	1474.8020770062658
LCC20381001	5.354819474232875	160.5434067182776	360.7801224017849	455.47101926640823	32.93654225923571	100.32676108008324	633.3633032970297	398.5868627566543	6.777584842298018	149.78157766015116	28.109596587699684	32.01353231221352	80.44569356544001	8.850749268316703	280.34919039926314	11.65530588982159	63.13860397984793	1482.2958946704205
LCC20461001	6.251763751960687	194.1001749647006	267.3879879886263	582.1327173775401	32.4524511959274	129.23574420001233	857.1649542703493	377.6441843377477	6.173272569982628	218.96745930481742	22.04927931410278	30.358081236869207	101.53612960237349	9.24985251785113	418.3363206258791	20.05754510895451	167.08827162493247	1314.443348925622
LCC20621001	4.623861077888363	166.6939611208227	378.4826245316963	337.5008679767465	26.862107898938806	94.57260965330771	815.8937790811307	511.03829932950157	6.487066022389317	265.6959311358232	29.583375500692007	34.6495255326031	79.84833569748399	9.96057874204435	317.485641277259	0.7600237475868421	97.68896302490084	1573.594044342083
LCC20731001	6.621845701399462	169.98320525950157	332.61685868653205	562.4705873684564	33.05982338713082	101.17660435411563	436.98735879054493	402.3562247694249	5.009498327995186	164.23542933126845	23.9315506555528	36.09570276897004	78.77158491283166	8.943295968011261	261.27459385291195	9.599539229489076e-05	59.62157028102639	1245.3637716233432
LCC20751001	6.081255151589557	218.6106625953347	486.4777465094064	584.832936316326	34.435338096287644	121.04163577282844	1138.9078557541905	601.9714542892916	9.798047785682453	340.30601633863296	28.114723789386325	39.68617213543214	98.27512425034075	10.44000825153692	350.90135399410786	14.762125090626578	153.9936195172096	1893.2329839901863
LCC10781001	5.293344251082941	162.3836834166871	363.67071282409444	502.99900469468446	30.917029728319864	119.70169240686272	836.3937784121082	462.5964543086462	9.947669197489352	199.64581227394768	27.56934165598706	33.41079479651847	98.54585021742959	10.286533082168424	352.3844853948095	3.9444245980608383	137.95328569678992	1501.9293219100498
LCC10231001	0.0294875375663554	186.09189230321385	474.56064546551136	405.1828136016043	32.94303763046233	111.69547496515086	1114.8384795122163	494.79437686910603	9.762558530225546	375.1644233798991	26.02317778312849	33.90978080884081	108.13450538618547	11.288880211745012	411.4879006985801	14.619404226824232	233.07738203452357	1712.9392262950585
LCC10211001	0.0294875375663554	100.3412080488922	277.24055495081194	238.15310032342822	30.174643705681113	66.9169962491665	584.662203393779	358.9362237315864	9.097226667319184	169.03119609873175	21.205542037526726	26.004294502949083	50.81344485061698	10.689340990134207	207.17446368487236	0.0004948775279141	93.06376663431456	1395.4264757869826
LCC10461001	7.449521671187745	188.7164501241127	323.49431234256133	742.576792108484	43.78890905995013	147.2146930884003	719.8348706396239	301.24197601783516	0.0005368558670972	242.37501097464514	25.838217192632968	31.380793067403914	89.74448407946258	10.851179277571807	375.15825855394127	8.14773777086298	179.65548425929194	1362.4738996999495
LCC10491001	5.873473447620321	201.98393060207738	421.39112131798964	514.1790665790106	26.111308556912515	123.5530047610741	856.8070337205152	393.9014541165221	9.153081441884645	288.7612077606682	26.47192383593665	33.41020475121093	105.75481214354969	10.4294944301594	379.13953284831035	15.1731326540154	122.966611285518	1613.6559132825846
LCC10611001	5.8267572100863845	160.8516243465741	436.86079276314507	624.0566891102292	22.09766231512374	106.93370642241635	669.6293477684794	389.15648413795066	8.615489300892266	153.91749245354129	24.518283384417305	33.44324019133622	90.95486523056583	9.166013712034234	302.4596060195323	5.999820007199676e-05	59.44348909450956	1691.2264392402633
LCC10541001	6.311985750441285	171.5435043692112	490.8563957281905	590.1883538122747	29.907710403265725	135.94951143866666	1056.8330954730277	374.9308862069784	10.164814556388626	289.2196412470951	25.328519569119063	33.51917190924887	104.43514192355747	11.263625069766707	394.3119215260689	2.9119701574486605	205.9445597275703	1747.035214177373
LCC10311001	0.0294875375663554	206.84522781423954	536.0320829573823	424.1952397984872	41.39029850690403	92.05920842732058	1116.273920783195	546.7259343660822	10.899026945244362	399.4547883495793	28.854436383873313	33.40365407972378	98.88179468649156	10.596784077943576	346.55589081006656	21.564684028229312	94.71458735000029	1848.2917796265524
LCC10681001	7.032172402556401	182.76310899007572	463.8763926151503	655.8487464964526	22.3539877863102	126.88822227307303	790.6219789012642	409.13704855226916	8.012708172131388	187.82996153254695	28.53912136813724	34.06024576556346	108.71968910281716	9.5781100615469	422.10147427401984	11.194443699487485	107.53544999099246	1851.8900683293843
LCC10101001	5.658142817423854	192.0145033340249	446.5784595770392	508.32693097035735	26.480734318817923	131.26942322172195	930.9823840337473	439.3503473171699	10.405489978691254	321.1463608722165	27.609758163445782	32.938263056749875	84.23861274452297	10.377984616447442	318.4559803528144	9.072572034220094	105.01084387958097	1649.5362904363674
LCC10581001	7.750626467527213	201.95228302915982	460.25875404552454	713.9111654863261	44.19710794890208	147.3133839815495	1063.4891850210931	456.9235235277973	9.67857131199889	290.4473527069064	28.282579251706633	33.3933650437282	103.16230535788016	10.255977450559003	413.32599129329003	12.510104022165686	149.8245623670559	1746.4672934559264
LCC10621001	5.646181599415231	129.05519728030856	442.32096773417464	506.9456201688045	22.112973366640322	91.45464814937503	658.2916124846539	403.6428908483934	9.320573670441116	240.37411553119745	27.080988706080582	34.120879757870924	67.24112140836974	10.526074866522285	247.90409429539832	0.0002149768908122	59.169000354187695	1550.8271955033215
LCC10641001	6.910731015084499	139.34638248205235	403.3118310148207	608.2913025199244	41.621277500026785	108.73472437281538	769.096411306705	402.9790869558235	10.338326976063364	356.3084495459187	28.70981156511523	32.677305898629854	68.56885344336735	11.95866863354934	305.057473644185	9.828690723536536	108.44511972565482	1599.6445994814046
LCC10241001	7.76511684738772	201.40459919402113	481.573566163267	650.7168826123166	35.54987946623953	120.58872534993091	925.7359482958585	515.8414546106467	9.482053163553172	273.51725302857085	30.131850921436936	33.951622697696834	89.1093356879964	10.042612436119375	411.34808450467835	0.0514523317404402	146.5701574623948	1773.564658298766
LCC10011001	0.0294875375663554	121.38752110132486	348.86518214867664	227.33118588536993	19.74987202258216	88.25596143544647	557.7806288904089	280.82016172630557	10.242317113590689	245.9251735837547	32.1663836744173	32.31431368378234	56.61560472520853	9.131291135721453	205.24786956413485	1.9999998000000264e-07	64.5486769654486	1333.7149782561535
LCC10701001	0.0294875375663554	101.22982541622314	186.0022494190473	201.90960162975765	39.43417504293358	46.2602374407396	555.8482352289376	248.81985110379418	9.74126857575392	284.7894755393471	25.241902935536565	26.555591071016902	45.34152385649476	10.658021699454052	248.13853298084544	4.416738109939552	109.04994560819148	917.6443903213258
LCC10521001	6.987448017115785	172.09980791908004	486.8287244518884	551.2530957224627	22.102358508283796	114.56524556714584	773.4891555891024	402.0068454185515	10.176339457288291	230.5302156017191	25.67227493626435	32.6997440347232	91.86823293402534	9.702398400566596	379.189456289056	3.077880808569771	110.68656332832057	1728.5391138699615
LCC10481001	3.84992815210084	165.0336142633247	309.2600117864557	309.50386953401664	21.80479409996798	110.99835506385143	763.9460001973413	345.3651346829895	6.305244288498433	208.1539654201735	25.075419940434855	32.825010402640785	83.72060213441176	10.303530122220812	321.22829183796284	12.948013446496436	94.30146185629474	1350.5695061208055
LCC10791001	7.094848878115286	163.42689707255587	383.05128271090933	611.634410577303	22.769690679804413	115.76742114528358	893.1528985847788	417.48531176529946	9.772312859398268	227.74545200484263	29.965657350798995	32.87722654725995	101.5336292833307	10.745963721924657	344.6100809946593	13.045748645852354	128.69799801092856	1725.2698328214897
LCC10721001	6.198980791650992	220.81007349327723	496.68056778777645	432.48784499971856	21.886846211137755	113.73066570434142	1173.7859542007998	511.3621049929581	10.416186750804767	345.2011192713605	30.176631107640887	33.10518091199296	126.05007959542712	11.037688604851414	400.14708164077837	17.455881538184155	158.3406077627005	1935.7999572641636
LCC10551001	8.1831774918756	122.7591331838552	319.3494530423388	592.3336037783773	33.31681149949189	123.76261358961654	528.0710973493462	286.0841798074671	4.285437592473525	163.78856595234544	33.844517076580054	31.544217750981534	84.1168364985016	9.385312957190262	309.00452004004984	0.0011403495542254	104.73449239046211	1416.0807704125727
LCC10191001	6.05464363291317	207.95915795494838	418.6169893575562	393.27756324292784	21.252009314023944	114.80282027723332	1105.0368712973054	513.2548641078987	11.016957575109592	261.3206660662367	28.547879171976188	33.1481831049203	110.52281694410556	10.780179315543329	394.92244285259375	30.298150530915944	124.71439263712345	1763.6400098561735
LCC10631001	6.202878567651124	151.10486798004635	475.2845959146007	434.14536173916275	21.947742243076988	102.02550987963019	853.1236069673573	464.4127021705664	10.01617132015163	317.6455794152422	27.96628253204964	34.15270503910874	85.43341628392284	10.553619408344051	356.28598045780524	17.781113290935334	132.08322201849322	1744.1896153185264
LCC10471001	5.809702629686697	138.76478632313837	340.41561616714137	367.35558862611896	21.43237142474605	138.1251422520409	842.4514603977659	377.70505293079	9.29222870524989	237.28245866799543	24.739576505095584	32.41140251521719	109.41054380071311	10.671728578170915	325.7427272526448	25.450719454327096	151.62552057171516	1516.4460080442616
LCC10421001	6.935814335808305	217.67314735743244	455.0835090928615	661.8295029036844	23.201186032789444	115.71342825516612	941.6294809379955	410.7736035475583	5.964783648999851	312.2546246209894	27.135779215505	34.55739121112171	88.54170544799555	10.750651292793917	364.49293970998605	5.875574203554339	147.36536753221537	1620.4359485695452
LCC10601001	6.544230981685803	169.1267881028038	380.5477003997089	479.37376549926665	22.424856322274646	115.34860784190302	759.5399881301199	398.61648129340864	7.620477674707573	192.2154316643312	28.691950351380846	33.01020529459054	79.1082606683573	10.086021639244	346.56143212694855	9.457457182964582	126.77078807790845	1444.2274184146506
LCC10801001	5.744358749389822	161.31797208976633	360.5879385021761	559.1805778643513	22.511661430348404	124.12564398395149	712.0006195952822	442.5655735311823	6.276087447561017	220.9747619385142	26.59856813614177	32.212816561020006	80.16606519885704	9.38885615348574	318.7055641704816	0.3025977781745658	83.12991898226255	1388.8664281289405
LCC10091001	7.432611167262195	122.17626027077647	468.1308803456599	527.3537752192395	21.891646540951637	100.68369903045965	556.3309360539662	333.36935860707507	6.422392054371629	170.52330261334555	24.93848206234752	34.380223274783354	54.5005072563884	8.573988095049911	226.12133334929214	1.4999887501124988e-05	41.293140917673206	1802.2400847478061
LCC10691001	0.0294875375663554	142.51472565097586	283.8292961166769	272.3967466299189	21.328875365965082	86.61144291894541	638.2828708490723	310.3867062548761	7.793673925761885	151.12487312859093	27.077945853105373	26.87906387421342	63.70413939738428	11.587090691734874	315.9145252915676	0.1535739421174623	140.36499723023866	1302.7181783152546
LCC10341001	0.0294875375663554	143.78762145708143	271.2671822366036	287.4952304969315	21.23065680111848	73.40184754971497	948.1348716884683	341.88156597850104	9.38121222351509	324.94430209205024	25.876316658441173	26.385413950580066	70.93641810310794	10.650359404060586	327.6005110718456	18.176749067608256	203.88224343037996	1359.10642766011
LCC10731001	6.196413404308302	191.74480830945097	362.8505033409461	503.366991501338	21.721431850391724	120.99585347930243	525.0120454616928	391.19637920787113	7.501679846141037	188.82971055197572	34.74964096834544	32.27399960959703	81.59141550721773	9.116180299734532	264.8014982514092	1.7860103077581524	60.93175737889859	1435.7729733132744
LCC10071001	0.0294875375663554	330.4602968519221	598.2495254373741	237.96244812813313	20.555638264192396	83.23941742154864	1444.3108678805045	597.5898491622568	12.329861535846142	441.092404199038	27.324386396415516	32.07573363453704	55.43256402965726	11.236440615025552	435.31920221429965	17.64790424524765	136.52743168215682	2061.721084655632
LCC10161001	5.91464019662926	146.60146914637525	351.99646454786944	384.07124049509406	21.76711383787011	115.75261612344983	864.690478548272	445.75157070048687	8.586353393675948	346.8997398601833	24.924470675772383	31.370315532163012	85.618791612406	10.76696052113661	320.32358755529805	13.440771136607989	126.94363776974436	1522.6116591538216
LCC10281001	6.101856603308876	139.06566464727757	412.0414722954367	529.5538691353812	22.450096244395418	98.66384241979559	800.1578609805356	394.51980398444806	7.542888400801243	175.93746499475634	24.67924653031616	33.40365720381443	84.70743805487083	10.70856121635748	341.95104957531333	8.868184732936678	122.70160687135177	1604.3181376029463
LCC10301001	7.504999371652492	147.47817146185017	335.89432707215207	463.900483735988	20.68387389156303	135.6869460945002	632.4397772913592	308.6119429137709	10.249805145582924	291.5049447833047	30.632676453319252	32.58181985028354	77.04438604979913	9.336292644720652	281.61184016069626	2.898315952390215	87.0748859764961	1192.3101424881238
LCC10321001	7.8936340712098705	188.52280516003088	384.77737823373496	648.5360238764201	42.79828588476659	127.13269816581266	679.4111218226757	321.6629459727579	8.943314108901012	198.39015374951438	24.43207019330066	33.750823063747546	85.65100719558171	9.26570792798152	372.270966931529	3.999992000021333e-06	105.02033059113035	1343.3992462496653
LCC10251001	5.753657998815677	188.6677430256086	523.7289265749752	643.7632761427241	33.193467168350836	124.84477335454022	1081.2515200606376	509.4733090119932	9.595948727271407	279.65581448388195	27.701192947055834	40.29247809204728	102.93842472497366	10.308095497017826	339.7264904005756	5.971558826297849	92.00089182374218	1969.8281755216851
LCC10201001	6.215859722813489	168.00264761697525	452.2484031882958	493.3861581183153	31.93854032165607	112.65812047600105	964.5273973809591	501.9086397259445	10.508009562259527	329.7522673712102	30.170337284358826	37.70514366187987	100.9621644091031	10.82428831155137	340.7454549617794	15.93795161442237	118.57001480331238	1827.3782663287784
LCC10351001	5.407671686840344	187.58992125181732	394.48114486018585	404.86080671831587	31.332474244252133	82.94327886110857	728.5821866182379	385.3890745484234	8.161143768655478	223.14250416419006	20.984695659789086	38.149875914883694	88.38712609743273	9.170976023427832	337.0207203025677	13.54119573167442	120.87634427820454	1624.5784554253833
LCC10221001	6.968540722689568	197.1909351834857	300.821613155577	656.5582257517608	29.198230340932472	152.7921477010619	600.7230541333485	289.41563451324663	6.996221347561384	81.47006021294544	30.536176986390544	31.210840801309402	99.21605901138557	9.611523724170048	379.33521909060045	1.0064450978286268	72.48663318156757	1283.6161156633034
LCC10441001	6.153274141712235	143.3966620815306	423.82815689119417	597.8340795896773	30.35993964380815	121.19812384912045	635.429761818458	432.62753956016695	7.610380197057441	240.18162448083893	26.189174128635933	39.23681315736729	69.98151154903664	9.268256101136036	228.35208619057516	3.6715424835862542	56.089727668211914	1511.179808674184
LCC10291001	4.051579344059608	160.7654353200924	485.9657441779009	431.04228972635264	39.069737114719494	116.88143920611937	841.2026043256013	393.0392844936166	11.178245215728126	329.34980448556325	28.506491665411932	38.85464481503192	78.43714090826161	10.056516260044916	241.21410097979646	21.17062723319481	57.47197385028467	1688.5186112756053
LCC10651001	6.004025457530143	185.33404032436445	405.601792204836	612.844828168935	39.367279753280926	120.4670878906044	857.0161837653047	516.7393450871128	9.481509246167088	227.77036360660043	43.16633288491054	36.89164861902349	100.54523398079967	10.62024185389969	350.1185222962298	15.48515085875815	113.04536115382368	1559.2817579421144
LCC10391001	4.932055413746708	134.9734516233927	410.5980242368725	485.3957395345145	49.75678343547555	128.12254118452736	742.5031747497336	355.3656384581681	9.84466324496543	234.68386370965302	30.517066084511562	38.381570227926694	70.47787753094211	10.343736780727433	272.73047315317024	1.9999998000000264e-07	84.13107602492848	1720.7586764435425
LCC10371001	7.0410083156192265	212.5274748045975	355.18897199973765	645.949800472327	43.919893670132545	130.80207448572978	919.7022625297013	465.5452635556512	6.473573199967977	228.4822842178842	33.68220559541477	38.81699142815047	105.43051416053106	9.496123354071855	356.916748477589	17.543597515750136	121.772352197087	1564.5877374292363
LCC10511001	6.604569337598507	158.75940816145715	423.01485062770183	629.2901231404508	28.42601165321708	115.42493455869015	1181.065943108323	474.25292839559035	7.785199784470087	340.7920243410546	22.518690257431537	37.20848951991604	83.51906278921653	11.078759931565395	422.7396572354608	28.702193508841297	182.62165972923205	1690.5987927393626
LCC10591001	6.5674852105186	195.30270737331907	496.67703276660393	656.877950425893	34.85963761837265	131.2239534176029	969.2075625290539	480.61274658735	9.480804522845167	278.7872368244121	25.462435182764544	38.09917457917848	93.25427604347627	10.811843197314673	385.9071197790167	1.3353402197397723	146.52352241039497	1773.9778042620908
LCC10041001	6.894804641316491	175.0280285261892	303.63748410183956	696.7663984318166	26.970282852455107	103.54828539459687	885.4330518606895	430.88206734882425	7.081410580361736	184.7991402150222	23.98848204937642	37.68875284776401	92.10991792706399	9.767478475843058	384.7406407646489	14.466609693070486	126.22329164592577	1328.641597464106
LCC10431001	7.021491765055675	200.88344513790116	493.58059662517906	676.9460869805094	29.13348457105519	134.36074198749594	879.6481956220546	456.0360518720329	8.955706689045176	306.2668828935524	29.6300950743585	36.58979471639668	104.1891393453489	10.304012841335531	387.64870746422395	0.4395798592774407	108.63941001843894	1795.254546613519
LCC10081001	6.412141245103733	181.43700383609047	438.2920840243081	598.0581123105093	26.714327402963182	119.18205560019024	1162.894323670713	507.53092697203147	8.178798335626704	290.63057031760684	26.15446363179574	37.733037884653754	102.47703644938235	11.202615088880462	362.32693267011035	6.001601207135445	131.8425817634951	1704.2910474873388
LCC10111001	6.3391311071222125	192.82750681066173	357.71106682117744	636.5603176665458	34.86517701802636	104.66963288933226	942.9295238621406	428.2515004979944	5.891314737665618	213.1032950638011	33.74990594474844	35.16376320912469	121.62164465856037	10.73272055924114	424.3497096584091	11.327833596343517	190.46397375615516	1672.4607413259932
LCC10741001	5.559473686359436	150.98702479485206	329.3112143188534	483.248240709494	28.522621228449978	96.01932127912428	568.1687965821502	376.7982434774792	3.755128839014111	178.1504503606849	32.154471457038525	36.73086634843546	71.55482351604452	9.96505643061403	248.54797935544477	0.0001079941684198	63.66244506821705	1552.1749012606504
LCC10401001	7.359944542978064	209.79725305803115	510.4791821220842	575.1048222641015	29.15411195918169	111.9360050071569	933.5348455476092	444.2752865424368	9.639347520451176	297.7548239748093	28.47685631139568	40.30406755297755	96.34257335844839	9.744233760904592	388.55895561618973	2.3148232009280147	151.61195494207647	1881.9994070531263
LCC10361001	6.506801388513044	168.80041137269356	391.82887823042915	553.335747299084	34.879816675328094	98.09089467638759	608.514163436705	340.06721535653963	6.697765511092397	176.10253956381536	23.123067655807656	37.654816076035395	77.6725087672766	9.218401635803868	338.3511012772022	5.165622783700529	144.8823078298526	1431.2787724532218
LCC10031001	4.028916151917256	150.29455096660803	368.21091689825397	370.60528920940277	33.55653515196155	104.86194939839503	711.0600829833506	371.93173748954695	8.573741767220543	268.00470098010123	25.532869552191436	38.87835197538536	60.3235947320527	10.131281574151298	292.2307170301277	0.0800543999128742	111.45295632675285	1427.4694841022817
LCC10051001	0.1394427610074224	120.97051905913149	346.7814055714747	206.0874692055403	24.722853759960877	74.836472104308	610.3447921089725	396.1148678321005	9.257142022934488	214.31054223188934	23.49389556704361	38.17418572446317	61.24272694924467	10.484191386752846	241.8624534388512	0.6418044112643212	41.94632569153195	1535.2887610141333
LCC10501001	4.507414414159919	184.7133741170472	392.54108585935876	302.2254480693484	39.975646790697795	96.16432026727612	918.0328582868633	431.6482741089755	9.250959386185327	363.0433018805864	29.014610639950174	38.77145695259895	100.74252858654187	10.88019612865206	386.43410017391005	0.0026474922974121	129.85238066391562	1475.5615363039062
LCC10151001	7.826161111253576	141.74509596298446	382.1934547507805	560.2840713370979	24.225946338857945	103.03019160614923	889.3239618380941	430.9267971753455	8.092809495645682	244.8368737002611	20.633760585849448	39.6965413050063	79.03942311462727	10.59526890264918	357.4099633917374	12.837899232710244	130.92270385522556	1656.6592244401284
LCC10561001	6.727557504964158	206.14969046185206	418.5234408358462	609.042509853021	42.269386839378285	122.16047086144533	1024.530994812329	488.6512665526426	9.207958264509704	324.95527021744317	27.949548827823936	37.53905532013194	85.77991417501849	10.034946974260697	361.074563609745	6.139362972261554	165.70231474746038	1757.7265749243782
LCC10271001	6.469249464082231	195.23107260723404	407.09102825216235	511.3749740863033	27.530670713387924	112.76129201121583	726.7415076941095	377.49112546462754	8.855053721768739	271.3707612835588	27.774462983294423	34.92981864011269	80.54866195913903	10.03242608877444	369.2320086940283	14.548911843147447	142.79749252098546	1597.4004807168947
LCC10141001	6.5223892189390575	140.4139694121026	320.99674202373814	567.336560213558	25.784653179714745	110.54383824493208	684.813435369337	334.153170132016	7.399036537859342	195.86562942102822	23.16030466187374	37.64299526100245	66.54739075278312	10.13452916556582	315.4484511258821	13.168989322820918	108.13010035141917	1419.3561161685197
LCC10121001	5.598295747330313	109.38400118855373	355.8537556990103	336.315058974815	31.792488645973513	140.65562149320687	522.6325520244549	285.53661258614744	8.985590813848138	178.5039539391107	26.756222449868076	37.73051710789831	69.9264012960239	10.22134265058236	245.81317457209846	2.999995500009e-06	61.47158748746583	1432.4293417781787
LCC10021001	6.648931169066359	202.07267291012866	428.06095398483893	626.3798442662422	24.796486038093487	149.33100292632162	1187.1043215241152	500.0615669959812	8.1724591570583	266.10828648534545	22.925307109972493	39.07675278861991	95.62001053406473	10.099085935005194	481.46678085254683	14.170778486591042	178.90713615884437	1653.0317905731476
LCC10061001	6.433575010107544	142.49683811714658	268.9351393341919	497.7694975786476	22.056136019698336	94.78805266208245	525.1120918640128	294.8608788191338	6.151529556329692	195.1597526066529	23.69796853050339	34.23690527134709	86.59259513161318	9.7651730507757	256.3074532898824	4.469856165426094	65.92326515204022	1053.1014229810605
LCC10381001	3.7419753827796023	150.64073913513263	303.11340325279656	238.28442211700562	22.693705134735552	72.04031834881033	743.3777084510342	423.7913798045978	10.371382526442536	358.5104510931499	37.77055933087914	36.567409979248666	89.49782687976838	10.740811812437284	310.2128343593598	4.078031948736693	82.88677962771335	1353.7766226554036
LCC10411001	5.896849975312299	119.99449914091532	267.30794526392083	344.86131683209106	24.274679759849057	92.4794877094809	689.6770363677996	429.0403329872841	10.171050082120294	372.50992300983137	26.788400053180393	37.95199444127982	79.1952361630154	8.880390282656473	215.8826947107225	1.9999998000000264e-07	53.99496093719408	1081.6191877074803
LCC10171001	6.2855071900498825	193.87938981594613	398.7856180999642	461.84558186326	21.890483708726535	90.00147750697126	973.5999643689321	402.97223657638165	9.249370671905863	258.543449065379	26.2265416973889	38.80295586780364	82.72779195702942	10.519055332952414	377.5607482492283	0.0033862601440652	101.40415327581937	1722.5766574503955
LCC10571001	5.312650790470372	161.88538764465957	341.3890505923693	329.5961450392154	20.069613670525897	73.43350878150181	861.7425926876008	391.6474823743859	10.35218641553905	352.0696334429623	27.495712099173222	37.79316395409976	78.44102129596706	10.87121433123822	267.752057976	12.7539071984701	62.99572733261612	1465.0790478952315
LCC10451001	6.201234235665582	163.3891483829046	365.4117792850508	524.9561204627745	41.473663543362264	132.63285004615062	644.9350285378845	389.73242804965605	7.835362124642795	208.9723025874421	31.053649978883335	32.87799067571897	104.26622725829839	9.349066263401074	330.2364674767642	0.7718622380651299	81.47011550801386	1380.5862463468054
LCC10531001	7.085080741053474	194.68852589621528	309.0720151508824	601.320369275079	22.14226075271759	130.9447673267701	700.8300794291694	377.9390572396525	6.698121625392785	195.0953762764323	33.26388136864995	37.927977528106695	100.63257626976923	9.196307321187618	354.8796354979942	0.0103769725019426	101.48896724711659	1233.8275952944807
LCC10661001	6.213953782404147	204.9144767484434	428.8629657882282	481.6723566596096	22.362723870791978	129.51348825518596	798.1100539930331	574.509474754132	10.056498199601483	233.50058595680994	44.308640829959096	33.789930711694296	97.9007224324491	10.203616774646116	362.9502547133908	9.999995000003334e-07	66.92362510171387	1419.0399715640012
LCC10671001	7.142933558372595	185.8797888074365	497.0105051623939	664.2074398316913	23.01778032255521	130.89792255409168	1014.9466540665376	417.08101628369064	9.36919342421414	267.37862319091954	31.621589328382296	39.53514687070391	82.08146505939261	10.848754161677276	398.9484267597227	0.0015557891322178	118.53416226200034	1658.4865972297132
LCC10261001	7.42950198504189	158.27347416789578	350.297058478205	463.3524705956483	21.898444890205415	109.60933006621241	750.3601100285276	377.28947597998047	8.576962199111048	208.13706047499463	25.156550172335344	39.009424543327235	95.35641021073143	10.748142125192953	286.5465796831815	12.986755980605558	95.70009884633973	1536.958942731925
LCC10711001	4.273628691254899	155.3085972952582	501.55308937385246	259.1518933850551	31.845824748049743	63.906848422441634	948.9893144532842	465.4596561161358	11.07560799497073	313.47368315725106	29.11630961268182	39.495589707084456	69.57251489944738	11.04481943563041	291.36124667459154	1.865756244723467	70.38016798668131	1960.874861722686
LCC10181001	6.646683574498957	190.9178103893815	363.42875340052217	540.4138199908828	24.34292292090806	114.05494130666254	990.6641941831197	410.48073341414806	10.181134026298542	272.4849545395542	26.84097377467179	31.641348629412718	104.35959279636357	11.110769449401204	340.6086638520344	0.0018572741980129	86.5353530414817	1520.3613266672996
