Sample_Name	Euryarchaeota	Actinobacteria	Bacteroidetes	Candidatus_Saccharibacteria	Deinococcus_Thermus	Firmicutes	Fusobacteria	Lentisphaerae	Proteobacteria	Spirochaetes	Synergistetes	Tenericutes	Verrucomicrobia	Apicomplexa	Ascomycota	Basidiomycota	Eukaryota_unclassified
LCC11561001	0.0	0.5919231775757042	0.059743533076444685	0.0	0.0	0.2504095182703269	0.0	0.0	0.07973906468867646	0.018184706388847647	0.0	0.0	0.0	0.0	0.0	0.0	0.0
LCC10981001	0.0	0.07905648832161746	0.7252020232139396	0.0	0.0	0.1620137724079764	0.0026617701668655356	0.0	0.02725615766756087	0.0	0.0	0.0	0.0038097882220403632	0.0	0.0	0.0	0.0
LCC11311001	0.0008812474038968432	0.027638367163575584	0.3474644500429102	0.0	0.0	0.4604058827572263	0.0	0.00013224722295859627	0.041918562560851254	0.022889088862719963	0.0	0.09693541105743075	0.0	0.0	0.0	0.0	0.0017347429284304057
LCC11411001	0.0	0.7255710453520651	0.00224031572703269	0.0	0.0	0.22399146344728468	0.0	0.0	0.048197175473617536	0.0	0.0	0.0	0.0	0.0	0.0	0.0	0.0
LCC11431001	0.0	0.6929147822113099	0.17721254509878784	0.0	0.0	0.030734129875882477	0.0	0.0	0.09913854281401993	0.0	0.0	0.0	0.0	0.0	0.0	0.0	0.0
LCC10911001	0.0	0.6549881225933023	0.19812477156797156	1.0446640466304003e-05	0.0	0.07213871105679485	0.0	0.0	0.07369836624425063	0.0	0.0010395818972143743	0.0	0.0	0.0	0.0	0.0	0.0
LCC11231001	0.0	0.5202948405211583	0.00012725387538611534	0.0	0.0	0.4022920515487327	0.0	0.0	0.07728585405472296	0.0	0.0	0.0	0.0	0.0	0.0	0.0	0.0
LCC10931001	0.0	0.2845302191901421	0.011871806825863553	0.0	0.0	0.5132225909232034	0.0	0.0	0.19037538306079108	0.0	0.0	0.0	0.0	0.0	0.0	0.0	0.0
LCC10941001	0.0	0.09827653995452883	0.10252018289154223	0.0	0.0	0.35291734958808774	0.0009910479846880768	0.0	0.4452948795811531	0.0	0.0	0.0	0.0	0.0	0.0	0.0	0.0
LCC11421001	0.0	0.31596434120931643	0.3264795215817016	0.0	0.0	0.13814813633950968	0.0	0.0	0.21940800086947226	0.0	0.0	0.0	0.0	0.0	0.0	0.0	0.0
LCC10861001	0.0	0.40226827551056876	0.3700424649000872	0.0	0.0	0.178578701039151	0.0	0.0	0.04911055855019296	0.0	0.0	0.0	0.0	0.0	0.0	0.0	0.0
LCC11021001	0.0	0.5397731758825942	0.1063612704910179	0.0	0.0	0.22094002843925234	0.0009060699789580055	0.0	0.13201945520817765	0.0	0.0	0.0	0.0	0.0	0.0	0.0	0.0
LCC11471001	0.0	0.11536226016019946	0.6558613748032915	0.0	0.0	0.14213681737422038	9.892311833275327e-05	0.0	0.08654062454395592	0.0	0.0	0.0	0.0	0.0	0.0	0.0	0.0
LCC11341001	0.0	0.0386956141807545	0.8207410405854366	0.0	0.0	0.11338073304087132	0.0	0.0	0.02701525080635256	0.0	0.0	0.0	0.0001673613865850836	0.0	0.0	0.0	0.0
LCC11261001	0.0	0.34605819762561013	0.2800477309692873	0.0	0.0	0.12679587217448016	0.0	0.0	0.24709819923062243	0.0	0.0	0.0	0.0	0.0	0.0	0.0	0.0
LCC11551001	0.0	0.12253766115518204	0.3182293898032311	0.0	0.0	0.20490886341361486	0.04135180371354644	0.0	0.31228494411838587	0.0	0.0	0.0	0.0006873377960395905	0.0	0.0	0.0	0.0
LCC10871001	0.0	0.4906823012833564	0.2333039618465495	0.0	0.0	0.18184600348488816	0.000901090485703385	0.0	0.09326664289950268	0.0	0.0	0.0	0.0	0.0	0.0	0.0	0.0
LCC11371001	0.0	0.4409512042864276	3.974179246895933e-05	0.0	0.0	0.30604123296058133	0.0	0.0	0.25296782096052206	0.0	0.0	0.0	0.0	0.0	0.0	0.0	0.0
LCC11291001	0.0	0.11918344425872904	0.001582547195579771	0.0	0.0	0.7591638753662671	0.0	0.0	0.12007013317942421	0.0	0.0	0.0	0.0	0.0	0.0	0.0	0.0
LCC11091001	0.0	0.10912329865413378	0.7936046587261354	0.0	0.0	0.05965435412650987	0.0	0.0	0.037617688493221044	0.0	0.0	0.0	0.0	0.0	0.0	0.0	0.0
LCC11441001	0.0	0.17881612094485141	0.09038416123563228	0.0	0.0	0.681007249379772	5.901419110023678e-05	0.0	0.04971965741557119	0.0	6.948769941836345e-06	0.0	6.848063131085193e-06	0.0	0.0	0.0	0.0
LCC11301001	0.0	0.672338494061182	7.574933554223707e-05	0.0	0.0	0.07544563774386256	0.0	0.0	0.2521401188594132	0.0	0.0	0.0	0.0	0.0	0.0	0.0	0.0
LCC11011001	0.0	0.03354302774834658	0.0	0.0	0.0	0.48355087013960374	0.0	0.0	0.48290610211204965	0.0	0.0	0.0	0.0	0.0	0.0	0.0	0.0
LCC11081001	0.0	0.4328716079433027	0.0509493814093207	0.0	0.0	0.286140489145779	0.0	0.0	0.23003852150159773	0.0	0.0	0.0	0.0	0.0	0.0	0.0	0.0
LCC11541001	0.0	0.05640679585596231	0.40058348987597325	0.0	0.0	0.4550097856699605	0.00011502524538384609	0.0	0.08788490335272016	0.0	0.0	0.0	0.0	0.0	0.0	0.0	0.0
LCC11591001	0.0	0.21004492389049595	0.5175067115722161	0.0	0.0	0.21816894003928652	0.0	0.0012595296322103439	0.05269005616861891	0.0	0.0	0.0	0.0003298386971721594	0.0	0.0	0.0	0.0
LCC10881001	0.0	0.42158139475345874	0.41818312551965087	0.0	0.0	0.0982861946524937	0.001042951939006561	0.0	0.06090633313539015	0.0	0.0	0.0	0.0	0.0	0.0	0.0	0.0
LCC10851001	0.0	0.19951340051781202	0.4650786389358319	0.0	0.0	0.08369505083511139	0.0	0.0	0.25171290971124466	0.0	0.0	0.0	0.0	0.0	0.0	0.0	0.0
LCC11401001	0.0	0.6101288596218403	0.12783619866796794	0.0	0.0	0.11906725582093713	0.0	0.0	0.14296768588925474	0.0	0.0	0.0	0.0	0.0	0.0	0.0	0.0
LCC11171001	0.0	0.042134621072641765	0.05313259962607155	0.0	0.0	0.840175603005323	0.00020652208179880788	0.0	0.0643506542141649	0.0	0.0	0.0	0.0	0.0	0.0	0.0	0.0
LCC11241001	0.0	0.036196315353389484	0.6347189614274601	0.0	0.0	0.26283749035937104	0.0	0.0	0.06624723285977935	0.0	0.0	0.0	0.0	0.0	0.0	0.0	0.0
LCC11121001	0.0	0.012257117890692688	0.04050202928664562	0.0	0.0	0.18149632611253394	0.0	0.0	0.7657445267101277	0.0	0.0	0.0	0.0	0.0	0.0	0.0	0.0
LCC11501001	0.0	0.13937241005332865	0.014068847350840975	0.0	0.0	0.8360635390915552	0.0	0.0	0.010495203504275234	0.0	0.0	0.0	0.0	0.0	0.0	0.0	0.0
LCC10991001	0.0	0.22249066865975392	0.2069406861442917	0.0	0.0	0.40254578872775093	0.0025392851800657246	0.0	0.1654835712881377	0.0	0.0	0.0	0.0	0.0	0.0	0.0	0.0
LCC11381001	0.0	0.05667431232995099	0.6413041675982987	0.0	0.0	0.13261026964152475	0.016588392827982627	0.0	0.11612899984172724	0.03146090788273746	0.0	0.0	0.005232949877778252	0.0	0.0	0.0	0.0
LCC11511001	0.0	0.42864144349102945	0.027011158629623746	0.0	0.0	0.36431688535128687	0.0	0.0	0.18003051252806	0.0	0.0	0.0	0.0	0.0	0.0	0.0	0.0
LCC11251001	0.0	0.19260193243005852	0.6196361893271406	0.0	0.0	0.11913331287382783	0.00017897887136364941	0.0	0.04409912981556247	0.02435045668204674	0.0	0.0	0.0	0.0	0.0	0.0	0.0
LCC11161001	0.0	0.12823879111174113	0.33387501958205357	0.0	0.0	0.5045522988827457	0.0	0.0	0.03333389042345963	0.0	0.0	0.0	0.0	0.0	0.0	0.0	0.0
LCC10821001	0.0	0.11476800266898939	0.4812402338478239	0.0	0.0	0.1983988495332916	0.0	0.0	0.2055929139498952	0.0	0.0	0.0	0.0	0.0	0.0	0.0	0.0
LCC11141001	0.0	0.016998932654313535	0.45347431322665976	0.0	0.0	0.066298399155891	0.0	0.0	0.46322835496313564	0.0	0.0	0.0	0.0	0.0	0.0	0.0	0.0
LCC11031001	0.0	0.36064310963271345	0.46954229251626367	0.0	0.0	0.15984844308898682	0.0	0.0	0.005031585213930568	0.0	0.0	0.0	0.0	0.0	0.0	0.0	0.004934569548105438
LCC11391001	0.0	0.06306818204585807	0.5031843439311836	0.0	0.0	0.3947641800326899	0.0	0.0	0.03898329399026835	0.0	0.0	0.0	0.0	0.0	0.0	0.0	0.0
LCC11481001	0.0	0.1216754053747818	0.59156882622555	0.0	0.0	0.1352567515670013	0.00025679668941839184	0.0	0.14898369275845375	0.0	0.0	0.0	0.0022585273847949487	0.0	0.0	0.0	0.0
LCC11321001	0.0	0.518274187160498	0.0805891368382262	0.0	0.0	0.24702880543874084	8.03113516891156e-05	0.0	0.15402755921084582	0.0	0.0	0.0	0.0	0.0	0.0	0.0	0.0
LCC11451001	0.0	0.08545724265585686	0.057102360193326096	0.0	0.0	0.3412465942410605	4.210674480876467e-05	0.0	0.5161516961649476	0.0	0.0	0.0	0.0	0.0	0.0	0.0	0.0
LCC11211001	0.0	0.26870842687084273	0.5511820551182055	0.0	0.0	0.14322101432210144	0.0	0.0	0.03688850368885037	0.0	0.0	0.0	0.0	0.0	0.0	0.0	0.0
LCC11521001	0.0	0.009521793821056203	0.2196653247232805	0.0	0.0	0.1633067046133432	0.0	0.0	0.6075061768423202	0.0	0.0	0.0	0.0	0.0	0.0	0.0	0.0
LCC11061001	0.0	0.11260983653600704	0.2866196663708144	0.0	0.0	0.15977330223949868	0.012425191318746788	0.0	0.42857200353493313	0.0	0.0	0.0	0.0	0.0	0.0	0.0	0.0
LCC11351001	0.0	0.0209658653484374	0.525195674656695	0.0	0.0	0.4102435067754129	0.0	0.0	0.04359495321945468	0.0	0.0	0.0	0.0	0.0	0.0	0.0	0.0
LCC11051001	0.0	0.27726365701432193	0.20198023031089551	0.0	0.0	0.23582636384063316	0.0	0.0	0.2849297488341494	0.0	0.0	0.0	0.0	0.0	0.0	0.0	0.0
LCC11361001	0.0	0.06213564090174696	0.5915483622584015	0.0	0.0	0.20678760930517243	0.0	0.0	0.1395283875346792	0.0	0.0	0.0	0.0	0.0	0.0	0.0	0.0
LCC10831001	0.0	0.5588123	0.18969060000000001	0.0	0.0	0.2151962	0.0	0.0	0.036300900000000004	0.0	0.0	0.0	0.0	0.0	0.0	0.0	0.0
LCC11331001	0.0	0.22283927683938273	0.38992740997589276	0.0	0.0	0.20056647575017714	0.0	0.0	0.18666683743454746	0.0	0.0	0.0	0.0	0.0	0.0	0.0	0.0
LCC10961001	0.0	0.5035588864641468	0.3922903753144188	0.0	0.0	0.04567651810316442	0.0	0.0	0.05847422011827016	0.0	0.0	0.0	0.0	0.0	0.0	0.0	0.0
LCC11271001	0.0	0.3654643476666004	0.0	0.0	0.0	0.02567582848079021	0.0	0.0	0.6088598238526093	0.0	0.0	0.0	0.0	0.0	0.0	0.0	0.0
LCC10971001	0.0	0.09053804870132101	0.6626561747069214	0.0	0.0	0.11224162201903211	0.001639794058033	0.0	0.04826746622338825	0.0	0.0	0.0	0.08465689429130419	0.0	0.0	0.0	0.0
LCC11191001	0.0	0.35580810932149215	0.466921809622097	0.0	0.0	0.11309833071619611	0.00030743569328399017	0.0	0.06386431464693049	0.0	0.0	0.0	0.0	0.0	0.0	0.0	0.0
LCC11531001	0.0	0.4774353654681198	0.10352295544198879	0.0	0.0	0.15457132069379034	0.0	0.0	0.26447035839610117	0.0	0.0	0.0	0.0	0.0	0.0	0.0	0.0
LCC11221001	0.0	0.2886878905135463	0.44181528488854827	0.0	0.0	0.14440355417418707	0.0001725152198096355	0.0	0.12492075520390859	0.0	0.0	0.0	0.0	0.0	0.0	0.0	0.0
LCC11201001	0.0	0.4124113482628987	0.24561064892546217	0.0	0.0	0.11487615549330817	0.0	0.0	0.2271018473183309	0.0	0.0	0.0	0.0	0.0	0.0	0.0	0.0
LCC11281001	0.0	0.19903793147352922	0.023106554313475587	0.0	0.0	0.683813360829592	0.0	0.0	0.09404215338340323	0.0	0.0	0.0	0.0	0.0	0.0	0.0	0.0
LCC11151001	0.0	0.42247153521541025	0.3225268680485564	0.0	0.0	0.09601612608320101	0.0	0.0	0.15898547065283236	0.0	0.0	0.0	0.0	0.0	0.0	0.0	0.0
LCC11041001	0.0	0.05475619668408554	0.7579672295947132	0.0	0.0	0.13395472908301653	0.0	0.0	0.05332184463818467	0.0	0.0	0.0	0.0	0.0	0.0	0.0	0.0
LCC11071001	0.0	0.024487085155703518	0.5407157955364502	0.0	0.0	0.21685795895849197	0.0	0.0	0.21707024700413258	0.0	0.0	0.0	0.0	0.0	0.000868913345221618	0.0	0.0
LCC11461001	0.0	0.14547590036329436	0.5481708737910843	0.0	0.0	0.26559746277993945	2.980454839485935e-05	0.0	0.04072595851728693	0.0	0.0	0.0	0.0	0.0	0.0	0.0	0.0
LCC11131001	0.0	0.2880012220621839	0.4896212747661165	0.0	0.0	0.17618473306604554	0.0	0.0	0.046151354442250055	0.0	4.141566340389908e-05	0.0	0.0	0.0	0.0	0.0	0.0
LCC10891001	0.0	0.14355995219559123	0.7493938183726518	0.0	0.0	0.08978239272287998	0.0	0.0	0.015848587766588148	0.0	0.0	0.0	0.0	0.001415248942288948	0.0	0.0	0.0
LCC10921001	0.0	0.3330769709247023	0.1604944347993793	0.0	0.0	0.22147693782892908	0.0	0.0	0.2748657077626703	0.010085948684319083	0.0	0.0	0.0	0.0	0.0	0.0	0.0
LCC11001001	0.0	0.25466388252083927	0.0	0.0	0.0	0.497107185630174	0.0	0.0	0.24822893184898678	0.0	0.0	0.0	0.0	0.0	0.0	0.0	0.0
LCC10951001	0.0	0.3850426418065223	0.25681604573877803	0.0	0.0	0.19084988143678408	0.0	0.0	0.1672914310179155	0.0	0.0	0.0	0.0	0.0	0.0	0.0	0.0
LCC11571001	0.0	0.21277222361971213	0.5852120984840258	0.0	0.0	0.05949526143846615	0.0	0.0	0.14252041645779603	0.0	0.0	0.0	0.0	0.0	0.0	0.0	0.0
LCC10811001	0.0	0.27956029805815363	0.40883027459800086	0.0	0.0	0.28819151620734507	0.0	0.0	0.023417911136500616	0.0	0.0	0.0	0.0	0.0	0.0	0.0	0.0
LCC10901001	0.0	0.03862684826829584	0.620311998256069	0.0	0.0	0.09770139060125292	0.021488028597202467	0.0	0.18243295743858592	0.0	0.0	0.0	0.03943877683859398	0.0	0.0	0.0	0.0
LCC11181001	0.0	0.24469768116376878	0.5712178265848548	0.0	0.0	0.12062489060913832	5.940861424906477e-05	0.0	0.06340019302798906	0.0	0.0	0.0	0.0	0.0	0.0	0.0	0.0
LCC10841001	0.0	0.11581244528957926	0.08971836425650385	0.0	0.0	0.38184047129174165	0.00016620758318276727	0.0	0.41246251157899244	0.0	0.0	0.0	0.0	0.0	0.0	0.0	0.0
LCC11491001	0.0	0.25459778495490343	0.19217024503625907	0.0	0.0	0.06748271974784091	0.0	0.0	0.4857492502609966	0.0	0.0	0.0	0.0	0.0	0.0	0.0	0.0
LCC11101001	0.0	0.15520526975555662	0.6295472534271893	0.0	0.0	0.13047014367677548	0.0	0.0	0.08367293846326919	0.0	0.0	0.0	0.001104394677209392	0.0	0.0	0.0	0.0
LCC10281001	0.0	0.41353589954013303	0.35997214435800823	0.0	0.0	0.14529914617111428	0.0	0.0	0.0811928099307445	0.0	0.0	0.0	0.0	0.0	0.0	0.0	0.0
LCC10191001	0.0	0.04456545366459348	0.6260924718901046	0.0	0.0	0.18756406842307055	2.9577753999712755e-05	0.0	0.1417484282682315	0.0	0.0	0.0	0.0	0.0	0.0	0.0	0.0
LCC10161001	0.0	0.18589328174601744	0.4291938840656031	0.0	0.0	0.159881804449927	0.0	0.0	0.2250310297384525	0.0	0.0	0.0	0.0	0.0	0.0	0.0	0.0
LCC10201001	0.0	0.23074235532615464	0.3924360922268853	0.0	0.0	0.09827856958036771	0.0	0.0	0.27854298286659235	0.0	0.0	0.0	0.0	0.0	0.0	0.0	0.0
LCC10401001	0.0	0.061065135128563985	0.395585545677033	0.0	0.0	0.041085213211342154	0.0	0.0	0.5017557477320352	0.0005083582510256696	0.0	0.0	0.0	0.0	0.0	0.0	0.0
LCC10471001	0.0	0.0430289125953051	0.5390790303323468	0.0	0.0	0.15420589839074425	0.0	0.0	0.26368615868160394	0.0	0.0	0.0	0.0	0.0	0.0	0.0	0.0
LCC10741001	0.0	0.2097835515454353	0.3416846949322738	0.0	0.0	0.23784609533379603	1.8645609024233915e-05	0.0	0.21066701257947065	0.0	0.0	0.0	0.0	0.0	0.0	0.0	0.0
LCC10561001	0.0	0.24364009428703717	0.4804056110227854	0.0	0.0	0.14869130034358327	0.0	0.0	0.12726299434659427	0.0	0.0	0.0	0.0	0.0	0.0	0.0	0.0
LCC10461001	0.0	0.429098045698728	0.0002772744026896204	0.0	0.0	0.3123849535243198	0.0	0.0	0.2582397263742627	0.0	0.0	0.0	0.0	0.0	0.0	0.0	0.0
LCC10691001	0.0	0.25962321189163734	0.427442900632306	0.0	0.0	0.17739936736368664	0.0	0.0	0.13553452011237013	0.0	0.0	0.0	0.0	0.0	0.0	0.0	0.0
LCC10771001	0.0	0.6069493649630365	0.26096772142032737	0.0	0.0	0.08609286403706842	0.0	0.0	0.04599004957956776	0.0	0.0	0.0	0.0	0.0	0.0	0.0	0.0
LCC10361001	0.0	0.5895468418076237	0.0322631963057707	0.0	0.0	0.2508780005720265	0.0	0.0	0.127311961314579	0.0	0.0	0.0	0.0	0.0	0.0	0.0	0.0
LCC10331001	0.0	0.33742324655257083	0.0012430717296536724	0.0	0.0	0.5141919107735387	0.00028991992663904574	0.0	0.1468518510175979	0.0	0.0	0.0	0.0	0.0	0.0	0.0	0.0
LCC10711001	0.0	0.05819590755832427	0.4654036980511764	0.0	0.0	0.2066386533101032	0.0033561807185622035	0.0	0.2664055603618341	0.0	0.0	0.0	0.0	0.0	0.0	0.0	0.0
LCC10511001	0.0	0.38092012695163213	5.166192077212135e-05	0.0	0.0	0.2612527251914481	7.337198864523093e-05	0.0	0.35770211394750234	0.0	0.0	0.0	0.0	0.0	0.0	0.0	0.0
LCC10421001	0.0	0.12257254725565389	0.4681669646174436	0.0	0.0	0.1993447442514444	0.0	0.0	0.2099157438754581	0.0	0.0	0.0	0.0	0.0	0.0	0.0	0.0
LCC10311001	0.0	0.28609945125239217	0.3437532443273676	0.0	0.0	0.13770478597131447	0.0	0.0	0.2324425184489258	0.0	0.0	0.0	0.0	0.0	0.0	0.0	0.0
LCC10341001	0.0	0.2904539031156036	0.02891762355650027	0.0	0.0	0.5253190363594449	0.0004943338594198773	0.0	0.15481510310903132	0.0	0.0	0.0	0.0	0.0	0.0	0.0	0.0
LCC10801001	0.0	0.05887839555876661	0.7288983468158337	0.0	0.0	0.13685384056313296	0.0	0.0	0.0753694170622668	0.0	0.0	0.0	0.0	0.0	0.0	0.0	0.0
LCC10491001	0.0	0.10323100954089028	0.7394909611501385	0.0	0.0	0.09788777137926984	0.0	0.0	0.0593902579297014	0.0	0.0	0.0	0.0	0.0	0.0	0.0	0.0
LCC10531001	0.0	0.3701356349721975	0.29685007796147883	0.0	0.0	0.2212278300668363	0.0	0.0	0.11178645699948747	0.0	0.0	0.0	0.0	0.0	0.0	0.0	0.0
LCC10111001	0.0	0.4785306857814871	0.21435872252300628	0.0	0.0	0.14976863785703962	0.0	0.0	0.15734195383846705	0.0	0.0	0.0	0.0	0.0	0.0	0.0	0.0
LCC10451001	0.0	0.11529389839845373	0.3531174584720534	0.0	0.0	0.08370505509569084	0.00034549906398978925	0.0	0.4475380889698123	0.0	0.0	0.0	0.0	0.0	0.0	0.0	0.0
LCC10371001	0.0	0.4901175891174057	0.31735863605149034	0.0	0.0	0.10739106293890041	0.0	0.0	0.08513271189220349	0.0	0.0	0.0	0.0	0.0	0.0	0.0	0.0
LCC10731001	0.0	0.6627649869964681	0.003958130045776091	0.0	0.0	0.0796277131252252	0.0	0.0	0.25364916983253044	0.0	0.0	0.0	0.0	0.0	0.0	0.0	0.0
LCC10231001	0.0	0.5337455376307362	0.34180421444372344	0.0	0.0	0.10473529468914705	0.0	0.0	0.01971495323639334	0.0	0.0	0.0	0.0	0.0	0.0	0.0	0.0
LCC10271001	0.0	0.890970509042459	0.004436323186925818	0.0	0.0	0.08481064759532773	0.00013387764317851904	0.0	0.015381554955251184	0.0	0.0	0.0	0.0039662825588382255	0.0	0.0003008050180194478	0.0	0.0
LCC10211001	0.0	0.047169093436598336	0.2488898016354448	0.0	0.0	0.06523665015178433	0.03595688659737232	0.0	0.6027475681788002	0.0	0.0	0.0	0.0	0.0	0.0	0.0	0.0
LCC10631001	0.0	0.0730821267714602	0.30152743486673167	0.0	0.0	0.4633089003389283	0.07609672162943588	0.0	0.08598481639344403	0.0	0.0	0.0	0.0	0.0	0.0	0.0	0.0
LCC10071001	0.0	0.1291790072142779	0.5331467644722232	0.0	0.0	0.11119102064070102	0.0009892714794179564	0.0	0.22549393619337993	0.0	0.0	0.0	0.0	0.0	0.0	0.0	0.0
LCC10121001	0.0	0.016417366363768705	0.48045490036610033	0.0	0.0	0.09312999507936186	0.0	0.0	0.4099977381907692	0.0	0.0	0.0	0.0	0.0	0.0	0.0	0.0
LCC10021001	0.0	0.19392045379465603	0.22869754270642262	0.0	0.0	0.09524680450126755	2.6227895990173763e-05	0.0	0.38246078529123567	0.0	0.0	0.0	0.09964818581042797	0.0	0.0	0.0	0.0
LCC10181001	0.0	0.25116751084076094	0.5786181024066144	0.0	0.0	0.119502979175949	0.0025278675550756886	0.0	0.04729473726463969	0.0008888027569602429	0.0	0.0	0.0	0.0	0.0	0.0	0.0
LCC10661001	0.0	0.4207902080629921	0.0036008217535476615	0.0	0.0	0.1390477273359614	3.384967309954376e-05	0.0	0.4365273931743992	0.0	0.0	0.0	0.0	0.0	0.0	0.0	0.0
LCC10101001	0.0	0.17359918982489464	0.5486700577717911	0.0	0.0	0.06309407304725458	0.0	0.0	0.21463667935605948	0.0	0.0	0.0	0.0	0.0	0.0	0.0	0.0
LCC10751001	0.0	0.5283964454359129	0.3002745097411651	0.0	0.0	0.07662788497275705	0.0	0.0	0.09447921963459777	0.00022194021556706068	0.0	0.0	0.0	0.0	0.0	0.0	0.0
LCC10541001	0.0	0.09895663912725307	0.6816195919941648	0.0	0.0	0.13818880042507442	0.0	0.0	0.08123496845350768	0.0	0.0	0.0	0.0	0.0	0.0	0.0	0.0
LCC10701001	0.0	0.8078106015551059	0.0023375187949958836	0.0	5.210741944516915e-06	0.1131654906589935	0.0009058674457393911	0.0	0.07577531080322084	0.0	0.0	0.0	0.0	0.0	0.0	0.0	0.0
LCC10551001	0.0	0.477951002628831	0.21784120449716665	0.0	0.0	0.16476693095245684	4.7090121073710775e-05	0.0	0.13939377180047174	0.0	0.0	0.0	0.0	0.0	0.0	0.0	0.0
LCC10441001	0.0	0.34102107104489293	0.5049800703108783	0.0	0.0	0.09359747852851977	4.804022888767021e-05	0.0	0.015179311155161327	0.044909707388967504	0.0	0.0	0.0002643213426923697	0.0	0.0	0.0	0.0
LCC10381001	0.0	0.2593146265093278	0.16537612774921845	0.0	0.0	0.36380153431037093	0.0	0.0	0.21150771143108274	0.0	0.0	0.0	0.0	0.0	0.0	0.0	0.0
LCC10041001	0.0	0.2549856363351335	0.00022400085395271333	0.0	0.0	0.417899297117898	0.0	0.0	0.3268910656930158	0.0	0.0	0.0	0.0	0.0	0.0	0.0	0.0
LCC10011001	0.0	0.00012010801700962115	0.009147959943274529	0.0	0.0	0.019744835630975635	0.0	0.0	0.9709870964087401	0.0	0.0	0.0	0.0	0.0	0.0	0.0	0.0
LCC10501001	0.0	0.05429650865945597	0.2442152441460283	0.0	0.0	0.38271740500447554	0.010547616860463873	0.0	0.30822322532957624	0.0	0.0	0.0	0.0	0.0	0.0	0.0	0.0
LCC10391001	0.0	0.4759803689773098	0.22845348191379633	0.0	0.0	0.24973471590959184	0.0	0.0	0.04583143319930209	0.0	0.0	0.0	0.0	0.0	0.0	0.0	0.0
LCC10431001	0.0	0.5104849322437257	0.13730421362457845	0.0	0.0	0.13049236466155484	0.0	0.0	0.22171848947014103	0.0	0.0	0.0	0.0	0.0	0.0	0.0	0.0
LCC10651001	0.0	0.29262776239980076	0.5292442298185177	0.0	0.0	0.06060842282073537	0.0	0.0	0.11751958496094633	0.0	0.0	0.0	0.0	0.0	0.0	0.0	0.0
LCC10641001	0.0	0.3236616969109966	0.4102759221806841	0.0	0.0	0.14302377607699737	0.0	0.0	0.12303860483132191	0.0	0.0	0.0	0.0	0.0	0.0	0.0	0.0
LCC10681001	0.0	0.4504105681724233	0.38045611162339665	0.0	0.0	0.09642159031328446	0.0	0.0	0.07271172989089553	0.0	0.0	0.0	0.0	0.0	0.0	0.0	0.0
LCC10791001	0.0	0.1295756193909991	0.3824885950044063	0.0	0.0	0.23794896897999296	0.0	0.0	0.24998681662460162	0.0	0.0	0.0	0.0	0.0	0.0	0.0	0.0
LCC10091001	0.0	0.2828087597712703	0.48657481124163415	0.0	0.0	0.13995167485690196	0.0	0.0	0.09066475413019356	0.0	0.0	0.0	0.0	0.0	0.0	0.0	0.0
LCC10261001	0.0	0.28955333620258	0.09278762281651635	0.0	0.0	0.32991043568094874	0.0	0.0	0.28768828078653425	0.0	0.0	0.0	0.0	0.0	6.032451342057916e-05	0.0	0.0
LCC10081001	0.0	0.6343983647751517	0.18217725855962927	0.0	0.0	0.10125628833596537	0.0	0.0	0.0821680883292538	0.0	0.0	0.0	0.0	0.0	0.0	0.0	0.0
LCC10321001	0.0	0.13085657394484815	0.7264972047098834	0.0	0.0	0.0853446789226302	0.0	0.0	0.05671902321253828	0.0	0.0	0.0	0.0005825192100999397	0.0	0.0	0.0	0.0
LCC10481001	0.0	0.09695870732529473	0.8240554110932446	0.0	0.0	0.044552857046947565	0.0	0.0	0.03443302453451302	0.0	0.0	0.0	0.0	0.0	0.0	0.0	0.0
LCC10251001	0.0	0.5755053500205168	0.06787333322998493	0.0	0.0	0.040941790903588904	0.004147962449091677	0.0	0.31153156339681776	0.0	0.0	0.0	0.0	0.0	0.0	0.0	0.0
LCC10151001	0.0	0.3697898017251406	7.570422481468386e-05	0.0	0.0	0.5240986185912279	0.0	0.0	0.10603587545881694	0.0	0.0	0.0	0.0	0.0	0.0	0.0	0.0
LCC10171001	0.0	0.11653031606874077	0.5330343955206208	0.0	0.0	0.3150812459898117	2.1427911776556962e-05	0.0	0.035332614509050335	0.0	0.0	0.0	0.0	0.0	0.0	0.0	0.0
LCC10721001	0.0	0.5348531024728675	0.12419147472395424	0.0	0.0	0.16508256208629457	0.00524157439200414	0.0	0.1706312863248794	0.0	0.0	0.0	0.0	0.0	0.0	0.0	0.0
LCC10601001	0.0	0.39251953421273017	0.034945806626850165	0.0	0.0	0.056566560475715094	0.0001004241841138186	0.0	0.5154155143603065	0.0	0.0	0.0	0.0004521601402842406	0.0	0.0	0.0	0.0
LCC10061001	0.0	0.44917664925258166	0.3976847136880311	0.0	0.0	0.029630122432156094	0.0011454879778785756	0.0	0.12236302664935261	0.0	0.0	0.0	0.0	0.0	0.0	0.0	0.0
LCC10571001	0.0	0.001959440876659244	0.843694659592669	0.0	0.0	0.03183740077259478	0.011807423922535764	0.0	0.11070107483554123	0.0	0.0	0.0	0.0	0.0	0.0	0.0	0.0
LCC10221001	0.0	0.23881767755087163	0.5538242421037314	0.0	0.0	0.08047755301761945	8.452730894501341e-05	0.0	0.12673950249109206	0.0	0.0	0.0	5.649752774044955e-05	0.0	0.0	0.0	0.0
LCC10351001	0.0	0.3042573928627853	0.3403662029637988	0.0	0.0	0.08103495526446151	0.0	0.0	0.2743414489089544	0.0	0.0	0.0	0.0	0.0	0.0	0.0	0.0
LCC10051001	0.0	0.3797463185987103	0.29702206410971277	0.0	0.0	0.2351014279723874	0.0	0.0	0.08813018931918937	0.0	0.0	0.0	0.0	0.0	0.0	0.0	0.0
LCC10031001	0.0	0.5174622880506555	0.38477732061272624	0.0	0.0	0.048636714646076315	0.00012241771549997837	0.0	0.049001258975041775	0.0	0.0	0.0	0.0	0.0	0.0	0.0	0.0
LCC10141001	0.0	0.05152311239746838	0.8239102325451059	0.0	0.0	0.10937346127517504	2.381895989207281e-05	0.0	0.013757651090267855	0.0	0.0	0.0	0.0014117237320907434	0.0	0.0	0.0	0.0
LCC10761001	0.0	0.08052572032276444	0.6209328566756291	0.0	0.0	0.1659312937673389	0.004888097475609028	0.0	0.1277220317586584	0.0	0.0	0.0	0.0	0.0	0.0	0.0	0.0
LCC10291001	0.0	0.11042114208386353	0.06257679572809993	0.0	0.0	0.6614882900580602	0.0	0.0	0.16443260456524383	0.0	0.0	0.0	0.0	0.0	0.001081167564732462	0.0	0.0
LCC10781001	0.0	0.1081946995337953	0.39619466660629965	0.0	0.0	0.011626960659313231	0.0	0.0	0.4839836732005919	0.0	0.0	0.0	0.0	0.0	0.0	0.0	0.0
LCC10521001	0.0	0.10155952643181738	0.5932647274521669	0.0	0.0	0.14291055747422815	0.005895751102716208	0.0	0.08974477433677183	0.0	0.0	0.0	0.0666246632022995	0.0	0.0	0.0	0.0
LCC10411001	0.0	0.1059680704237496	0.005604361388448121	0.0	0.0	0.7756902049844983	0.0	0.0	0.1121455165003488	0.0	0.0	0.0	0.0	0.0	0.0005918467029553534	0.0	0.0
LCC10671001	0.0	0.5636903596567583	0.1635442801593923	0.0	0.0	0.044782753181872484	0.0	0.0	0.22798260700197684	0.0	0.0	0.0	0.0	0.0	0.0	0.0	0.0
LCC10581001	0.0	0.13905009287490536	0.7056017926183185	0.0	0.0	0.020936065482975105	0.0	0.0	0.1344120490238012	0.0	0.0	0.0	0.0	0.0	0.0	0.0	0.0
LCC10621001	0.0	0.03952034518365008	0.6021092948943997	0.0	0.0	0.22606382497771174	2.6121050170700418e-05	0.0	0.13228041389406792	0.0	0.0	0.0	0.0	0.0	0.0	0.0	0.0
LCC10241001	0.0	0.1869536448049072	0.5386836496576282	0.0	0.0	0.15360371985025514	0.0	0.0	0.12075898568720939	0.0	0.0	0.0	0.0	0.0	0.0	0.0	0.0
LCC10591001	0.0	0.9456670259758289	0.0005748212084686914	0.0	0.0	0.004764335323789905	0.0	0.0	0.04899381749191254	0.0	0.0	0.0	0.0	0.0	0.0	0.0	0.0
LCC10301001	0.0	0.06099494912633677	0.6708164576316078	0.0	0.0	0.11137921787441522	0.000906113792178743	0.0	0.15590326157546153	0.0	0.0	0.0	0.0	0.0	0.0	0.0	0.0
LCC10611001	0.0	0.18870070550923176	0.4781211889313458	0.0	0.0	0.13074824723361692	0.0	0.0	0.20242985832580543	0.0	0.0	0.0	0.0	0.0	0.0	0.0	0.0
LCC30721001	0.0	0.059785340130265534	0.34493771730056977	0.0	0.0	0.29868054148532963	0.01505925703803959	0.0	0.2815371440457956	0.0	0.0	0.0	0.0	0.0	0.0	0.0	0.0
LCC20731001	0.0	0.14447091741419035	0.5096762541002839	0.0	0.0	0.13256820425831153	0.0	0.0	0.21328462422721423	0.0	0.0	0.0	0.0	0.0	0.0	0.0	0.0
LCC20751001	0.0	0.10318587069589205	0.802577474822788	0.0	0.0	0.025025728996616894	0.0	0.0	0.06921092548470313	0.0	0.0	0.0	0.0	0.0	0.0	0.0	0.0
LCC20741001	0.0	0.08960878575387358	0.3874251990007791	0.0	0.0	0.27991216655823026	0.002289914616416459	0.0	0.24076393407070049	0.0	0.0	0.0	0.0	0.0	0.0	0.0	0.0
LCC20691001	0.0	0.17903615192238614	0.45354981562880686	0.0	0.0	0.3275277120077605	0.0	0.0	0.03981007539106519	0.0	0.0	0.0	7.62450499812436e-05	0.0	0.0	0.0	0.0
LCC20721001	0.0	0.3918910582244172	0.3015945517055259	0.0	0.0	0.2057501402122787	0.0	0.0	0.10076424985777824	0.0	0.0	0.0	0.0	0.0	0.0	0.0	0.0
LCC20671001	0.0	0.08341144563127241	0.020328971029645135	0.0	0.0	0.311189323563782	0.035134268720337765	0.0	0.5468790112599545	0.0	0.0	0.0	0.0	0.003056979795008215	0.0	0.0	0.0
LCC20711001	0.0	0.03186250084546704	0.8832510078567402	0.0	0.0	0.06590000316174656	0.0023317880797352453	0.0	0.016654700056311107	0.0	0.0	0.0	0.0	0.0	0.0	0.0	0.0
LCC20661001	0.0	0.10234723346472047	0.7214986657122886	0.0	0.0	0.10837224505416818	0.0007902442070776087	0.0	0.0661238041251228	0.0	0.0008678074366223334	0.0	0.0	0.0	0.0	0.0	0.0
LCC20701001	0.0	0.21441215433574218	0.616267873971608	0.0	0.0	0.12077809362795223	0.003235998361322074	0.0	0.04530587970337567	0.0	0.0	0.0	0.0	0.0	0.0	0.0	0.0
LCC20681001	0.0	0.33796008739119293	0.4107164093115493	0.0	0.0	0.11097188954126051	0.0003484277861567395	0.0	0.13978482851607732	0.0	0.0	0.0	0.00021835745376325982	0.0	0.0	0.0	0.0
LCC20651001	0.0	0.13689964810989602	0.6244335650915976	0.0	0.0	0.2071016078261118	0.0	0.0	0.03156517897239453	0.0	0.0	0.0	0.0	0.0	0.0	0.0	0.0
LCC20601001	0.0	0.2836281793224874	0.11024241468536983	0.0	0.0	0.3208987367094497	0.0	0.0	0.2851532897227564	0.0	0.0	0.0	0.0	0.0	0.0	0.0	7.737955993673884e-05
LCC20641001	0.0	0.5885339738742131	0.0012218369339731514	0.0	0.0	0.17990685407973403	6.907558250235734e-06	0.0	0.2303304275538294	0.0	0.0	0.0	0.0	0.0	0.0	0.0	0.0
LCC20631001	0.0	0.2063920524664688	0.4946520202065765	0.0	0.0	0.09570106981895803	0.000916425835849593	0.0	0.1997582281933781	0.0	0.0	0.0	0.002580203478769097	0.0	0.0	0.0	0.0
LCC20621001	0.0	0.4238785714423802	0.19102077753438185	0.0	0.0	0.2575041460340065	0.0008083990473406406	0.0	0.12635872343971608	0.0	0.0	0.0	0.00042938250217463826	0.0	0.0	0.0	0.0
LCC20521001	0.0	0.21915982231746153	0.05950475439997467	0.0	0.0	0.09964273527382338	0.0	0.0	0.6216926880087403	0.0	0.0	0.0	0.0	0.0	0.0	0.0	0.0
LCC20611001	0.0	0.5074340264497976	0.0	0.0	0.0	0.13796305756454147	0.0	0.0	0.3546029159856609	0.0	0.0	0.0	0.0	0.0	0.0	0.0	0.0
LCC20591001	0.0	0.021742504898545564	0.3008205629331153	0.0	0.0	0.3885668097273202	0.00010143935304011418	0.0	0.2887686830879788	0.0	0.0	0.0	0.0	0.0	0.0	0.0	0.0
LCC20571001	0.0	0.23867661504462592	0.1722512846860198	0.0	0.0	0.42477103883869005	0.0	0.0	0.16430106143066417	0.0	0.0	0.0	0.0	0.0	0.0	0.0	0.0
LCC20581001	0.0	0.4335343240457713	0.04918263020618532	0.0	0.0	0.10611803102509668	5.3654470017961114e-05	0.0	0.4111113602529288	0.0	0.0	0.0	0.0	0.0	0.0	0.0	0.0
LCC20561001	0.0	0.17615814021028023	0.16774447488497074	0.0	0.0	0.5586173029462497	0.0	0.0	0.0974800819584994	0.0	0.0	0.0	0.0	0.0	0.0	0.0	0.0
LCC20541001	0.0	0.3110756491384126	0.40118874321649284	0.0	0.0	0.1811868525951588	0.0	0.0	0.10261839012589893	0.0	0.0	0.0	0.003930364924036963	0.0	0.0	0.0	0.0
LCC20551001	0.0	0.20657720000000002	0.12688660000000002	0.0	0.0	0.45276350000000004	8.659999999999842e-05	0.0	0.21368610000000002	0.0	0.0	0.0	0.0	0.0	0.0	0.0	0.0
LCC20531001	0.0	0.43499776137495816	0.0284234593747069	0.0	0.0	0.13471178366210743	0.0	0.0	0.40181532139753906	0.0	0.0	0.0	5.1674190688380756e-05	0.0	0.0	0.0	0.0
LCC20501001	0.0	0.2660258432631825	0.1878143509861815	0.0	0.0	0.3147007884169987	0.0	0.0	0.2314590173336373	0.0	0.0	0.0	0.0	0.0	0.0	0.0	0.0
LCC20481001	0.0	0.5899083339175755	0.14120897741423744	0.0	0.0	0.1283664650512389	0.0	0.0	0.14051622361694824	0.0	0.0	0.0	0.0	0.0	0.0	0.0	0.0
LCC20471001	0.0	0.4981441065609397	0.12201062021796974	0.0	0.0	0.36177848405472474	0.0	0.0	0.018066789166365758	0.0	0.0	0.0	0.0	0.0	0.0	0.0	0.0
LCC20461001	0.0	0.5641804007551505	0.19902083053543865	0.0	0.0	0.09608068940913789	0.0	0.0	0.14071807930027289	0.0	0.0	0.0	0.0	0.0	0.0	0.0	0.0
LCC20441001	0.0	0.0436079	0.7803588000000001	0.0	0.0	0.125636	0.0046749	0.0	0.045722399999999996	0.0	0.0	0.0	0.0	0.0	0.0	0.0	0.0
LCC20371001	0.0	0.24238030583528564	0.5347525538314019	0.0	0.0	0.20417990334621913	0.00035666010624260783	0.0003104282540072633	0.01798026232295416	0.0	0.0	0.0	0.0	0.0	3.988630388931624e-05	0.0	0.0
LCC20511001	0.0	0.2223045895104206	0.3484721558423388	0.0	0.0	0.33647787743473584	0.0037718694921330077	0.0	0.08897350772037153	0.0	0.0	0.0	0.0	0.0	0.0	0.0	0.0
LCC20491001	0.0	0.4651758191138918	0.03797936969780005	0.0	0.0	0.24891683891254376	0.00011275928953160213	0.0	0.24781521298623274	0.0	0.0	0.0	0.0	0.0	0.0	0.0	0.0
LCC20431001	0.0	0.3901584093677876	0.08412559190795399	0.0	0.0	0.3916370074494419	0.0	0.0	0.13403985432448445	0.0	0.0	0.0	3.9136950332033715e-05	0.0	0.0	0.0	0.0
LCC20421001	0.0	0.6048225592004963	0.032678081751535935	0.0	0.0	0.11670382382954937	0.0	0.0	0.24579553521841846	0.0	0.0	0.0	0.0	0.0	0.0	0.0	0.0
LCC20451001	0.0	0.1720902635284137	0.019264328223578805	0.0	0.0	0.285408861280258	0.0	0.0	0.5232365469677496	0.0	0.0	0.0	0.0	0.0	0.0	0.0	0.0
LCC20401001	0.0	0.2448644177461655	0.3679433501419399	0.0	0.0	0.25729147745099656	0.0	0.0	0.1297698486925166	0.0	0.0	0.0	0.0	0.0	0.00013090596838140353	0.0	0.0
LCC20381001	0.0	0.24977660185935516	0.5024191927200716	0.0	0.0	0.1877376791815408	0.0	0.0	0.06006652623903247	0.0	0.0	0.0	0.0	0.0	0.0	0.0	0.0
LCC20361001	0.0	0.26911294962396864	0.49134429395401014	0.0	0.0	0.18226886497722367	0.0	0.0	0.056408179068036225	0.0	0.0	0.0	0.000865712376761325	0.0	0.0	0.0	0.0
LCC20411001	0.0	0.0792238731227785	0.44280856307139677	0.0	0.0	0.4506982710601709	0.00025794691192488814	0.0	0.027011345833728974	0.0	0.0	0.0	0.0	0.0	0.0	0.0	0.0
LCC20391001	0.0	0.08464795434238553	0.3074654581511358	0.0	0.0	0.41695714167463566	4.02081757786562e-05	0.0	0.19088923765606441	0.0	0.0	0.0	0.0	0.0	0.0	0.0	0.0
LCC20351001	0.0	0.2148589871362475	0.451138861204797	0.0	0.0	0.22897407388962457	0.0	0.0	0.10502807776933087	0.0	0.0	0.0	0.0	0.0	0.0	0.0	0.0
LCC20341001	0.0	0.18122488791564098	0.36062612161847807	0.0	0.0	0.3899887328758666	0.0015471335600850103	0.0	0.06661312402992926	0.0	0.0	0.0	0.0	0.0	0.0	0.0	0.0
LCC20331001	0.0	0.11991728634998403	0.06536644092758169	0.0	0.0	0.48890083467220347	0.0	0.0	0.3258154380502309	0.0	0.0	0.0	0.0	0.0	0.0	0.0	0.0
LCC20301001	0.0	0.3527426361454673	0.02844154067716399	0.0	0.0	0.464594097540919	0.0	0.0	0.15422172563644967	0.0	0.0	0.0	0.0	0.0	0.0	0.0	0.0
LCC20321001	0.0	0.19194676782127393	0.593131260803973	0.0	0.0	0.08873046534152933	0.0	0.0	0.1261915060332236	0.0	0.0	0.0	0.0	0.0	0.0	0.0	0.0
LCC20271001	0.0	0.12055175821564469	0.56172268796623	0.0	0.0	0.05681232861153709	0.0	0.0	0.26091322520658816	0.0	0.0	0.0	0.0	0.0	0.0	0.0	0.0
LCC20291001	0.0	0.3676714049345502	0.18937719091323027	0.0	0.0	0.11165228935450813	0.0019150403293802581	0.0	0.32938407446833123	0.0	0.0	0.0	0.0	0.0	0.0	0.0	0.0
LCC20231001	0.0	0.3065905710560372	0.06435706062589003	0.0	0.0	0.09773117710385007	0.0	0.0	0.5311636876297984	0.0	0.0	0.0	0.0	0.0	0.0001575035844243556	0.0	0.0
LCC20281001	0.0	0.2701895378040131	0.0028902494376616284	0.0	0.0	0.6133137525271148	0.0	0.0	0.11360646023121039	0.0	0.0	0.0	0.0	0.0	0.0	0.0	0.0
LCC20251001	0.0	0.16372805869662116	0.7080732955715415	0.0	0.0	0.07344448123572844	0.0	0.0	0.0547541644961087	0.0	0.0	0.0	0.0	0.0	0.0	0.0	0.0
LCC20241001	0.0	0.1399573717205016	0.43369648725135806	0.0	0.0	0.20865114521529382	0.0	0.00011807221549281807	0.2174857133120409	0.0	0.0	0.0	9.121028531278695e-05	0.0	0.0	0.0	0.0
LCC20201001	0.0	0.4225969542271612	0.3129476712465553	0.0	0.0	0.18718344904703413	0.01951656282933281	0.0	0.037163923579430935	0.020591439070485686	0.0	0.0	0.0	0.0	0.0	0.0	0.0
LCC20191001	0.0	0.09674611575417862	0.06627768354776113	0.0	0.0	0.7328563932533589	0.00023418289291451104	0.0	0.10388562455178682	0.0	0.0	0.0	0.0	0.0	0.0	0.0	0.0
LCC20261001	0.0	0.349659993285424	0.039327401624206906	0.0	0.0	0.33182243699080927	0.0	0.0	0.2791901680995599	0.0	0.0	0.0	0.0	0.0	0.0	0.0	0.0
LCC20171001	0.0	0.8625661312949882	0.002148848249744895	0.0	0.0	0.059309671997578695	5.07105782266169e-05	0.0	0.07585012233551917	7.451554394246522e-05	0.0	0.0	0.0	0.0	0.0	0.0	0.0
LCC20221001	0.0	0.15123668620189154	0.21692971950721426	0.0	0.0	0.37054840787817145	0.0	0.0	0.2612851864127228	0.0	0.0	0.0	0.0	0.0	0.0	0.0	0.0
LCC20211001	0.0	0.32024074825179516	0.20749480694816674	0.0	0.0	0.1978901753974084	0.0	0.0	0.2743742694026296	0.0	0.0	0.0	0.0	0.0	0.0	0.0	0.0
LCC20121001	0.0	0.1978893344340291	0.6515309987052679	0.0	0.0	0.1123814663541801	0.0	0.0	0.0381982005065229	0.0	0.0	0.0	0.0	0.0	0.0	0.0	0.0
LCC20181001	0.0	0.29272493783073644	0.005740667992971025	0.0	0.0	0.36270724508295815	0.0	0.0	0.33882714909333445	0.0	0.0	0.0	0.0	0.0	0.0	0.0	0.0
LCC20161001	0.0	0.17570010000000003	0.7564745999999998	0.0	0.0	0.0286726	0.007125599999999998	0.0	0.032027099999999996	0.0	0.0	0.0	0.0	0.0	0.0	0.0	0.0
LCC20111001	0.0	0.18849429241346216	0.33157113898278157	0.0	0.0	0.17790101420065021	0.0	0.0	0.30203355440310614	0.0	0.0	0.0	0.0	0.0	0.0	0.0	0.0
LCC20151001	0.0	0.26045236902542074	0.519574659092172	0.0	0.0	0.14114626893527696	0.0	0.0	0.07882670294713016	0.0	0.0	0.0	0.0	0.0	0.0	0.0	0.0
LCC20141001	0.002058745764657506	0.014415924981863653	0.593672880018258	0.0	0.0	0.34228080635672775	0.0	9.325620668669947e-05	0.02061641725336007	0.02686196941844614	0.0	0.0	0.0	0.0	0.0	0.0	0.0
LCC20131001	0.0	0.07575445861888595	0.7126998798929866	0.0	0.0	0.1357439346791094	7.600391805401203e-06	0.0	0.07579412641721278	0.0	0.0	0.0	0.0	0.0	0.0	0.0	0.0
LCC20101001	0.0	0.24739282287005732	0.19853468438547883	0.0	0.0	0.3940270466998363	0.0	0.0	0.16004544604462767	0.0	0.0	0.0	0.0	0.0	0.0	0.0	0.0
LCC20081001	0.0	0.32670297940955767	0.11411315879580274	0.0	0.0	0.31841837606111156	0.0	0.0	0.14131958694457328	0.0	0.0	0.0	0.09944589878895464	0.0	0.0	0.0	0.0
LCC20061001	0.0	0.30573684019208686	0.06834429398711869	0.0	0.0	0.09805894173764132	0.0	0.0	0.5278599240831531	0.0	0.0	0.0	0.0	0.0	0.0	0.0	0.0
LCC20071001	0.000157973927191638	0.4116952024462155	0.16528153519742567	0.0	0.0	0.39236601559356205	0.002513774285657461	0.0	0.027985498549947738	0.0	0.0	0.0	0.0	0.0	0.0	0.0	0.0
LCC20051001	0.0	0.4717892012415987	1.4959520472571229e-05	0.0	0.0	0.270872452739083	0.0	0.0	0.2573233864988458	0.0	0.0	0.0	0.0	0.0	0.0	0.0	0.0
LCC20041001	0.0	0.1866580623449487	0.3444134319420614	0.0	0.0	0.28269100867883784	0.0038773922489278557	0.0	0.1823601047852242	0.0	0.0	0.0	0.0	0.0	0.0	0.0	0.0
LCC20021001	0.0	0.23342876303166754	0.4044416492066901	0.0	0.0	0.21561905927703826	0.0	0.0	0.1465105284846042	0.0	0.0	0.0	0.0	0.0	0.0	0.0	0.0
LCC20031001	0.0	0.19998230111416643	0.16489879259064202	0.0	0.0	0.31861318437490554	0.0	0.0	0.3165057219202859	0.0	0.0	0.0	0.0	0.0	0.0	0.0	0.0
LCC20011001	0.0	0.14145734854557304	0.5295342687412448	0.0	0.0	0.24827513877547963	0.0	0.0	0.08073324393770269	0.0	0.0	0.0	0.0	0.0	0.0	0.0	0.0
